,iyear,country_txt,count
0,1990,Afghanistan,2
1,1990,Albania,1
2,1990,Algeria,2
3,1990,Angola,205
4,1990,Argentina,31
5,1990,Austria,1
6,1990,Bangladesh,22
7,1990,Belgium,2
8,1990,Bolivia,11
9,1990,Botswana,1
10,1990,Brazil,7
11,1990,Bulgaria,5
12,1990,Cambodia,2
13,1990,Chile,161
14,1990,China,1
15,1990,Colombia,349
16,1990,Costa Rica,1
17,1990,Cyprus,11
18,1990,Czechoslovakia,1
19,1990,Djibouti,1
20,1990,Dominican Republic,2
21,1990,East Germany (GDR),3
22,1990,Ecuador,8
23,1990,Egypt,13
24,1990,El Salvador,184
25,1990,Ethiopia,10
26,1990,France,30
27,1990,Germany,1
28,1990,Greece,55
29,1990,Guatemala,83
30,1990,Guyana,5
31,1990,Haiti,3
32,1990,Honduras,13
33,1990,Hong Kong,1
34,1990,India,349
35,1990,Indonesia,3
36,1990,Iran,11
37,1990,Ireland,2
38,1990,Israel,98
39,1990,Italy,6
40,1990,Japan,93
41,1990,Jordan,3
42,1990,Laos,1
43,1990,Lebanon,84
44,1990,Liberia,4
45,1990,Malaysia,3
46,1990,Mali,1
47,1990,Mexico,5
48,1990,Mozambique,23
49,1990,Myanmar,9
50,1990,Namibia,2
51,1990,Netherlands,6
52,1990,Nicaragua,15
53,1990,Pakistan,87
54,1990,Panama,15
55,1990,Papua New Guinea,18
56,1990,Peru,495
57,1990,Philippines,320
58,1990,Poland,7
59,1990,Republic of the Congo,1
60,1990,Senegal,11
61,1990,Somalia,12
62,1990,South Africa,154
63,1990,South Korea,3
64,1990,Soviet Union,36
65,1990,Spain,113
66,1990,Sri Lanka,141
67,1990,Sudan,1
68,1990,Suriname,7
69,1990,Sweden,6
70,1990,Switzerland,1
71,1990,Taiwan,1
72,1990,Thailand,10
73,1990,Turkey,195
74,1990,Uganda,14
75,1990,United Kingdom,147
76,1990,United States,32
77,1990,Uruguay,1
78,1990,Venezuela,1
79,1990,West Bank and Gaza Strip,88
80,1990,West Germany (FRG),9
81,1990,Yugoslavia,5
82,1990,Zambia,4
83,1990,Zimbabwe,6
84,1991,Afghanistan,30
85,1991,Albania,1
86,1991,Algeria,30
87,1991,Angola,16
88,1991,Argentina,27
89,1991,Armenia,1
90,1991,Australia,4
91,1991,Austria,3
92,1991,Azerbaijan,3
93,1991,Bahrain,1
94,1991,Bangladesh,42
95,1991,Belgium,6
96,1991,Belize,3
97,1991,Bolivia,28
98,1991,Brazil,24
99,1991,Bulgaria,3
100,1991,Burkina Faso,2
101,1991,Burundi,7
102,1991,Cambodia,3
103,1991,Cameroon,4
104,1991,Central African Republic,4
105,1991,Chad,2
106,1991,Chile,127
107,1991,China,1
108,1991,Colombia,420
109,1991,Costa Rica,2
110,1991,Croatia,26
111,1991,Cuba,1
112,1991,Cyprus,11
113,1991,Czechoslovakia,1
114,1991,Denmark,1
115,1991,Djibouti,1
116,1991,Dominican Republic,8
117,1991,Ecuador,17
118,1991,Egypt,10
119,1991,El Salvador,500
120,1991,Ethiopia,5
121,1991,Fiji,3
122,1991,France,137
123,1991,Georgia,3
124,1991,Germany,65
125,1991,Greece,57
126,1991,Guadeloupe,1
127,1991,Guatemala,77
128,1991,Haiti,17
129,1991,Honduras,21
130,1991,Hong Kong,1
131,1991,Hungary,3
132,1991,India,339
133,1991,Indonesia,7
134,1991,Iran,9
135,1991,Iraq,3
136,1991,Ireland,16
137,1991,Israel,64
138,1991,Italy,31
139,1991,Jamaica,1
140,1991,Japan,19
141,1991,Jordan,11
142,1991,Kenya,5
143,1991,Kuwait,5
144,1991,Lebanon,91
145,1991,Liberia,1
146,1991,Lithuania,1
147,1991,Madagascar,1
148,1991,Malaysia,3
149,1991,Mali,12
150,1991,Martinique,1
151,1991,Mexico,10
152,1991,Moldova,1
153,1991,Morocco,3
154,1991,Mozambique,35
155,1991,Myanmar,22
156,1991,Namibia,1
157,1991,Nepal,1
158,1991,Netherlands,8
159,1991,New Zealand,1
160,1991,Nicaragua,80
161,1991,Niger,6
162,1991,Nigeria,3
163,1991,Norway,2
164,1991,Pakistan,150
165,1991,Panama,16
166,1991,Papua New Guinea,2
167,1991,Peru,658
168,1991,Philippines,162
169,1991,Romania,1
170,1991,Rwanda,3
171,1991,Saudi Arabia,2
172,1991,Senegal,4
173,1991,Sierra Leone,9
174,1991,Singapore,1
175,1991,Somalia,8
176,1991,South Africa,127
177,1991,South Korea,6
178,1991,Soviet Union,34
179,1991,Spain,89
180,1991,Sri Lanka,115
181,1991,Sudan,3
182,1991,Suriname,1
183,1991,Swaziland,1
184,1991,Sweden,6
185,1991,Switzerland,2
186,1991,Taiwan,2
187,1991,Thailand,8
188,1991,Togo,2
189,1991,Trinidad and Tobago,1
190,1991,Tunisia,2
191,1991,Turkey,293
192,1991,Uganda,2
193,1991,Ukraine,2
194,1991,United Kingdom,262
195,1991,United States,30
196,1991,Uruguay,3
197,1991,Venezuela,17
198,1991,West Bank and Gaza Strip,83
199,1991,Yemen,5
200,1991,Yugoslavia,11
201,1991,Zaire,6
202,1991,Zimbabwe,1
203,1992,Afghanistan,36
204,1992,Albania,3
205,1992,Algeria,215
206,1992,Angola,50
207,1992,Antigua and Barbuda,1
208,1992,Argentina,41
209,1992,Armenia,2
210,1992,Australia,4
211,1992,Austria,8
212,1992,Azerbaijan,12
213,1992,Bangladesh,76
214,1992,Barbados,1
215,1992,Belgium,9
216,1992,Belize,2
217,1992,Benin,1
218,1992,Bolivia,38
219,1992,Bosnia-Herzegovina,22
220,1992,Brazil,24
221,1992,Brunei,1
222,1992,Bulgaria,2
223,1992,Burundi,2
224,1992,Cambodia,67
225,1992,Cameroon,6
226,1992,Canada,3
227,1992,Central African Republic,1
228,1992,Chad,4
229,1992,Chile,116
230,1992,China,5
231,1992,Colombia,523
232,1992,Comoros,1
233,1992,Costa Rica,2
234,1992,Croatia,4
235,1992,Cuba,4
236,1992,Cyprus,6
237,1992,Czechoslovakia,3
238,1992,Denmark,4
239,1992,Djibouti,6
240,1992,Dominican Republic,11
241,1992,Ecuador,23
242,1992,Egypt,79
243,1992,El Salvador,29
244,1992,Equatorial Guinea,1
245,1992,Estonia,2
246,1992,Ethiopia,13
247,1992,Fiji,1
248,1992,Finland,1
249,1992,France,126
250,1992,Georgia,39
251,1992,Germany,156
252,1992,Ghana,8
253,1992,Greece,35
254,1992,Guatemala,48
255,1992,Guinea,2
256,1992,Guyana,4
257,1992,Haiti,27
258,1992,Honduras,12
259,1992,Hong Kong,6
260,1992,Hungary,1
261,1992,India,237
262,1992,Indonesia,4
263,1992,Iran,16
264,1992,Iraq,35
265,1992,Ireland,7
266,1992,Israel,78
267,1992,Italy,37
268,1992,Ivory Coast,3
269,1992,Jamaica,6
270,1992,Japan,40
271,1992,Jordan,2
272,1992,Kazakhstan,5
273,1992,Kenya,30
274,1992,Kuwait,15
275,1992,Laos,4
276,1992,Latvia,2
277,1992,Lebanon,91
278,1992,Liberia,10
279,1992,Libya,1
280,1992,Lithuania,1
281,1992,Madagascar,7
282,1992,Malawi,3
283,1992,Malaysia,2
284,1992,Mali,3
285,1992,Malta,1
286,1992,Martinique,1
287,1992,Mexico,6
288,1992,Moldova,11
289,1992,Morocco,1
290,1992,Mozambique,19
291,1992,Myanmar,12
292,1992,Nepal,8
293,1992,Netherlands,12
294,1992,New Caledonia,2
295,1992,Nicaragua,30
296,1992,Niger,16
297,1992,Nigeria,11
298,1992,Norway,2
299,1992,Pakistan,85
300,1992,Panama,37
301,1992,Papua New Guinea,10
302,1992,Paraguay,4
303,1992,Peru,383
304,1992,Philippines,162
305,1992,Poland,5
306,1992,Portugal,1
307,1992,Romania,1
308,1992,Russia,21
309,1992,Rwanda,18
310,1992,Senegal,15
311,1992,Sierra Leone,4
312,1992,Singapore,1
313,1992,Somalia,21
314,1992,South Africa,271
315,1992,South Korea,3
316,1992,Spain,72
317,1992,Sri Lanka,103
318,1992,Sudan,7
319,1992,Suriname,5
320,1992,Swaziland,1
321,1992,Sweden,12
322,1992,Switzerland,6
323,1992,Taiwan,20
324,1992,Tajikistan,17
325,1992,Thailand,25
326,1992,Togo,27
327,1992,Trinidad and Tobago,1
328,1992,Turkey,514
329,1992,Uganda,3
330,1992,Ukraine,1
331,1992,United Arab Emirates,1
332,1992,United Kingdom,274
333,1992,United States,32
334,1992,Uruguay,11
335,1992,Uzbekistan,2
336,1992,Venezuela,32
337,1992,Vietnam,1
338,1992,West Bank and Gaza Strip,119
339,1992,Western Sahara,1
340,1992,Yemen,24
341,1992,Yugoslavia,12
342,1992,Zaire,5
343,1992,Zimbabwe,1
344,1994,Afghanistan,9
345,1994,Albania,2
346,1994,Algeria,227
347,1994,Angola,9
348,1994,Argentina,14
349,1994,Armenia,4
350,1994,Australia,9
351,1994,Austria,5
352,1994,Azerbaijan,11
353,1994,Bahrain,1
354,1994,Bangladesh,68
355,1994,Belarus,1
356,1994,Belgium,5
357,1994,Benin,3
358,1994,Bolivia,8
359,1994,Bosnia-Herzegovina,9
360,1994,Brazil,19
361,1994,Bulgaria,2
362,1994,Burundi,16
363,1994,Cambodia,39
364,1994,Cameroon,6
365,1994,Canada,4
366,1994,Central African Republic,1
367,1994,Chad,1
368,1994,Chile,15
369,1994,China,13
370,1994,Colombia,201
371,1994,Comoros,1
372,1994,Costa Rica,1
373,1994,Croatia,4
374,1994,Cuba,9
375,1994,Cyprus,6
376,1994,Czech Republic,1
377,1994,Djibouti,2
378,1994,Dominican Republic,7
379,1994,Ecuador,6
380,1994,Egypt,143
381,1994,El Salvador,21
382,1994,Estonia,6
383,1994,Ethiopia,4
384,1994,Finland,1
385,1994,France,97
386,1994,Gabon,1
387,1994,Gambia,1
388,1994,Georgia,18
389,1994,Germany,79
390,1994,Ghana,4
391,1994,Greece,42
392,1994,Guatemala,84
393,1994,Guinea,2
394,1994,Haiti,27
395,1994,Honduras,6
396,1994,Hong Kong,4
397,1994,Hungary,2
398,1994,India,107
399,1994,Indonesia,5
400,1994,Iran,43
401,1994,Iraq,18
402,1994,Ireland,10
403,1994,Israel,55
404,1994,Italy,18
405,1994,Ivory Coast,2
406,1994,Jamaica,2
407,1994,Japan,9
408,1994,Jordan,6
409,1994,Kazakhstan,1
410,1994,Kenya,5
411,1994,Kuwait,2
412,1994,Laos,1
413,1994,Latvia,2
414,1994,Lebanon,67
415,1994,Lesotho,3
416,1994,Liberia,3
417,1994,Luxembourg,3
418,1994,Macedonia,1
419,1994,Mali,13
420,1994,Mexico,42
421,1994,Moldova,1
422,1994,Morocco,2
423,1994,Mozambique,3
424,1994,Myanmar,8
425,1994,Namibia,1
426,1994,Nepal,3
427,1994,Netherlands,3
428,1994,New Zealand,1
429,1994,Nicaragua,19
430,1994,Niger,8
431,1994,Nigeria,8
432,1994,North Korea,1
433,1994,Norway,2
434,1994,Pakistan,154
435,1994,Panama,3
436,1994,Papua New Guinea,3
437,1994,Paraguay,2
438,1994,Peru,91
439,1994,Philippines,72
440,1994,Poland,4
441,1994,Portugal,1
442,1994,Republic of the Congo,8
443,1994,Russia,47
444,1994,Rwanda,33
445,1994,Saudi Arabia,2
446,1994,Senegal,2
447,1994,Sierra Leone,22
448,1994,Singapore,1
449,1994,Slovak Republic,1
450,1994,Slovenia,1
451,1994,Somalia,57
452,1994,South Africa,174
453,1994,South Korea,2
454,1994,Spain,55
455,1994,Sri Lanka,35
456,1994,Sudan,5
457,1994,Suriname,1
458,1994,Sweden,1
459,1994,Taiwan,5
460,1994,Tajikistan,31
461,1994,Tanzania,1
462,1994,Thailand,24
463,1994,Togo,13
464,1994,Trinidad and Tobago,1
465,1994,Tunisia,1
466,1994,Turkey,300
467,1994,Uganda,13
468,1994,Ukraine,10
469,1994,United Kingdom,256
470,1994,United States,55
471,1994,Uruguay,4
472,1994,Venezuela,12
473,1994,Vietnam,1
474,1994,Wallis and Futuna,1
475,1994,West Bank and Gaza Strip,165
476,1994,Yemen,19
477,1994,Yugoslavia,1
478,1994,Zaire,6
479,1994,Zimbabwe,1
480,1995,Afghanistan,6
481,1995,Algeria,185
482,1995,Angola,10
483,1995,Argentina,16
484,1995,Armenia,1
485,1995,Australia,5
486,1995,Austria,12
487,1995,Azerbaijan,2
488,1995,Bahrain,8
489,1995,Bangladesh,74
490,1995,Belgium,1
491,1995,Benin,1
492,1995,Bolivia,2
493,1995,Bosnia-Herzegovina,6
494,1995,Botswana,1
495,1995,Brazil,23
496,1995,Bulgaria,2
497,1995,Burundi,83
498,1995,Cambodia,56
499,1995,Cameroon,2
500,1995,Canada,5
501,1995,Chad,3
502,1995,Chile,17
503,1995,China,8
504,1995,Colombia,123
505,1995,Croatia,1
506,1995,Cyprus,3
507,1995,Czech Republic,3
508,1995,Denmark,6
509,1995,Djibouti,2
510,1995,Ecuador,6
511,1995,Egypt,102
512,1995,El Salvador,9
513,1995,Eritrea,2
514,1995,Estonia,2
515,1995,Ethiopia,5
516,1995,Finland,1
517,1995,France,71
518,1995,French Polynesia,3
519,1995,Gambia,1
520,1995,Georgia,17
521,1995,Germany,147
522,1995,Ghana,1
523,1995,Greece,8
524,1995,Guatemala,82
525,1995,Haiti,34
526,1995,Honduras,12
527,1995,Hong Kong,1
528,1995,India,179
529,1995,Indonesia,24
530,1995,Iran,8
531,1995,Iraq,17
532,1995,Ireland,3
533,1995,Israel,13
534,1995,Italy,1
535,1995,Ivory Coast,7
536,1995,Jamaica,1
537,1995,Japan,20
538,1995,Jordan,3
539,1995,Kenya,4
540,1995,Latvia,1
541,1995,Lebanon,38
542,1995,Libya,1
543,1995,Lithuania,2
544,1995,Macau,1
545,1995,Macedonia,1
546,1995,Madagascar,3
547,1995,Mali,1
548,1995,Malta,2
549,1995,Mexico,29
550,1995,Morocco,1
551,1995,Mozambique,3
552,1995,Myanmar,12
553,1995,Netherlands,7
554,1995,Nicaragua,18
555,1995,Niger,2
556,1995,Nigeria,1
557,1995,Pakistan,666
558,1995,Panama,6
559,1995,Papua New Guinea,10
560,1995,Paraguay,12
561,1995,Peru,44
562,1995,Philippines,63
563,1995,Poland,4
564,1995,Portugal,3
565,1995,Romania,1
566,1995,Russia,37
567,1995,Rwanda,17
568,1995,Saudi Arabia,3
569,1995,Senegal,8
570,1995,Sierra Leone,14
571,1995,Slovak Republic,3
572,1995,Somalia,13
573,1995,South Africa,32
574,1995,South Korea,4
575,1995,Spain,44
576,1995,Sri Lanka,126
577,1995,St. Kitts and Nevis,2
578,1995,Sudan,4
579,1995,Swaziland,1
580,1995,Sweden,1
581,1995,Switzerland,5
582,1995,Taiwan,4
583,1995,Tajikistan,34
584,1995,Tanzania,1
585,1995,Thailand,12
586,1995,Togo,1
587,1995,Trinidad and Tobago,4
588,1995,Tunisia,1
589,1995,Turkey,133
590,1995,Uganda,7
591,1995,Ukraine,2
592,1995,United Arab Emirates,2
593,1995,United Kingdom,22
594,1995,United States,60
595,1995,Uruguay,1
596,1995,Uzbekistan,1
597,1995,Venezuela,11
598,1995,Vietnam,1
599,1995,West Bank and Gaza Strip,67
600,1995,Yemen,8
601,1995,Yugoslavia,3
602,1995,Zaire,6
603,1995,Zambia,1
604,1995,Zimbabwe,2
605,1996,Afghanistan,4
606,1996,Albania,6
607,1996,Algeria,129
608,1996,Angola,4
609,1996,Argentina,19
610,1996,Armenia,1
611,1996,Australia,5
612,1996,Austria,4
613,1996,Azerbaijan,2
614,1996,Bahrain,16
615,1996,Bangladesh,161
616,1996,Benin,2
617,1996,Bolivia,1
618,1996,Bosnia-Herzegovina,33
619,1996,Brazil,18
620,1996,Bulgaria,12
621,1996,Burundi,35
622,1996,Cambodia,33
623,1996,Canada,1
624,1996,Central African Republic,1
625,1996,Chad,1
626,1996,Chile,8
627,1996,China,62
628,1996,Colombia,409
629,1996,Costa Rica,1
630,1996,Croatia,3
631,1996,Cuba,1
632,1996,Cyprus,10
633,1996,Czech Republic,3
634,1996,Dominican Republic,3
635,1996,Ecuador,5
636,1996,Egypt,51
637,1996,El Salvador,7
638,1996,Eritrea,1
639,1996,Estonia,1
640,1996,Ethiopia,7
641,1996,France,270
642,1996,French Guiana,2
643,1996,Gabon,1
644,1996,Georgia,3
645,1996,Germany,52
646,1996,Ghana,2
647,1996,Greece,20
648,1996,Guatemala,26
649,1996,Guinea,1
650,1996,Haiti,27
651,1996,Honduras,19
652,1996,Hong Kong,3
653,1996,Hungary,13
654,1996,India,213
655,1996,Indonesia,65
656,1996,Iran,3
657,1996,Iraq,12
658,1996,Ireland,1
659,1996,Israel,19
660,1996,Italy,8
661,1996,Ivory Coast,2
662,1996,Jamaica,1
663,1996,Japan,8
664,1996,Jordan,2
665,1996,Kenya,3
666,1996,Kyrgyzstan,5
667,1996,Laos,1
668,1996,Lebanon,39
669,1996,Liberia,1
670,1996,Libya,4
671,1996,Lithuania,3
672,1996,Macau,10
673,1996,Madagascar,2
674,1996,Mauritania,1
675,1996,Mexico,75
676,1996,Moldova,2
677,1996,Morocco,2
678,1996,Myanmar,13
679,1996,Nepal,5
680,1996,Netherlands,6
681,1996,New Zealand,2
682,1996,Nicaragua,26
683,1996,Niger,1
684,1996,Nigeria,11
685,1996,Norway,1
686,1996,Pakistan,180
687,1996,Panama,2
688,1996,Papua New Guinea,10
689,1996,Peru,42
690,1996,Philippines,61
691,1996,Poland,6
692,1996,Qatar,1
693,1996,Republic of the Congo,1
694,1996,Russia,66
695,1996,Rwanda,15
696,1996,Saudi Arabia,1
697,1996,Sierra Leone,5
698,1996,Slovak Republic,5
699,1996,Slovenia,3
700,1996,Somalia,16
701,1996,South Africa,47
702,1996,South Korea,1
703,1996,Spain,63
704,1996,Sri Lanka,176
705,1996,Sudan,10
706,1996,Sweden,1
707,1996,Switzerland,4
708,1996,Syria,2
709,1996,Taiwan,5
710,1996,Tajikistan,22
711,1996,Thailand,19
712,1996,Togo,1
713,1996,Trinidad and Tobago,3
714,1996,Turkey,54
715,1996,Uganda,29
716,1996,Ukraine,3
717,1996,United Kingdom,36
718,1996,United States,35
719,1996,Uruguay,1
720,1996,Vanuatu,2
721,1996,Venezuela,12
722,1996,Vietnam,1
723,1996,West Bank and Gaza Strip,30
724,1996,Yemen,8
725,1996,Yugoslavia,16
726,1996,Zaire,13
727,1996,Zambia,4
728,1997,Afghanistan,1
729,1997,Albania,41
730,1997,Algeria,344
731,1997,Angola,7
732,1997,Argentina,11
733,1997,Australia,4
734,1997,Austria,1
735,1997,Azerbaijan,1
736,1997,Bahamas,2
737,1997,Bahrain,11
738,1997,Bangladesh,17
739,1997,Belarus,2
740,1997,Belgium,2
741,1997,Bolivia,4
742,1997,Bosnia-Herzegovina,42
743,1997,Brazil,39
744,1997,Bulgaria,3
745,1997,Burundi,79
746,1997,Cambodia,18
747,1997,Canada,2
748,1997,Chad,1
749,1997,Chile,6
750,1997,China,18
751,1997,Colombia,598
752,1997,Comoros,3
753,1997,Costa Rica,1
754,1997,Croatia,8
755,1997,Cuba,14
756,1997,Czech Republic,4
757,1997,Democratic Republic of the Congo,1
758,1997,Djibouti,1
759,1997,Dominica,1
760,1997,Dominican Republic,12
761,1997,Ecuador,4
762,1997,Egypt,22
763,1997,El Salvador,2
764,1997,Ethiopia,6
765,1997,France,130
766,1997,French Guiana,2
767,1997,Gabon,1
768,1997,Georgia,6
769,1997,Germany,12
770,1997,Ghana,1
771,1997,Greece,21
772,1997,Guatemala,26
773,1997,Guyana,1
774,1997,Haiti,16
775,1997,Honduras,22
776,1997,Hungary,17
777,1997,India,193
778,1997,Indonesia,27
779,1997,Iraq,21
780,1997,Ireland,4
781,1997,Israel,13
782,1997,Italy,8
783,1997,Ivory Coast,1
784,1997,Jamaica,8
785,1997,Japan,5
786,1997,Jordan,3
787,1997,Kazakhstan,2
788,1997,Kenya,17
789,1997,Kuwait,2
790,1997,Latvia,2
791,1997,Lebanon,46
792,1997,Lithuania,1
793,1997,Macau,16
794,1997,Macedonia,2
795,1997,Madagascar,1
796,1997,Mali,3
797,1997,Malta,1
798,1997,Mexico,95
799,1997,Moldova,1
800,1997,Myanmar,35
801,1997,Nepal,9
802,1997,Netherlands,1
803,1997,New Zealand,1
804,1997,Nicaragua,7
805,1997,Niger,3
806,1997,Nigeria,20
807,1997,Pakistan,206
808,1997,Panama,6
809,1997,Papua New Guinea,2
810,1997,Paraguay,6
811,1997,Peru,58
812,1997,Philippines,57
813,1997,Poland,3
814,1997,Republic of the Congo,2
815,1997,Russia,77
816,1997,Rwanda,33
817,1997,Senegal,26
818,1997,Sierra Leone,3
819,1997,Slovak Republic,4
820,1997,Slovenia,1
821,1997,Somalia,19
822,1997,South Africa,17
823,1997,Spain,86
824,1997,Sri Lanka,64
825,1997,Sudan,3
826,1997,Suriname,2
827,1997,Swaziland,1
828,1997,Sweden,4
829,1997,Switzerland,1
830,1997,Syria,1
831,1997,Taiwan,1
832,1997,Tajikistan,40
833,1997,Tanzania,1
834,1997,Thailand,20
835,1997,Turkey,44
836,1997,Uganda,24
837,1997,Ukraine,2
838,1997,United Kingdom,78
839,1997,United States,40
840,1997,Uruguay,2
841,1997,Venezuela,41
842,1997,Vietnam,2
843,1997,West Bank and Gaza Strip,22
844,1997,Yemen,19
845,1997,Yugoslavia,38
846,1997,Zaire,5
847,1998,Afghanistan,1
848,1998,Albania,7
849,1998,Algeria,151
850,1998,Angola,20
851,1998,Armenia,2
852,1998,Australia,6
853,1998,Austria,1
854,1998,Bangladesh,2
855,1998,Belgium,3
856,1998,Bosnia-Herzegovina,9
857,1998,Brazil,2
858,1998,Bulgaria,2
859,1998,Burundi,13
860,1998,Cambodia,7
861,1998,Cameroon,1
862,1998,Canada,4
863,1998,Chad,1
864,1998,Chile,1
865,1998,China,2
866,1998,Colombia,94
867,1998,Cyprus,1
868,1998,Democratic Republic of the Congo,4
869,1998,Ecuador,3
870,1998,Egypt,3
871,1998,France,12
872,1998,Georgia,12
873,1998,Germany,6
874,1998,Greece,28
875,1998,Guyana,2
876,1998,Haiti,1
877,1998,Hungary,2
878,1998,India,61
879,1998,Indonesia,3
880,1998,Iran,5
881,1998,Iraq,7
882,1998,Ireland,3
883,1998,Israel,14
884,1998,Italy,6
885,1998,Japan,1
886,1998,Jordan,1
887,1998,Kenya,2
888,1998,Latvia,4
889,1998,Lebanon,23
890,1998,Macau,6
891,1998,Macedonia,5
892,1998,Mexico,2
893,1998,Nigeria,2
894,1998,Pakistan,37
895,1998,Peru,5
896,1998,Philippines,18
897,1998,Poland,2
898,1998,Russia,26
899,1998,Rwanda,9
900,1998,Senegal,1
901,1998,Sierra Leone,7
902,1998,Slovak Republic,2
903,1998,Somalia,1
904,1998,South Africa,6
905,1998,Spain,17
906,1998,Sri Lanka,35
907,1998,Swaziland,1
908,1998,Switzerland,1
909,1998,Syria,1
910,1998,Tajikistan,11
911,1998,Tanzania,1
912,1998,Thailand,4
913,1998,Turkey,23
914,1998,Uganda,18
915,1998,United Kingdom,63
916,1998,United States,31
917,1998,Venezuela,1
918,1998,West Bank and Gaza Strip,12
919,1998,Yemen,7
920,1998,Yugoslavia,46
921,1999,Afghanistan,9
922,1999,Albania,3
923,1999,Algeria,106
924,1999,Angola,34
925,1999,Argentina,1
926,1999,Armenia,2
927,1999,Bangladesh,11
928,1999,Belarus,1
929,1999,Belgium,2
930,1999,Bosnia-Herzegovina,5
931,1999,Brazil,1
932,1999,Bulgaria,1
933,1999,Burundi,13
934,1999,Cambodia,8
935,1999,Canada,2
936,1999,Chad,1
937,1999,Chile,3
938,1999,China,2
939,1999,Colombia,116
940,1999,Cyprus,1
941,1999,Democratic Republic of the Congo,3
942,1999,Denmark,1
943,1999,Ecuador,2
944,1999,Egypt,1
945,1999,Estonia,1
946,1999,Ethiopia,2
947,1999,Fiji,3
948,1999,France,46
949,1999,Georgia,7
950,1999,Germany,13
951,1999,Greece,35
952,1999,Guatemala,1
953,1999,Haiti,5
954,1999,India,112
955,1999,Indonesia,60
956,1999,Iran,8
957,1999,Iraq,12
958,1999,Ireland,3
959,1999,Israel,8
960,1999,Italy,7
961,1999,Japan,2
962,1999,Jordan,2
963,1999,Kosovo,39
964,1999,Kyrgyzstan,3
965,1999,Latvia,1
966,1999,Lebanon,42
967,1999,Liberia,2
968,1999,Macedonia,3
969,1999,Mexico,1
970,1999,Mozambique,1
971,1999,Myanmar,4
972,1999,Namibia,1
973,1999,Nepal,8
974,1999,Netherlands,1
975,1999,Nicaragua,1
976,1999,Niger,2
977,1999,Nigeria,18
978,1999,Pakistan,39
979,1999,Panama,1
980,1999,Paraguay,1
981,1999,Peru,5
982,1999,Philippines,31
983,1999,Republic of the Congo,3
984,1999,Russia,54
985,1999,Senegal,1
986,1999,Sierra Leone,9
987,1999,Slovak Republic,1
988,1999,Solomon Islands,1
989,1999,Somalia,4
990,1999,South Africa,17
991,1999,Spain,47
992,1999,Sri Lanka,46
993,1999,Sudan,5
994,1999,Swaziland,1
995,1999,Sweden,2
996,1999,Switzerland,2
997,1999,Tajikistan,4
998,1999,Thailand,4
999,1999,Turkey,109
1000,1999,Uganda,19
1001,1999,Ukraine,6
1002,1999,United Kingdom,76
1003,1999,United States,53
1004,1999,Uzbekistan,8
1005,1999,Venezuela,5
1006,1999,West Bank and Gaza Strip,11
1007,1999,Yemen,17
1008,1999,Yugoslavia,23
1009,1999,Zambia,7
1010,2000,Afghanistan,14
1011,2000,Albania,2
1012,2000,Algeria,138
1013,2000,Angola,22
1014,2000,Armenia,2
1015,2000,Australia,1
1016,2000,Azerbaijan,1
1017,2000,Bangladesh,23
1018,2000,Belize,1
1019,2000,Bosnia-Herzegovina,6
1020,2000,Brazil,2
1021,2000,Bulgaria,2
1022,2000,Burundi,17
1023,2000,Cambodia,4
1024,2000,Canada,5
1025,2000,Central African Republic,1
1026,2000,Chile,2
1027,2000,China,4
1028,2000,Colombia,137
1029,2000,Croatia,2
1030,2000,Cyprus,2
1031,2000,Democratic Republic of the Congo,3
1032,2000,East Timor,4
1033,2000,Ecuador,4
1034,2000,Ethiopia,1
1035,2000,Fiji,4
1036,2000,France,28
1037,2000,Gambia,1
1038,2000,Georgia,7
1039,2000,Germany,8
1040,2000,Greece,28
1041,2000,Guatemala,1
1042,2000,Guinea,12
1043,2000,Haiti,9
1044,2000,Hong Kong,2
1045,2000,India,180
1046,2000,Indonesia,101
1047,2000,Iran,15
1048,2000,Iraq,10
1049,2000,Israel,15
1050,2000,Italy,8
1051,2000,Ivory Coast,2
1052,2000,Japan,13
1053,2000,Jordan,2
1054,2000,Kazakhstan,1
1055,2000,Kenya,4
1056,2000,Kosovo,60
1057,2000,Kyrgyzstan,4
1058,2000,Laos,8
1059,2000,Latvia,3
1060,2000,Lebanon,12
1061,2000,Liberia,1
1062,2000,Macedonia,3
1063,2000,Malaysia,3
1064,2000,Mexico,4
1065,2000,Moldova,1
1066,2000,Mozambique,3
1067,2000,Namibia,21
1068,2000,Nepal,23
1069,2000,Netherlands,1
1070,2000,Nicaragua,1
1071,2000,Nigeria,6
1072,2000,Pakistan,49
1073,2000,Panama,1
1074,2000,Paraguay,2
1075,2000,Peru,3
1076,2000,Philippines,132
1077,2000,Qatar,1
1078,2000,Russia,138
1079,2000,Rwanda,1
1080,2000,Saudi Arabia,5
1081,2000,Senegal,4
1082,2000,Sierra Leone,24
1083,2000,Slovak Republic,1
1084,2000,Slovenia,1
1085,2000,Solomon Islands,1
1086,2000,Somalia,9
1087,2000,South Africa,21
1088,2000,Spain,112
1089,2000,Sri Lanka,68
1090,2000,St. Lucia,1
1091,2000,Sudan,7
1092,2000,Sweden,1
1093,2000,Switzerland,4
1094,2000,Tajikistan,6
1095,2000,Tanzania,2
1096,2000,Thailand,4
1097,2000,Tunisia,1
1098,2000,Turkey,35
1099,2000,Uganda,20
1100,2000,Ukraine,1
1101,2000,United Kingdom,61
1102,2000,United States,32
1103,2000,West Bank and Gaza Strip,28
1104,2000,Yemen,10
1105,2000,Yugoslavia,14
1106,2000,Zambia,8
1107,2000,Zimbabwe,1
1108,2001,Afghanistan,14
1109,2001,Albania,1
1110,2001,Algeria,113
1111,2001,Angola,40
1112,2001,Argentina,2
1113,2001,Armenia,2
1114,2001,Australia,2
1115,2001,Azerbaijan,4
1116,2001,Bangladesh,15
1117,2001,Belarus,1
1118,2001,Bosnia-Herzegovina,2
1119,2001,Brazil,3
1120,2001,Bulgaria,1
1121,2001,Burundi,37
1122,2001,Cambodia,7
1123,2001,Central African Republic,1
1124,2001,Chile,3
1125,2001,China,12
1126,2001,Colombia,207
1127,2001,Costa Rica,1
1128,2001,Croatia,3
1129,2001,Cyprus,1
1130,2001,Czech Republic,1
1131,2001,Democratic Republic of the Congo,5
1132,2001,Ecuador,5
1133,2001,Estonia,1
1134,2001,Fiji,1
1135,2001,France,21
1136,2001,Georgia,4
1137,2001,Germany,8
1138,2001,Greece,14
1139,2001,Guatemala,2
1140,2001,Guinea-Bissau,1
1141,2001,Guyana,1
1142,2001,Haiti,5
1143,2001,Hong Kong,1
1144,2001,Hungary,1
1145,2001,India,234
1146,2001,Indonesia,105
1147,2001,Iran,4
1148,2001,Iraq,3
1149,2001,Ireland,2
1150,2001,Israel,79
1151,2001,Italy,11
1152,2001,Ivory Coast,1
1153,2001,Japan,3
1154,2001,Jordan,2
1155,2001,Kazakhstan,1
1156,2001,Kenya,7
1157,2001,Kosovo,17
1158,2001,Kuwait,2
1159,2001,Kyrgyzstan,1
1160,2001,Laos,1
1161,2001,Lebanon,5
1162,2001,Liberia,3
1163,2001,Macedonia,67
1164,2001,Malaysia,1
1165,2001,Mexico,7
1166,2001,Montenegro,1
1167,2001,Myanmar,3
1168,2001,Namibia,6
1169,2001,Nepal,33
1170,2001,Netherlands,1
1171,2001,New Zealand,1
1172,2001,Nigeria,5
1173,2001,Norway,1
1174,2001,Pakistan,53
1175,2001,Peru,3
1176,2001,Philippines,50
1177,2001,Poland,1
1178,2001,Qatar,1
1179,2001,Republic of the Congo,1
1180,2001,Russia,135
1181,2001,Rwanda,2
1182,2001,Saudi Arabia,3
1183,2001,Senegal,8
1184,2001,Somalia,5
1185,2001,South Korea,1
1186,2001,Spain,79
1187,2001,Sri Lanka,36
1188,2001,Sudan,9
1189,2001,Switzerland,2
1190,2001,Taiwan,2
1191,2001,Tajikistan,6
1192,2001,Tanzania,4
1193,2001,Thailand,14
1194,2001,Tunisia,1
1195,2001,Turkey,19
1196,2001,Uganda,24
1197,2001,United Kingdom,94
1198,2001,United States,41
1199,2001,Venezuela,5
1200,2001,Vietnam,4
1201,2001,West Bank and Gaza Strip,123
1202,2001,Yemen,7
1203,2001,Yugoslavia,20
1204,2001,Zimbabwe,3
1205,2002,Afghanistan,38
1206,2002,Algeria,132
1207,2002,Angola,6
1208,2002,Azerbaijan,1
1209,2002,Bangladesh,5
1210,2002,Belgium,3
1211,2002,Bosnia-Herzegovina,3
1212,2002,Brazil,1
1213,2002,Bulgaria,1
1214,2002,Burundi,18
1215,2002,Cambodia,3
1216,2002,Chad,4
1217,2002,Chile,1
1218,2002,China,2
1219,2002,Colombia,150
1220,2002,Democratic Republic of the Congo,7
1221,2002,Ecuador,2
1222,2002,Ethiopia,3
1223,2002,France,32
1224,2002,Georgia,2
1225,2002,Germany,3
1226,2002,Greece,11
1227,2002,Guyana,1
1228,2002,Haiti,2
1229,2002,Honduras,1
1230,2002,India,184
1231,2002,Indonesia,43
1232,2002,International,1
1233,2002,Iraq,6
1234,2002,Israel,75
1235,2002,Italy,7
1236,2002,Ivory Coast,1
1237,2002,Japan,2
1238,2002,Jordan,2
1239,2002,Kenya,2
1240,2002,Kosovo,5
1241,2002,Kuwait,1
1242,2002,Kyrgyzstan,2
1243,2002,Lebanon,8
1244,2002,Liberia,3
1245,2002,Macedonia,8
1246,2002,Madagascar,5
1247,2002,Malawi,1
1248,2002,Myanmar,4
1249,2002,Nepal,58
1250,2002,Netherlands,2
1251,2002,Nigeria,6
1252,2002,Pakistan,46
1253,2002,Papua New Guinea,1
1254,2002,Peru,2
1255,2002,Philippines,48
1256,2002,Republic of the Congo,3
1257,2002,Russia,89
1258,2002,Saudi Arabia,2
1259,2002,Senegal,3
1260,2002,Solomon Islands,1
1261,2002,Somalia,3
1262,2002,South Africa,8
1263,2002,Spain,41
1264,2002,Sri Lanka,3
1265,2002,Sudan,13
1266,2002,Tanzania,2
1267,2002,Thailand,12
1268,2002,Tunisia,1
1269,2002,Turkey,5
1270,2002,Turkmenistan,1
1271,2002,Uganda,24
1272,2002,Ukraine,3
1273,2002,United Kingdom,21
1274,2002,United States,33
1275,2002,Venezuela,5
1276,2002,West Bank and Gaza Strip,86
1277,2002,Yemen,7
1278,2002,Yugoslavia,3
1279,2002,Zambia,1
1280,2002,Zimbabwe,8
1281,2003,Afghanistan,100
1282,2003,Albania,1
1283,2003,Algeria,75
1284,2003,Argentina,1
1285,2003,Bahrain,1
1286,2003,Bangladesh,4
1287,2003,Belgium,8
1288,2003,Bolivia,1
1289,2003,Bosnia-Herzegovina,1
1290,2003,Brazil,1
1291,2003,Burundi,18
1292,2003,Cambodia,1
1293,2003,Chile,2
1294,2003,China,3
1295,2003,Colombia,98
1296,2003,Czech Republic,1
1297,2003,Democratic Republic of the Congo,6
1298,2003,East Timor,2
1299,2003,Ecuador,4
1300,2003,Ethiopia,1
1301,2003,France,34
1302,2003,Georgia,6
1303,2003,Germany,2
1304,2003,Greece,12
1305,2003,Guatemala,3
1306,2003,Guinea-Bissau,1
1307,2003,Guyana,1
1308,2003,Haiti,5
1309,2003,India,196
1310,2003,Indonesia,18
1311,2003,Iran,2
1312,2003,Iraq,102
1313,2003,Ireland,1
1314,2003,Israel,38
1315,2003,Italy,15
1316,2003,Japan,2
1317,2003,Kenya,2
1318,2003,Kosovo,9
1319,2003,Kuwait,3
1320,2003,Kyrgyzstan,1
1321,2003,Laos,2
1322,2003,Lebanon,5
1323,2003,Liberia,2
1324,2003,Macedonia,5
1325,2003,Mexico,1
1326,2003,Morocco,5
1327,2003,Myanmar,9
1328,2003,Nepal,15
1329,2003,Netherlands,3
1330,2003,New Zealand,3
1331,2003,Nigeria,9
1332,2003,Norway,1
1333,2003,Pakistan,29
1334,2003,Peru,1
1335,2003,Philippines,107
1336,2003,Republic of the Congo,1
1337,2003,Russia,76
1338,2003,Saudi Arabia,8
1339,2003,Serbia-Montenegro,6
1340,2003,Solomon Islands,1
1341,2003,Somalia,1
1342,2003,South Korea,1
1343,2003,Spain,21
1344,2003,Sri Lanka,9
1345,2003,Swaziland,1
1346,2003,Switzerland,1
1347,2003,Thailand,6
1348,2003,Turkey,19
1349,2003,Uganda,30
1350,2003,Ukraine,1
1351,2003,United Kingdom,23
1352,2003,United States,33
1353,2003,Venezuela,8
1354,2003,West Bank and Gaza Strip,45
1355,2003,Yemen,7
1356,2003,Zimbabwe,1
1357,2004,Afghanistan,88
1358,2004,Algeria,67
1359,2004,Bangladesh,11
1360,2004,Burundi,1
1361,2004,Canada,2
1362,2004,China,2
1363,2004,Colombia,37
1364,2004,Cyprus,1
1365,2004,Democratic Republic of the Congo,5
1366,2004,Djibouti,1
1367,2004,Ecuador,2
1368,2004,Egypt,3
1369,2004,Ethiopia,2
1370,2004,France,11
1371,2004,Georgia,3
1372,2004,Germany,3
1373,2004,Greece,4
1374,2004,Guatemala,2
1375,2004,Haiti,2
1376,2004,Honduras,1
1377,2004,India,108
1378,2004,Indonesia,17
1379,2004,Iraq,323
1380,2004,Israel,19
1381,2004,Italy,3
1382,2004,Ivory Coast,1
1383,2004,Kosovo,1
1384,2004,Lebanon,1
1385,2004,Mauritania,1
1386,2004,Mexico,1
1387,2004,Myanmar,2
1388,2004,Nepal,62
1389,2004,Netherlands,1
1390,2004,Nigeria,6
1391,2004,Pakistan,67
1392,2004,Peru,3
1393,2004,Philippines,32
1394,2004,Russia,44
1395,2004,Saudi Arabia,17
1396,2004,Serbia-Montenegro,1
1397,2004,Somalia,1
1398,2004,Spain,31
1399,2004,Sri Lanka,33
1400,2004,Sudan,5
1401,2004,Syria,1
1402,2004,Taiwan,2
1403,2004,Tanzania,1
1404,2004,Thailand,44
1405,2004,Turkey,27
1406,2004,Uganda,10
1407,2004,United Kingdom,5
1408,2004,United States,9
1409,2004,Uzbekistan,5
1410,2004,West Bank and Gaza Strip,34
1411,2005,Afghanistan,155
1412,2005,Algeria,104
1413,2005,Argentina,3
1414,2005,Bangladesh,23
1415,2005,Bolivia,1
1416,2005,Bosnia-Herzegovina,1
1417,2005,Burundi,5
1418,2005,China,1
1419,2005,Colombia,42
1420,2005,Croatia,1
1421,2005,Democratic Republic of the Congo,5
1422,2005,East Timor,1
1423,2005,Egypt,2
1424,2005,Ethiopia,5
1425,2005,France,33
1426,2005,Georgia,6
1427,2005,Germany,3
1428,2005,Greece,6
1429,2005,Guinea,1
1430,2005,Guinea-Bissau,4
1431,2005,Haiti,1
1432,2005,Hong Kong,1
1433,2005,India,146
1434,2005,Indonesia,15
1435,2005,Iran,5
1436,2005,Iraq,617
1437,2005,Israel,43
1438,2005,Italy,6
1439,2005,Ivory Coast,1
1440,2005,Jordan,4
1441,2005,Kenya,2
1442,2005,Kosovo,8
1443,2005,Kuwait,2
1444,2005,Kyrgyzstan,2
1445,2005,Lebanon,17
1446,2005,Mali,1
1447,2005,Mauritania,1
1448,2005,Mexico,1
1449,2005,Myanmar,8
1450,2005,Nepal,70
1451,2005,Nigeria,9
1452,2005,Pakistan,77
1453,2005,Peru,2
1454,2005,Philippines,25
1455,2005,Qatar,1
1456,2005,Russia,64
1457,2005,Rwanda,1
1458,2005,Saudi Arabia,1
1459,2005,Senegal,1
1460,2005,Serbia-Montenegro,2
1461,2005,Somalia,6
1462,2005,Spain,24
1463,2005,Sri Lanka,133
1464,2005,Sudan,6
1465,2005,Sweden,3
1466,2005,Tajikistan,1
1467,2005,Thailand,155
1468,2005,Togo,1
1469,2005,Trinidad and Tobago,2
1470,2005,Turkey,41
1471,2005,Uganda,11
1472,2005,United Kingdom,29
1473,2005,United States,21
1474,2005,Uruguay,1
1475,2005,Uzbekistan,2
1476,2005,West Bank and Gaza Strip,38
1477,2005,Yemen,7
1478,2006,Afghanistan,282
1479,2006,Algeria,152
1480,2006,Australia,2
1481,2006,Austria,1
1482,2006,Bahrain,1
1483,2006,Bangladesh,23
1484,2006,Belarus,1
1485,2006,Bhutan,1
1486,2006,Bosnia-Herzegovina,1
1487,2006,Brazil,3
1488,2006,Burundi,5
1489,2006,Canada,2
1490,2006,Central African Republic,1
1491,2006,Chad,11
1492,2006,Chile,1
1493,2006,Colombia,43
1494,2006,Democratic Republic of the Congo,5
1495,2006,Egypt,5
1496,2006,Ethiopia,11
1497,2006,France,34
1498,2006,Georgia,3
1499,2006,Germany,4
1500,2006,Greece,23
1501,2006,Guatemala,4
1502,2006,Guinea-Bissau,1
1503,2006,Guyana,2
1504,2006,Haiti,1
1505,2006,India,167
1506,2006,Indonesia,10
1507,2006,Iran,14
1508,2006,Iraq,838
1509,2006,Ireland,1
1510,2006,Israel,81
1511,2006,Italy,4
1512,2006,Ivory Coast,3
1513,2006,Jordan,1
1514,2006,Kenya,2
1515,2006,Kosovo,6
1516,2006,Kyrgyzstan,3
1517,2006,Lebanon,8
1518,2006,Lesotho,1
1519,2006,Macedonia,3
1520,2006,Madagascar,1
1521,2006,Maldives,1
1522,2006,Mexico,7
1523,2006,Moldova,1
1524,2006,Myanmar,2
1525,2006,Nepal,83
1526,2006,Nigeria,37
1527,2006,Norway,1
1528,2006,Pakistan,164
1529,2006,Peru,1
1530,2006,Philippines,58
1531,2006,Russia,56
1532,2006,Saudi Arabia,3
1533,2006,Serbia-Montenegro,2
1534,2006,Somalia,10
1535,2006,South Korea,1
1536,2006,Spain,23
1537,2006,Sri Lanka,217
1538,2006,Sudan,24
1539,2006,Swaziland,1
1540,2006,Sweden,1
1541,2006,Syria,1
1542,2006,Thailand,202
1543,2006,Turkey,43
1544,2006,United Kingdom,6
1545,2006,United States,6
1546,2006,West Bank and Gaza Strip,35
1547,2006,Yemen,5
1548,2006,Zimbabwe,1
1549,2007,Afghanistan,341
1550,2007,Algeria,124
1551,2007,Armenia,1
1552,2007,Austria,1
1553,2007,Azerbaijan,1
1554,2007,Bangladesh,9
1555,2007,Belgium,1
1556,2007,Benin,1
1557,2007,Bolivia,3
1558,2007,Bosnia-Herzegovina,2
1559,2007,Burundi,3
1560,2007,Cameroon,1
1561,2007,Central African Republic,1
1562,2007,Chad,7
1563,2007,Chile,8
1564,2007,Colombia,30
1565,2007,Cuba,1
1566,2007,Cyprus,1
1567,2007,Democratic Republic of the Congo,11
1568,2007,East Timor,2
1569,2007,Eritrea,2
1570,2007,Ethiopia,5
1571,2007,Finland,1
1572,2007,France,16
1573,2007,Germany,3
1574,2007,Greece,15
1575,2007,Haiti,2
1576,2007,India,149
1577,2007,Indonesia,2
1578,2007,Iran,9
1579,2007,Iraq,1047
1580,2007,Ireland,1
1581,2007,Israel,53
1582,2007,Ivory Coast,1
1583,2007,Jamaica,1
1584,2007,Kenya,12
1585,2007,Kosovo,5
1586,2007,Kyrgyzstan,1
1587,2007,Latvia,1
1588,2007,Lebanon,18
1589,2007,Libya,1
1590,2007,Macedonia,1
1591,2007,Maldives,1
1592,2007,Mali,5
1593,2007,Mexico,10
1594,2007,Montenegro,1
1595,2007,Morocco,6
1596,2007,Mozambique,1
1597,2007,Myanmar,3
1598,2007,Nepal,90
1599,2007,Niger,7
1600,2007,Nigeria,61
1601,2007,Pakistan,260
1602,2007,Papua New Guinea,1
1603,2007,Peru,4
1604,2007,Philippines,65
1605,2007,Russia,51
1606,2007,Saudi Arabia,1
1607,2007,Senegal,1
1608,2007,Somalia,156
1609,2007,South Africa,2
1610,2007,Spain,11
1611,2007,Sri Lanka,132
1612,2007,Sudan,23
1613,2007,Switzerland,2
1614,2007,Tajikistan,1
1615,2007,Thailand,293
1616,2007,Tunisia,1
1617,2007,Turkey,29
1618,2007,Uganda,1
1619,2007,Ukraine,1
1620,2007,United Kingdom,20
1621,2007,United States,8
1622,2007,Venezuela,2
1623,2007,West Bank and Gaza Strip,88
1624,2007,Western Sahara,1
1625,2007,Yemen,7
1626,2007,Zimbabwe,1
1627,2008,Afghanistan,414
1628,2008,Algeria,107
1629,2008,Australia,3
1630,2008,Austria,7
1631,2008,Azerbaijan,2
1632,2008,Bahrain,1
1633,2008,Bangladesh,19
1634,2008,Belarus,1
1635,2008,Bhutan,3
1636,2008,Bosnia-Herzegovina,4
1637,2008,Bulgaria,2
1638,2008,Burundi,7
1639,2008,Cambodia,2
1640,2008,Cameroon,1
1641,2008,Canada,5
1642,2008,Central African Republic,2
1643,2008,Chad,8
1644,2008,Chile,4
1645,2008,China,20
1646,2008,Colombia,133
1647,2008,Croatia,2
1648,2008,Czech Republic,2
1649,2008,Democratic Republic of the Congo,20
1650,2008,Denmark,1
1651,2008,East Timor,1
1652,2008,Ecuador,2
1653,2008,Egypt,1
1654,2008,Eritrea,2
1655,2008,Ethiopia,8
1656,2008,Finland,1
1657,2008,France,13
1658,2008,Georgia,33
1659,2008,Germany,3
1660,2008,Greece,53
1661,2008,Guyana,3
1662,2008,Hong Kong,1
1663,2008,Hungary,2
1664,2008,India,534
1665,2008,Indonesia,13
1666,2008,Iran,8
1667,2008,Iraq,1106
1668,2008,Ireland,5
1669,2008,Israel,134
1670,2008,Italy,2
1671,2008,Japan,3
1672,2008,Kazakhstan,1
1673,2008,Kenya,11
1674,2008,Kosovo,11
1675,2008,Lebanon,58
1676,2008,Liberia,1
1677,2008,Libya,1
1678,2008,Macedonia,9
1679,2008,Malaysia,2
1680,2008,Maldives,1
1681,2008,Mali,9
1682,2008,Mauritania,2
1683,2008,Mexico,8
1684,2008,Myanmar,20
1685,2008,Nepal,120
1686,2008,Netherlands,1
1687,2008,New Zealand,5
1688,2008,Niger,9
1689,2008,Nigeria,76
1690,2008,Pakistan,568
1691,2008,Peru,1
1692,2008,Philippines,276
1693,2008,Romania,1
1694,2008,Russia,170
1695,2008,Rwanda,1
1696,2008,Senegal,2
1697,2008,Serbia,4
1698,2008,Somalia,172
1699,2008,South Africa,1
1700,2008,Spain,37
1701,2008,Sri Lanka,100
1702,2008,Sudan,32
1703,2008,Swaziland,3
1704,2008,Sweden,1
1705,2008,Syria,1
1706,2008,Taiwan,1
1707,2008,Tanzania,1
1708,2008,Thailand,200
1709,2008,Tunisia,2
1710,2008,Turkey,32
1711,2008,Uganda,7
1712,2008,Ukraine,1
1713,2008,United Kingdom,39
1714,2008,United States,18
1715,2008,Venezuela,1
1716,2008,West Bank and Gaza Strip,63
1717,2008,Yemen,22
1718,2008,Zimbabwe,5
1719,2009,Afghanistan,503
1720,2009,Albania,1
1721,2009,Algeria,108
1722,2009,Angola,1
1723,2009,Argentina,1
1724,2009,Armenia,1
1725,2009,Australia,1
1726,2009,Austria,3
1727,2009,Azerbaijan,2
1728,2009,Bangladesh,27
1729,2009,Belgium,1
1730,2009,Bolivia,3
1731,2009,Bosnia-Herzegovina,1
1732,2009,Cameroon,1
1733,2009,Canada,4
1734,2009,Central African Republic,5
1735,2009,Chad,3
1736,2009,Chile,8
1737,2009,China,7
1738,2009,Colombia,139
1739,2009,Croatia,1
1740,2009,Czech Republic,1
1741,2009,Democratic Republic of the Congo,54
1742,2009,Ecuador,1
1743,2009,Egypt,2
1744,2009,Equatorial Guinea,1
1745,2009,Eritrea,1
1746,2009,Ethiopia,2
1747,2009,France,9
1748,2009,Georgia,25
1749,2009,Germany,4
1750,2009,Greece,115
1751,2009,Guinea-Bissau,1
1752,2009,Honduras,8
1753,2009,Hungary,1
1754,2009,India,672
1755,2009,Indonesia,19
1756,2009,Iran,15
1757,2009,Iraq,1137
1758,2009,Israel,36
1759,2009,Italy,4
1760,2009,Japan,1
1761,2009,Kenya,1
1762,2009,Kosovo,1
1763,2009,Lebanon,14
1764,2009,Lesotho,1
1765,2009,Macedonia,1
1766,2009,Madagascar,1
1767,2009,Malaysia,1
1768,2009,Mali,6
1769,2009,Mauritania,5
1770,2009,Mexico,1
1771,2009,Moldova,1
1772,2009,Myanmar,14
1773,2009,Nepal,39
1774,2009,Netherlands,1
1775,2009,Niger,4
1776,2009,Nigeria,42
1777,2009,Pakistan,667
1778,2009,Panama,1
1779,2009,Peru,4
1780,2009,Philippines,229
1781,2009,Russia,152
1782,2009,Rwanda,1
1783,2009,Saudi Arabia,3
1784,2009,Senegal,3
1785,2009,Serbia,3
1786,2009,Somalia,122
1787,2009,Spain,21
1788,2009,Sri Lanka,37
1789,2009,Sudan,26
1790,2009,Sweden,1
1791,2009,Tajikistan,1
1792,2009,Thailand,298
1793,2009,Turkey,13
1794,2009,Uganda,2
1795,2009,Ukraine,2
1796,2009,United Kingdom,23
1797,2009,United States,11
1798,2009,Uzbekistan,2
1799,2009,Venezuela,3
1800,2009,West Bank and Gaza Strip,10
1801,2009,Yemen,23
1802,2010,Afghanistan,542
1803,2010,Algeria,100
1804,2010,Angola,2
1805,2010,Argentina,5
1806,2010,Australia,1
1807,2010,Bahrain,2
1808,2010,Bangladesh,22
1809,2010,Belarus,2
1810,2010,Bosnia-Herzegovina,1
1811,2010,Burundi,29
1812,2010,Cameroon,3
1813,2010,Canada,2
1814,2010,Central African Republic,13
1815,2010,Chad,1
1816,2010,Chile,5
1817,2010,China,1
1818,2010,Colombia,136
1819,2010,Democratic Republic of the Congo,18
1820,2010,Denmark,1
1821,2010,Egypt,2
1822,2010,Eritrea,1
1823,2010,Ethiopia,2
1824,2010,France,3
1825,2010,Georgia,7
1826,2010,Germany,1
1827,2010,Greece,49
1828,2010,India,663
1829,2010,Indonesia,4
1830,2010,Iran,14
1831,2010,Iraq,1179
1832,2010,Ireland,4
1833,2010,Israel,14
1834,2010,Italy,10
1835,2010,Ivory Coast,7
1836,2010,Jordan,2
1837,2010,Kenya,12
1838,2010,Kosovo,1
1839,2010,Kyrgyzstan,1
1840,2010,Lebanon,5
1841,2010,Mali,1
1842,2010,Mauritania,1
1843,2010,Mexico,5
1844,2010,Myanmar,11
1845,2010,Nepal,38
1846,2010,Netherlands,1
1847,2010,Niger,3
1848,2010,Nigeria,63
1849,2010,Norway,1
1850,2010,Pakistan,713
1851,2010,Paraguay,2
1852,2010,Philippines,205
1853,2010,Poland,1
1854,2010,Russia,251
1855,2010,Rwanda,8
1856,2010,Senegal,1
1857,2010,Serbia,1
1858,2010,Somalia,130
1859,2010,Spain,3
1860,2010,Sri Lanka,3
1861,2010,Sudan,28
1862,2010,Sweden,3
1863,2010,Tajikistan,1
1864,2010,Tanzania,1
1865,2010,Thailand,253
1866,2010,Trinidad and Tobago,1
1867,2010,Turkey,20
1868,2010,Uganda,6
1869,2010,Ukraine,4
1870,2010,United Arab Emirates,2
1871,2010,United Kingdom,57
1872,2010,United States,17
1873,2010,West Bank and Gaza Strip,11
1874,2010,Yemen,112
1875,2010,Zimbabwe,1
1876,2011,Afghanistan,421
1877,2011,Algeria,15
1878,2011,Argentina,1
1879,2011,Austria,1
1880,2011,Bahrain,1
1881,2011,Bangladesh,13
1882,2011,Belarus,1
1883,2011,Bhutan,1
1884,2011,Bosnia-Herzegovina,1
1885,2011,Bulgaria,2
1886,2011,Burundi,8
1887,2011,Cameroon,3
1888,2011,Central African Republic,3
1889,2011,Chile,6
1890,2011,China,4
1891,2011,Colombia,94
1892,2011,Czech Republic,1
1893,2011,Democratic Republic of the Congo,16
1894,2011,Ecuador,1
1895,2011,Egypt,18
1896,2011,Eritrea,1
1897,2011,Estonia,1
1898,2011,Ethiopia,3
1899,2011,France,8
1900,2011,Georgia,3
1901,2011,Germany,8
1902,2011,Greece,11
1903,2011,Honduras,1
1904,2011,India,645
1905,2011,Indonesia,21
1906,2011,Iran,13
1907,2011,Iraq,1308
1908,2011,Ireland,4
1909,2011,Israel,51
1910,2011,Italy,5
1911,2011,Ivory Coast,3
1912,2011,Kazakhstan,5
1913,2011,Kenya,42
1914,2011,Kosovo,1
1915,2011,Kuwait,1
1916,2011,Kyrgyzstan,1
1917,2011,Lebanon,10
1918,2011,Libya,2
1919,2011,Madagascar,1
1920,2011,Mali,4
1921,2011,Mauritania,3
1922,2011,Mexico,2
1923,2011,Morocco,1
1924,2011,Myanmar,2
1925,2011,Nepal,46
1926,2011,Netherlands,2
1927,2011,Niger,2
1928,2011,Nigeria,175
1929,2011,Norway,3
1930,2011,Pakistan,1012
1931,2011,Paraguay,4
1932,2011,Philippines,151
1933,2011,Portugal,2
1934,2011,Russia,188
1935,2011,Rwanda,2
1936,2011,Saudi Arabia,2
1937,2011,Senegal,4
1938,2011,Somalia,185
1939,2011,Sudan,38
1940,2011,Sweden,1
1941,2011,Switzerland,3
1942,2011,Syria,49
1943,2011,Thailand,182
1944,2011,Tunisia,3
1945,2011,Turkey,51
1946,2011,Ukraine,3
1947,2011,United Kingdom,47
1948,2011,United States,10
1949,2011,West Bank and Gaza Strip,20
1950,2011,Yemen,118
1951,2011,Zimbabwe,1
1952,2012,Afghanistan,1469
1953,2012,Algeria,41
1954,2012,Argentina,2
1955,2012,Bahrain,26
1956,2012,Bangladesh,18
1957,2012,Belarus,3
1958,2012,Belgium,1
1959,2012,Bolivia,1
1960,2012,Brazil,1
1961,2012,Bulgaria,2
1962,2012,Burundi,4
1963,2012,Canada,3
1964,2012,Central African Republic,4
1965,2012,Chile,2
1966,2012,China,4
1967,2012,Colombia,115
1968,2012,Cyprus,1
1969,2012,Democratic Republic of the Congo,25
1970,2012,Ecuador,1
1971,2012,Egypt,49
1972,2012,Ethiopia,3
1973,2012,France,66
1974,2012,Georgia,3
1975,2012,Germany,5
1976,2012,Greece,22
1977,2012,Guatemala,1
1978,2012,Guinea-Bissau,1
1979,2012,Iceland,1
1980,2012,India,611
1981,2012,Indonesia,39
1982,2012,Iran,5
1983,2012,Iraq,1437
1984,2012,Ireland,29
1985,2012,Israel,65
1986,2012,Italy,10
1987,2012,Ivory Coast,16
1988,2012,Jordan,2
1989,2012,Kazakhstan,4
1990,2012,Kenya,80
1991,2012,Kosovo,4
1992,2012,Laos,1
1993,2012,Lebanon,15
1994,2012,Liberia,1
1995,2012,Libya,57
1996,2012,Macedonia,1
1997,2012,Madagascar,1
1998,2012,Malaysia,2
1999,2012,Maldives,1
2000,2012,Mali,19
2001,2012,Mexico,16
2002,2012,Moldova,1
2003,2012,Mozambique,1
2004,2012,Myanmar,17
2005,2012,Nepal,46
2006,2012,Niger,1
2007,2012,Nigeria,616
2008,2012,Pakistan,1654
2009,2012,Paraguay,4
2010,2012,Peru,6
2011,2012,Philippines,249
2012,2012,Russia,151
2013,2012,Rwanda,6
2014,2012,Saudi Arabia,6
2015,2012,Senegal,12
2016,2012,Serbia,3
2017,2012,Somalia,325
2018,2012,South Africa,4
2019,2012,South Sudan,5
2020,2012,Spain,1
2021,2012,Sri Lanka,4
2022,2012,Sudan,40
2023,2012,Sweden,2
2024,2012,Syria,180
2025,2012,Tajikistan,5
2026,2012,Thailand,279
2027,2012,Tunisia,3
2028,2012,Turkey,188
2029,2012,Uganda,4
2030,2012,Ukraine,8
2031,2012,United Kingdom,55
2032,2012,United States,20
2033,2012,Venezuela,1
2034,2012,West Bank and Gaza Strip,23
2035,2012,Yemen,312
2036,2013,Afghanistan,1443
2037,2013,Albania,1
2038,2013,Algeria,22
2039,2013,Argentina,2
2040,2013,Armenia,1
2041,2013,Australia,1
2042,2013,Austria,1
2043,2013,Bahamas,1
2044,2013,Bahrain,52
2045,2013,Bangladesh,139
2046,2013,Belize,1
2047,2013,Bosnia-Herzegovina,1
2048,2013,Brazil,3
2049,2013,Bulgaria,3
2050,2013,Burkina Faso,1
2051,2013,Burundi,2
2052,2013,Cambodia,2
2053,2013,Cameroon,3
2054,2013,Canada,4
2055,2013,Central African Republic,20
2056,2013,Chile,5
2057,2013,China,12
2058,2013,Colombia,149
2059,2013,Croatia,2
2060,2013,Cyprus,9
2061,2013,Czech Republic,1
2062,2013,Democratic Republic of the Congo,22
2063,2013,Denmark,1
2064,2013,Dominican Republic,1
2065,2013,Ecuador,2
2066,2013,Egypt,321
2067,2013,Ethiopia,5
2068,2013,France,18
2069,2013,Georgia,2
2070,2013,Greece,54
2071,2013,Guatemala,6
2072,2013,Guinea,2
2073,2013,Honduras,2
2074,2013,India,694
2075,2013,Indonesia,32
2076,2013,Iran,11
2077,2013,Iraq,2852
2078,2013,Ireland,27
2079,2013,Israel,37
2080,2013,Italy,7
2081,2013,Ivory Coast,4
2082,2013,Japan,1
2083,2013,Jordan,1
2084,2013,Kazakhstan,4
2085,2013,Kenya,80
2086,2013,Kosovo,6
2087,2013,Lebanon,121
2088,2013,Libya,291
2089,2013,Madagascar,2
2090,2013,Malaysia,13
2091,2013,Maldives,3
2092,2013,Mali,58
2093,2013,Mexico,8
2094,2013,Montenegro,2
2095,2013,Mozambique,18
2096,2013,Myanmar,18
2097,2013,Nepal,104
2098,2013,Niger,4
2099,2013,Nigeria,346
2100,2013,Pakistan,2215
2101,2013,Paraguay,10
2102,2013,Peru,10
2103,2013,Philippines,651
2104,2013,Republic of the Congo,1
2105,2013,Russia,144
2106,2013,Rwanda,4
2107,2013,Saudi Arabia,6
2108,2013,Senegal,3
2109,2013,Somalia,342
2110,2013,South Africa,13
2111,2013,South Sudan,13
2112,2013,Spain,5
2113,2013,Sri Lanka,14
2114,2013,Sudan,46
2115,2013,Switzerland,2
2116,2013,Syria,285
2117,2013,Taiwan,2
2118,2013,Tanzania,7
2119,2013,Thailand,472
2120,2013,Trinidad and Tobago,3
2121,2013,Tunisia,29
2122,2013,Turkey,42
2123,2013,Ukraine,5
2124,2013,United Arab Emirates,1
2125,2013,United Kingdom,137
2126,2013,United States,20
2127,2013,Venezuela,1
2128,2013,West Bank and Gaza Strip,64
2129,2013,Yemen,425
2130,2013,Zimbabwe,3
2131,2014,Afghanistan,1824
2132,2014,Albania,2
2133,2014,Algeria,13
2134,2014,Argentina,1
2135,2014,Australia,8
2136,2014,Azerbaijan,3
2137,2014,Bahrain,42
2138,2014,Bangladesh,130
2139,2014,Belgium,2
2140,2014,Bhutan,1
2141,2014,Bosnia-Herzegovina,3
2142,2014,Brazil,3
2143,2014,Bulgaria,1
2144,2014,Burundi,5
2145,2014,Cameroon,68
2146,2014,Canada,3
2147,2014,Central African Republic,94
2148,2014,Chad,1
2149,2014,Chile,17
2150,2014,China,37
2151,2014,Colombia,231
2152,2014,Cyprus,5
2153,2014,Czech Republic,5
2154,2014,Democratic Republic of the Congo,110
2155,2014,Djibouti,1
2156,2014,Dominican Republic,1
2157,2014,Egypt,354
2158,2014,Ethiopia,2
2159,2014,France,14
2160,2014,Georgia,2
2161,2014,Germany,13
2162,2014,Ghana,1
2163,2014,Greece,26
2164,2014,Honduras,1
2165,2014,Hungary,1
2166,2014,Iceland,1
2167,2014,India,860
2168,2014,Indonesia,35
2169,2014,Iran,9
2170,2014,Iraq,3933
2171,2014,Ireland,33
2172,2014,Israel,293
2173,2014,Italy,7
2174,2014,Ivory Coast,1
2175,2014,Jamaica,1
2176,2014,Japan,5
2177,2014,Jordan,3
2178,2014,Kenya,115
2179,2014,Kosovo,4
2180,2014,Kyrgyzstan,2
2181,2014,Lebanon,204
2182,2014,Liberia,1
2183,2014,Libya,728
2184,2014,Macedonia,3
2185,2014,Madagascar,1
2186,2014,Malaysia,12
2187,2014,Maldives,9
2188,2014,Mali,69
2189,2014,Malta,1
2190,2014,Mexico,5
2191,2014,Mozambique,22
2192,2014,Myanmar,15
2193,2014,Nepal,7
2194,2014,Netherlands,1
2195,2014,New Zealand,1
2196,2014,Nicaragua,2
2197,2014,Niger,5
2198,2014,Nigeria,714
2199,2014,Pakistan,2151
2200,2014,Paraguay,15
2201,2014,Peru,12
2202,2014,Philippines,597
2203,2014,Russia,48
2204,2014,Rwanda,2
2205,2014,Saudi Arabia,14
2206,2014,Senegal,2
2207,2014,Somalia,872
2208,2014,South Africa,20
2209,2014,South Sudan,40
2210,2014,Spain,4
2211,2014,Sri Lanka,16
2212,2014,Sudan,157
2213,2014,Sweden,5
2214,2014,Syria,331
2215,2014,Taiwan,1
2216,2014,Tajikistan,1
2217,2014,Tanzania,11
2218,2014,Thailand,423
2219,2014,Tunisia,23
2220,2014,Turkey,94
2221,2014,Turkmenistan,1
2222,2014,Uganda,6
2223,2014,Ukraine,895
2224,2014,United Arab Emirates,2
2225,2014,United Kingdom,103
2226,2014,United States,29
2227,2014,Venezuela,4
2228,2014,West Bank and Gaza Strip,133
2229,2014,Yemen,763
2230,2014,Zimbabwe,1
2231,2015,Afghanistan,1928
2232,2015,Albania,4
2233,2015,Algeria,16
2234,2015,Argentina,1
2235,2015,Armenia,2
2236,2015,Australia,14
2237,2015,Bahrain,18
2238,2015,Bangladesh,469
2239,2015,Bosnia-Herzegovina,6
2240,2015,Brazil,5
2241,2015,Bulgaria,2
2242,2015,Burkina Faso,6
2243,2015,Burundi,102
2244,2015,Cameroon,83
2245,2015,Canada,5
2246,2015,Central African Republic,48
2247,2015,Chad,27
2248,2015,Chile,1
2249,2015,China,17
2250,2015,Colombia,136
2251,2015,Cyprus,3
2252,2015,Czech Republic,4
2253,2015,Democratic Republic of the Congo,143
2254,2015,Denmark,4
2255,2015,Djibouti,1
2256,2015,Ecuador,1
2257,2015,Egypt,647
2258,2015,Estonia,2
2259,2015,Ethiopia,7
2260,2015,Finland,9
2261,2015,France,37
2262,2015,Georgia,1
2263,2015,Germany,65
2264,2015,Greece,31
2265,2015,Guinea,2
2266,2015,Hungary,1
2267,2015,India,884
2268,2015,Indonesia,29
2269,2015,Iran,9
2270,2015,Iraq,2751
2271,2015,Ireland,28
2272,2015,Israel,58
2273,2015,Italy,5
2274,2015,Ivory Coast,4
2275,2015,Japan,10
2276,2015,Jordan,4
2277,2015,Kenya,71
2278,2015,Kosovo,2
2279,2015,Kuwait,1
2280,2015,Kyrgyzstan,3
2281,2015,Laos,2
2282,2015,Lebanon,44
2283,2015,Lesotho,1
2284,2015,Libya,543
2285,2015,Macedonia,4
2286,2015,Malaysia,5
2287,2015,Maldives,2
2288,2015,Mali,121
2289,2015,Malta,1
2290,2015,Mexico,19
2291,2015,Montenegro,1
2292,2015,Morocco,1
2293,2015,Mozambique,8
2294,2015,Myanmar,37
2295,2015,Nepal,48
2296,2015,Netherlands,3
2297,2015,Niger,41
2298,2015,Nigeria,638
2299,2015,Pakistan,1243
2300,2015,Paraguay,19
2301,2015,Peru,10
2302,2015,Philippines,721
2303,2015,Qatar,1
2304,2015,Russia,21
2305,2015,Saudi Arabia,103
2306,2015,Senegal,2
2307,2015,Somalia,418
2308,2015,South Africa,5
2309,2015,South Korea,1
2310,2015,South Sudan,54
2311,2015,Spain,1
2312,2015,Sri Lanka,11
2313,2015,Sudan,158
2314,2015,Sweden,32
2315,2015,Syria,491
2316,2015,Tajikistan,3
2317,2015,Tanzania,14
2318,2015,Thailand,278
2319,2015,Trinidad and Tobago,1
2320,2015,Tunisia,17
2321,2015,Turkey,422
2322,2015,Uganda,10
2323,2015,Ukraine,637
2324,2015,United Kingdom,114
2325,2015,United States,38
2326,2015,Uzbekistan,1
2327,2015,Venezuela,3
2328,2015,West Bank and Gaza Strip,246
2329,2015,Yemen,664
2330,2016,Afghanistan,1617
2331,2016,Albania,2
2332,2016,Algeria,9
2333,2016,Angola,2
2334,2016,Argentina,2
2335,2016,Armenia,2
2336,2016,Australia,9
2337,2016,Austria,3
2338,2016,Azerbaijan,2
2339,2016,Bahrain,3
2340,2016,Bangladesh,88
2341,2016,Belgium,6
2342,2016,Brazil,2
2343,2016,Bulgaria,1
2344,2016,Burkina Faso,10
2345,2016,Burundi,83
2346,2016,Cameroon,56
2347,2016,Canada,6
2348,2016,Central African Republic,38
2349,2016,Chad,5
2350,2016,Chile,18
2351,2016,China,5
2352,2016,Colombia,109
2353,2016,Cyprus,2
2354,2016,Czech Republic,2
2355,2016,Democratic Republic of the Congo,169
2356,2016,Denmark,1
2357,2016,Ecuador,2
2358,2016,Egypt,376
2359,2016,Ethiopia,13
2360,2016,Finland,3
2361,2016,France,26
2362,2016,Georgia,4
2363,2016,Germany,44
2364,2016,Ghana,1
2365,2016,Greece,31
2366,2016,Guinea,1
2367,2016,Guyana,1
2368,2016,Haiti,1
2369,2016,Honduras,1
2370,2016,Hungary,1
2371,2016,India,1025
2372,2016,Indonesia,19
2373,2016,Iran,10
2374,2016,Iraq,3360
2375,2016,Ireland,15
2376,2016,Israel,50
2377,2016,Italy,11
2378,2016,Ivory Coast,1
2379,2016,Japan,1
2380,2016,Jordan,9
2381,2016,Kazakhstan,3
2382,2016,Kenya,65
2383,2016,Kosovo,8
2384,2016,Kuwait,2
2385,2016,Kyrgyzstan,4
2386,2016,Laos,4
2387,2016,Lebanon,41
2388,2016,Libya,422
2389,2016,Madagascar,1
2390,2016,Malaysia,19
2391,2016,Maldives,1
2392,2016,Mali,99
2393,2016,Mexico,5
2394,2016,Moldova,1
2395,2016,Mozambique,79
2396,2016,Myanmar,74
2397,2016,Nepal,43
2398,2016,Netherlands,6
2399,2016,New Zealand,1
2400,2016,Niger,25
2401,2016,Nigeria,533
2402,2016,Pakistan,864
2403,2016,Panama,1
2404,2016,Paraguay,15
2405,2016,Peru,3
2406,2016,Philippines,632
2407,2016,Poland,2
2408,2016,Republic of the Congo,15
2409,2016,Russia,55
2410,2016,Rwanda,1
2411,2016,Saudi Arabia,124
2412,2016,Sierra Leone,1
2413,2016,Slovak Republic,1
2414,2016,Somalia,602
2415,2016,South Africa,27
2416,2016,South Korea,1
2417,2016,South Sudan,59
2418,2016,Spain,3
2419,2016,Sri Lanka,1
2420,2016,Sudan,173
2421,2016,Sweden,16
2422,2016,Switzerland,1
2423,2016,Syria,473
2424,2016,Taiwan,1
2425,2016,Tajikistan,2
2426,2016,Tanzania,3
2427,2016,Thailand,329
2428,2016,Tunisia,12
2429,2016,Turkey,542
2430,2016,Uganda,15
2431,2016,Ukraine,61
2432,2016,United Kingdom,105
2433,2016,United States,64
2434,2016,Uruguay,1
2435,2016,Venezuela,6
2436,2016,West Bank and Gaza Strip,157
2437,2016,Yemen,525
2438,2017,Afghanistan,1414
2439,2017,Albania,1
2440,2017,Algeria,14
2441,2017,Angola,6
2442,2017,Argentina,3
2443,2017,Australia,4
2444,2017,Austria,1
2445,2017,Azerbaijan,2
2446,2017,Bahrain,21
2447,2017,Bangladesh,41
2448,2017,Belgium,3
2449,2017,Brazil,2
2450,2017,Burkina Faso,32
2451,2017,Burundi,21
2452,2017,Cameroon,94
2453,2017,Canada,12
2454,2017,Central African Republic,43
2455,2017,Chad,6
2456,2017,Chile,12
2457,2017,China,6
2458,2017,Colombia,117
2459,2017,Czech Republic,3
2460,2017,Democratic Republic of the Congo,143
2461,2017,Djibouti,1
2462,2017,Dominican Republic,1
2463,2017,Ecuador,3
2464,2017,Egypt,224
2465,2017,Ethiopia,27
2466,2017,Finland,2
2467,2017,France,41
2468,2017,Gabon,4
2469,2017,Georgia,1
2470,2017,Germany,27
2471,2017,Greece,43
2472,2017,Honduras,1
2473,2017,India,966
2474,2017,Indonesia,27
2475,2017,Iran,11
2476,2017,Iraq,2466
2477,2017,Ireland,17
2478,2017,Israel,32
2479,2017,Italy,8
2480,2017,Ivory Coast,13
2481,2017,Jamaica,2
2482,2017,Jordan,8
2483,2017,Kenya,97
2484,2017,Kosovo,8
2485,2017,Kyrgyzstan,2
2486,2017,Laos,1
2487,2017,Latvia,1
2488,2017,Lebanon,23
2489,2017,Liberia,1
2490,2017,Libya,190
2491,2017,Macedonia,1
2492,2017,Malawi,1
2493,2017,Malaysia,4
2494,2017,Maldives,2
2495,2017,Mali,141
2496,2017,Malta,3
2497,2017,Mexico,20
2498,2017,Mozambique,11
2499,2017,Myanmar,115
2500,2017,Nepal,247
2501,2017,Netherlands,1
2502,2017,Niger,13
2503,2017,Nigeria,484
2504,2017,Norway,1
2505,2017,Pakistan,719
2506,2017,Papua New Guinea,8
2507,2017,Paraguay,10
2508,2017,Peru,8
2509,2017,Philippines,692
2510,2017,Poland,1
2511,2017,Russia,33
2512,2017,Rwanda,2
2513,2017,Saudi Arabia,54
2514,2017,Serbia,1
2515,2017,Sierra Leone,3
2516,2017,Somalia,614
2517,2017,South Africa,29
2518,2017,South Sudan,54
2519,2017,Spain,4
2520,2017,Sri Lanka,41
2521,2017,Sudan,106
2522,2017,Sweden,18
2523,2017,Syria,243
2524,2017,Taiwan,1
2525,2017,Tajikistan,2
2526,2017,Tanzania,6
2527,2017,Thailand,179
2528,2017,Tunisia,4
2529,2017,Turkey,181
2530,2017,Uganda,13
2531,2017,Ukraine,61
2532,2017,United Kingdom,122
2533,2017,United States,65
2534,2017,Venezuela,17
2535,2017,Vietnam,2
2536,2017,West Bank and Gaza Strip,83
2537,2017,Yemen,226
2538,2017,Zambia,2
2539,2017,Zimbabwe,3
