,iyear,country_txt,sum_nkill,sum_nwound
0,1990,Afghanistan,12.0,122.0
1,1990,Albania,0.0,0.0
2,1990,Algeria,3.0,1.0
3,1990,Angola,147.0,217.0
4,1990,Argentina,1.0,1.0
5,1990,Austria,0.0,0.0
6,1990,Bangladesh,66.0,132.0
7,1990,Belgium,2.0,0.0
8,1990,Bolivia,6.0,33.0
9,1990,Botswana,6.0,0.0
10,1990,Brazil,3.0,4.0
11,1990,Bulgaria,0.0,0.0
12,1990,Cambodia,0.0,0.0
13,1990,Chile,8.0,38.0
14,1990,China,2.0,10.0
15,1990,Colombia,694.0,747.0
16,1990,Costa Rica,0.0,0.0
17,1990,Cyprus,0.0,2.0
18,1990,Czechoslovakia,0.0,20.0
19,1990,Djibouti,1.0,14.0
20,1990,Dominican Republic,3.0,3.0
21,1990,East Germany (GDR),0.0,0.0
22,1990,Ecuador,3.0,6.0
23,1990,Egypt,21.0,32.0
24,1990,El Salvador,294.0,224.0
25,1990,Ethiopia,17.0,0.0
26,1990,France,3.0,3.0
27,1990,Germany,0.0,0.0
28,1990,Greece,2.0,10.0
29,1990,Guatemala,68.0,42.0
30,1990,Guyana,0.0,3.0
31,1990,Haiti,13.0,106.0
32,1990,Honduras,3.0,13.0
33,1990,Hong Kong,0.0,0.0
34,1990,India,907.0,1042.0
35,1990,Indonesia,12.0,0.0
36,1990,Iran,10.0,2.0
37,1990,Ireland,0.0,0.0
38,1990,Israel,57.0,192.0
39,1990,Italy,0.0,0.0
40,1990,Japan,2.0,125.0
41,1990,Jordan,0.0,5.0
42,1990,Laos,0.0,0.0
43,1990,Lebanon,113.0,191.0
44,1990,Liberia,2.0,0.0
45,1990,Malaysia,0.0,3.0
46,1990,Mali,14.0,1.0
47,1990,Mexico,3.0,1.0
48,1990,Mozambique,185.0,126.0
49,1990,Myanmar,71.0,51.0
50,1990,Namibia,0.0,0.0
51,1990,Netherlands,2.0,1.0
52,1990,Nicaragua,23.0,8.0
53,1990,Pakistan,188.0,486.0
54,1990,Panama,2.0,54.0
55,1990,Papua New Guinea,12.0,12.0
56,1990,Peru,1146.0,237.0
57,1990,Philippines,457.0,340.0
58,1990,Poland,1.0,1.0
59,1990,Republic of the Congo,0.0,0.0
60,1990,Senegal,20.0,65.0
61,1990,Somalia,5.0,0.0
62,1990,South Africa,150.0,293.0
63,1990,South Korea,0.0,1.0
64,1990,Soviet Union,58.0,101.0
65,1990,Spain,32.0,138.0
66,1990,Sri Lanka,1505.0,356.0
67,1990,Sudan,0.0,0.0
68,1990,Suriname,0.0,0.0
69,1990,Sweden,1.0,11.0
70,1990,Switzerland,1.0,0.0
71,1990,Taiwan,0.0,0.0
72,1990,Thailand,22.0,54.0
73,1990,Turkey,512.0,219.0
74,1990,Uganda,84.0,31.0
75,1990,United Kingdom,76.0,123.0
76,1990,United States,5.0,7.0
77,1990,Uruguay,0.0,0.0
78,1990,Venezuela,0.0,0.0
79,1990,West Bank and Gaza Strip,62.0,28.0
80,1990,West Germany (FRG),1.0,4.0
81,1990,Yugoslavia,0.0,0.0
82,1990,Zambia,20.0,22.0
83,1990,Zimbabwe,9.0,14.0
84,1991,Afghanistan,68.0,127.0
85,1991,Albania,0.0,0.0
86,1991,Algeria,42.0,73.0
87,1991,Angola,69.0,75.0
88,1991,Argentina,1.0,7.0
89,1991,Armenia,0.0,0.0
90,1991,Australia,0.0,0.0
91,1991,Austria,0.0,0.0
92,1991,Azerbaijan,26.0,4.0
93,1991,Bahrain,1.0,0.0
94,1991,Bangladesh,69.0,454.0
95,1991,Belgium,1.0,0.0
96,1991,Belize,2.0,0.0
97,1991,Bolivia,7.0,1.0
98,1991,Brazil,12.0,17.0
99,1991,Bulgaria,0.0,0.0
100,1991,Burkina Faso,1.0,2.0
101,1991,Burundi,117.0,41.0
102,1991,Cambodia,16.0,18.0
103,1991,Cameroon,36.0,0.0
104,1991,Central African Republic,3.0,7.0
105,1991,Chad,40.0,0.0
106,1991,Chile,16.0,30.0
107,1991,China,0.0,0.0
108,1991,Colombia,742.0,420.0
109,1991,Costa Rica,0.0,0.0
110,1991,Croatia,237.0,35.0
111,1991,Cuba,0.0,0.0
112,1991,Cyprus,0.0,0.0
113,1991,Czechoslovakia,1.0,0.0
114,1991,Denmark,0.0,0.0
115,1991,Djibouti,8.0,26.0
116,1991,Dominican Republic,1.0,0.0
117,1991,Ecuador,0.0,0.0
118,1991,Egypt,8.0,13.0
119,1991,El Salvador,426.0,1017.0
120,1991,Ethiopia,161.0,0.0
121,1991,Fiji,0.0,0.0
122,1991,France,6.0,5.0
123,1991,Georgia,2.0,8.0
124,1991,Germany,10.0,35.0
125,1991,Greece,15.0,23.0
126,1991,Guadeloupe,1.0,0.0
127,1991,Guatemala,73.0,22.0
128,1991,Haiti,137.0,1.0
129,1991,Honduras,18.0,21.0
130,1991,Hong Kong,0.0,2.0
131,1991,Hungary,0.0,3.0
132,1991,India,1113.0,1326.0
133,1991,Indonesia,21.0,60.0
134,1991,Iran,2.0,0.0
135,1991,Iraq,1.0,2.0
136,1991,Ireland,3.0,0.0
137,1991,Israel,31.0,51.0
138,1991,Italy,0.0,6.0
139,1991,Jamaica,0.0,0.0
140,1991,Japan,1.0,1.0
141,1991,Jordan,1.0,8.0
142,1991,Kenya,0.0,0.0
143,1991,Kuwait,1.0,1.0
144,1991,Lebanon,98.0,386.0
145,1991,Liberia,0.0,0.0
146,1991,Lithuania,0.0,1.0
147,1991,Madagascar,4.0,0.0
148,1991,Malaysia,0.0,1.0
149,1991,Mali,43.0,19.0
150,1991,Martinique,0.0,0.0
151,1991,Mexico,13.0,0.0
152,1991,Moldova,0.0,0.0
153,1991,Morocco,3.0,0.0
154,1991,Mozambique,271.0,169.0
155,1991,Myanmar,90.0,74.0
156,1991,Namibia,3.0,3.0
157,1991,Nepal,0.0,0.0
158,1991,Netherlands,0.0,0.0
159,1991,New Zealand,0.0,0.0
160,1991,Nicaragua,54.0,45.0
161,1991,Niger,8.0,2.0
162,1991,Nigeria,10.0,34.0
163,1991,Norway,0.0,0.0
164,1991,Pakistan,231.0,599.0
165,1991,Panama,2.0,0.0
166,1991,Papua New Guinea,3.0,0.0
167,1991,Peru,1412.0,420.0
168,1991,Philippines,432.0,247.0
169,1991,Romania,1.0,3.0
170,1991,Rwanda,0.0,0.0
171,1991,Saudi Arabia,0.0,6.0
172,1991,Senegal,5.0,0.0
173,1991,Sierra Leone,128.0,0.0
174,1991,Singapore,4.0,2.0
175,1991,Somalia,6.0,0.0
176,1991,South Africa,384.0,387.0
177,1991,South Korea,0.0,0.0
178,1991,Soviet Union,28.0,22.0
179,1991,Spain,46.0,164.0
180,1991,Sri Lanka,1034.0,386.0
181,1991,Sudan,32.0,0.0
182,1991,Suriname,1.0,0.0
183,1991,Swaziland,0.0,0.0
184,1991,Sweden,1.0,1.0
185,1991,Switzerland,0.0,4.0
186,1991,Taiwan,7.0,28.0
187,1991,Thailand,11.0,27.0
188,1991,Togo,13.0,0.0
189,1991,Trinidad and Tobago,0.0,1.0
190,1991,Tunisia,4.0,0.0
191,1991,Turkey,308.0,300.0
192,1991,Uganda,2.0,0.0
193,1991,Ukraine,0.0,1.0
194,1991,United Kingdom,88.0,235.0
195,1991,United States,2.0,4.0
196,1991,Uruguay,0.0,0.0
197,1991,Venezuela,47.0,1.0
198,1991,West Bank and Gaza Strip,43.0,50.0
199,1991,Yemen,1.0,2.0
200,1991,Yugoslavia,6.0,7.0
201,1991,Zaire,3.0,18.0
202,1991,Zimbabwe,0.0,0.0
203,1992,Afghanistan,49.0,185.0
204,1992,Albania,1.0,0.0
205,1992,Algeria,236.0,274.0
206,1992,Angola,97.0,56.0
207,1992,Antigua and Barbuda,0.0,0.0
208,1992,Argentina,33.0,224.0
209,1992,Armenia,2.0,1.0
210,1992,Australia,1.0,4.0
211,1992,Austria,0.0,1.0
212,1992,Azerbaijan,186.0,50.0
213,1992,Bangladesh,101.0,491.0
214,1992,Barbados,3.0,3.0
215,1992,Belgium,1.0,0.0
216,1992,Belize,1.0,0.0
217,1992,Benin,0.0,1.0
218,1992,Bolivia,5.0,4.0
219,1992,Bosnia-Herzegovina,55.0,22.0
220,1992,Brazil,28.0,10.0
221,1992,Brunei,0.0,1.0
222,1992,Bulgaria,0.0,0.0
223,1992,Burundi,61.0,19.0
224,1992,Cambodia,64.0,148.0
225,1992,Cameroon,6.0,5.0
226,1992,Canada,0.0,2.0
227,1992,Central African Republic,1.0,0.0
228,1992,Chad,170.0,0.0
229,1992,Chile,12.0,13.0
230,1992,China,9.0,20.0
231,1992,Colombia,631.0,449.0
232,1992,Comoros,1.0,0.0
233,1992,Costa Rica,0.0,0.0
234,1992,Croatia,2.0,20.0
235,1992,Cuba,3.0,1.0
236,1992,Cyprus,0.0,0.0
237,1992,Czechoslovakia,0.0,3.0
238,1992,Denmark,1.0,0.0
239,1992,Djibouti,228.0,21.0
240,1992,Dominican Republic,1.0,10.0
241,1992,Ecuador,2.0,6.0
242,1992,Egypt,49.0,121.0
243,1992,El Salvador,23.0,38.0
244,1992,Equatorial Guinea,1.0,0.0
245,1992,Estonia,0.0,1.0
246,1992,Ethiopia,330.0,332.0
247,1992,Fiji,1.0,0.0
248,1992,Finland,0.0,0.0
249,1992,France,9.0,12.0
250,1992,Georgia,109.0,50.0
251,1992,Germany,17.0,217.0
252,1992,Ghana,0.0,1.0
253,1992,Greece,2.0,34.0
254,1992,Guatemala,28.0,67.0
255,1992,Guinea,0.0,0.0
256,1992,Guyana,0.0,1.0
257,1992,Haiti,18.0,7.0
258,1992,Honduras,5.0,5.0
259,1992,Hong Kong,1.0,0.0
260,1992,Hungary,0.0,1.0
261,1992,India,1152.0,917.0
262,1992,Indonesia,33.0,0.0
263,1992,Iran,9.0,5.0
264,1992,Iraq,117.0,88.0
265,1992,Ireland,0.0,0.0
266,1992,Israel,38.0,110.0
267,1992,Italy,17.0,23.0
268,1992,Ivory Coast,1.0,0.0
269,1992,Jamaica,5.0,0.0
270,1992,Japan,0.0,0.0
271,1992,Jordan,1.0,0.0
272,1992,Kazakhstan,9.0,1.0
273,1992,Kenya,155.0,62.0
274,1992,Kuwait,2.0,11.0
275,1992,Laos,3.0,0.0
276,1992,Latvia,0.0,1.0
277,1992,Lebanon,79.0,116.0
278,1992,Liberia,37.0,28.0
279,1992,Libya,0.0,0.0
280,1992,Lithuania,0.0,0.0
281,1992,Madagascar,16.0,58.0
282,1992,Malawi,32.0,0.0
283,1992,Malaysia,0.0,0.0
284,1992,Mali,5.0,0.0
285,1992,Malta,1.0,0.0
286,1992,Martinique,0.0,0.0
287,1992,Mexico,6.0,2.0
288,1992,Moldova,10.0,39.0
289,1992,Morocco,2.0,0.0
290,1992,Mozambique,155.0,61.0
291,1992,Myanmar,139.0,64.0
292,1992,Nepal,9.0,46.0
293,1992,Netherlands,0.0,1.0
294,1992,New Caledonia,0.0,0.0
295,1992,Nicaragua,22.0,13.0
296,1992,Niger,34.0,13.0
297,1992,Nigeria,135.0,130.0
298,1992,Norway,0.0,2.0
299,1992,Pakistan,152.0,393.0
300,1992,Panama,3.0,20.0
301,1992,Papua New Guinea,7.0,10.0
302,1992,Paraguay,0.0,0.0
303,1992,Peru,818.0,762.0
304,1992,Philippines,395.0,465.0
305,1992,Poland,4.0,5.0
306,1992,Portugal,0.0,1.0
307,1992,Romania,0.0,0.0
308,1992,Russia,34.0,38.0
309,1992,Rwanda,141.0,182.0
310,1992,Senegal,64.0,22.0
311,1992,Sierra Leone,21.0,4.0
312,1992,Singapore,0.0,0.0
313,1992,Somalia,8.0,12.0
314,1992,South Africa,706.0,447.0
315,1992,South Korea,1.0,0.0
316,1992,Spain,29.0,83.0
317,1992,Sri Lanka,984.0,449.0
318,1992,Sudan,13.0,0.0
319,1992,Suriname,0.0,0.0
320,1992,Swaziland,0.0,0.0
321,1992,Sweden,2.0,5.0
322,1992,Switzerland,6.0,6.0
323,1992,Taiwan,16.0,30.0
324,1992,Tajikistan,14.0,804.0
325,1992,Thailand,39.0,90.0
326,1992,Togo,12.0,23.0
327,1992,Trinidad and Tobago,0.0,0.0
328,1992,Turkey,1233.0,537.0
329,1992,Uganda,2.0,14.0
330,1992,Ukraine,1.0,1.0
331,1992,United Arab Emirates,0.0,1.0
332,1992,United Kingdom,94.0,453.0
333,1992,United States,2.0,3.0
334,1992,Uruguay,0.0,0.0
335,1992,Uzbekistan,0.0,1.0
336,1992,Venezuela,7.0,28.0
337,1992,Vietnam,0.0,0.0
338,1992,West Bank and Gaza Strip,93.0,183.0
339,1992,Western Sahara,0.0,1.0
340,1992,Yemen,20.0,21.0
341,1992,Yugoslavia,3.0,43.0
342,1992,Zaire,10.0,56.0
343,1992,Zimbabwe,0.0,0.0
344,1994,Afghanistan,22.0,30.0
345,1994,Albania,1.0,0.0
346,1994,Algeria,500.0,133.0
347,1994,Angola,108.0,75.0
348,1994,Argentina,86.0,266.0
349,1994,Armenia,15.0,46.0
350,1994,Australia,3.0,8.0
351,1994,Austria,0.0,3.0
352,1994,Azerbaijan,30.0,104.0
353,1994,Bahrain,0.0,3.0
354,1994,Bangladesh,30.0,657.0
355,1994,Belarus,0.0,0.0
356,1994,Belgium,0.0,16.0
357,1994,Benin,0.0,3.0
358,1994,Bolivia,1.0,21.0
359,1994,Bosnia-Herzegovina,3.0,5.0
360,1994,Brazil,15.0,4.0
361,1994,Bulgaria,1.0,1.0
362,1994,Burundi,265.0,158.0
363,1994,Cambodia,225.0,88.0
364,1994,Cameroon,33.0,6.0
365,1994,Canada,0.0,1.0
366,1994,Central African Republic,2.0,5.0
367,1994,Chad,1.0,3.0
368,1994,Chile,0.0,7.0
369,1994,China,18.0,96.0
370,1994,Colombia,218.0,115.0
371,1994,Comoros,0.0,0.0
372,1994,Costa Rica,1.0,0.0
373,1994,Croatia,3.0,0.0
374,1994,Cuba,3.0,6.0
375,1994,Cyprus,2.0,0.0
376,1994,Czech Republic,0.0,0.0
377,1994,Djibouti,6.0,15.0
378,1994,Dominican Republic,2.0,18.0
379,1994,Ecuador,0.0,2.0
380,1994,Egypt,173.0,148.0
381,1994,El Salvador,22.0,32.0
382,1994,Estonia,0.0,0.0
383,1994,Ethiopia,6.0,1.0
384,1994,Finland,0.0,0.0
385,1994,France,7.0,22.0
386,1994,Gabon,0.0,0.0
387,1994,Gambia,13.0,0.0
388,1994,Georgia,29.0,45.0
389,1994,Germany,2.0,85.0
390,1994,Ghana,13.0,0.0
391,1994,Greece,3.0,19.0
392,1994,Guatemala,22.0,39.0
393,1994,Guinea,2.0,20.0
394,1994,Haiti,87.0,50.0
395,1994,Honduras,10.0,26.0
396,1994,Hong Kong,3.0,4.0
397,1994,Hungary,0.0,0.0
398,1994,India,389.0,405.0
399,1994,Indonesia,1.0,6.0
400,1994,Iran,74.0,327.0
401,1994,Iraq,75.0,195.0
402,1994,Ireland,4.0,2.0
403,1994,Israel,60.0,198.0
404,1994,Italy,2.0,8.0
405,1994,Ivory Coast,5.0,0.0
406,1994,Jamaica,2.0,0.0
407,1994,Japan,8.0,504.0
408,1994,Jordan,0.0,7.0
409,1994,Kazakhstan,0.0,0.0
410,1994,Kenya,40.0,1.0
411,1994,Kuwait,0.0,3.0
412,1994,Laos,2.0,1.0
413,1994,Latvia,1.0,0.0
414,1994,Lebanon,57.0,127.0
415,1994,Lesotho,0.0,0.0
416,1994,Liberia,110.0,0.0
417,1994,Luxembourg,0.0,0.0
418,1994,Macedonia,0.0,0.0
419,1994,Mali,131.0,46.0
420,1994,Mexico,88.0,32.0
421,1994,Moldova,1.0,0.0
422,1994,Morocco,0.0,0.0
423,1994,Mozambique,0.0,0.0
424,1994,Myanmar,18.0,16.0
425,1994,Namibia,0.0,0.0
426,1994,Nepal,4.0,15.0
427,1994,Netherlands,0.0,1.0
428,1994,New Zealand,0.0,0.0
429,1994,Nicaragua,12.0,7.0
430,1994,Niger,53.0,4.0
431,1994,Nigeria,15.0,0.0
432,1994,North Korea,3.0,4.0
433,1994,Norway,0.0,0.0
434,1994,Pakistan,354.0,434.0
435,1994,Panama,21.0,0.0
436,1994,Papua New Guinea,17.0,26.0
437,1994,Paraguay,1.0,2.0
438,1994,Peru,81.0,64.0
439,1994,Philippines,126.0,198.0
440,1994,Poland,0.0,0.0
441,1994,Portugal,2.0,0.0
442,1994,Republic of the Congo,12.0,4.0
443,1994,Russia,34.0,33.0
444,1994,Rwanda,1571.0,9.0
445,1994,Saudi Arabia,0.0,0.0
446,1994,Senegal,5.0,0.0
447,1994,Sierra Leone,228.0,33.0
448,1994,Singapore,1.0,1.0
449,1994,Slovak Republic,0.0,0.0
450,1994,Slovenia,1.0,1.0
451,1994,Somalia,78.0,116.0
452,1994,South Africa,447.0,581.0
453,1994,South Korea,1.0,1.0
454,1994,Spain,17.0,31.0
455,1994,Sri Lanka,186.0,446.0
456,1994,Sudan,17.0,23.0
457,1994,Suriname,0.0,0.0
458,1994,Sweden,0.0,1.0
459,1994,Taiwan,1.0,3.0
460,1994,Tajikistan,48.0,63.0
461,1994,Tanzania,1.0,0.0
462,1994,Thailand,17.0,47.0
463,1994,Togo,47.0,9.0
464,1994,Trinidad and Tobago,2.0,0.0
465,1994,Tunisia,1.0,0.0
466,1994,Turkey,982.0,452.0
467,1994,Uganda,22.0,41.0
468,1994,Ukraine,4.0,6.0
469,1994,United Kingdom,66.0,177.0
470,1994,United States,10.0,16.0
471,1994,Uruguay,0.0,4.0
472,1994,Venezuela,4.0,10.0
473,1994,Vietnam,0.0,21.0
474,1994,Wallis and Futuna,0.0,0.0
475,1994,West Bank and Gaza Strip,129.0,387.0
476,1994,Yemen,14.0,2.0
477,1994,Yugoslavia,0.0,0.0
478,1994,Zaire,1.0,7.0
479,1994,Zimbabwe,0.0,25.0
480,1995,Afghanistan,5.0,10.0
481,1995,Algeria,418.0,1061.0
482,1995,Angola,52.0,26.0
483,1995,Argentina,0.0,1.0
484,1995,Armenia,2.0,20.0
485,1995,Australia,0.0,0.0
486,1995,Austria,6.0,6.0
487,1995,Azerbaijan,0.0,0.0
488,1995,Bahrain,1.0,2.0
489,1995,Bangladesh,35.0,892.0
490,1995,Belgium,0.0,0.0
491,1995,Benin,0.0,0.0
492,1995,Bolivia,0.0,0.0
493,1995,Bosnia-Herzegovina,2.0,3.0
494,1995,Botswana,0.0,1.0
495,1995,Brazil,13.0,40.0
496,1995,Bulgaria,3.0,0.0
497,1995,Burundi,583.0,300.0
498,1995,Cambodia,21.0,98.0
499,1995,Cameroon,5.0,1.0
500,1995,Canada,1.0,1.0
501,1995,Chad,0.0,0.0
502,1995,Chile,1.0,5.0
503,1995,China,6.0,198.0
504,1995,Colombia,521.0,326.0
505,1995,Croatia,1.0,2.0
506,1995,Cyprus,0.0,1.0
507,1995,Czech Republic,1.0,0.0
508,1995,Denmark,0.0,0.0
509,1995,Djibouti,0.0,4.0
510,1995,Ecuador,4.0,2.0
511,1995,Egypt,134.0,135.0
512,1995,El Salvador,3.0,16.0
513,1995,Eritrea,0.0,19.0
514,1995,Estonia,0.0,0.0
515,1995,Ethiopia,5.0,4.0
516,1995,Finland,0.0,1.0
517,1995,France,19.0,177.0
518,1995,French Polynesia,0.0,13.0
519,1995,Gambia,0.0,0.0
520,1995,Georgia,14.0,23.0
521,1995,Germany,10.0,26.0
522,1995,Ghana,2.0,6.0
523,1995,Greece,0.0,0.0
524,1995,Guatemala,40.0,10.0
525,1995,Haiti,16.0,40.0
526,1995,Honduras,8.0,2.0
527,1995,Hong Kong,0.0,0.0
528,1995,India,361.0,616.0
529,1995,Indonesia,41.0,51.0
530,1995,Iran,0.0,11.0
531,1995,Iraq,156.0,256.0
532,1995,Ireland,1.0,1.0
533,1995,Israel,18.0,147.0
534,1995,Italy,0.0,1.0
535,1995,Ivory Coast,40.0,5.0
536,1995,Jamaica,1.0,1.0
537,1995,Japan,15.0,6225.0
538,1995,Jordan,1.0,2.0
539,1995,Kenya,2.0,2.0
540,1995,Latvia,0.0,0.0
541,1995,Lebanon,35.0,72.0
542,1995,Libya,0.0,0.0
543,1995,Lithuania,0.0,0.0
544,1995,Macau,0.0,0.0
545,1995,Macedonia,1.0,6.0
546,1995,Madagascar,4.0,0.0
547,1995,Mali,2.0,6.0
548,1995,Malta,1.0,1.0
549,1995,Mexico,61.0,27.0
550,1995,Morocco,0.0,1.0
551,1995,Mozambique,15.0,1.0
552,1995,Myanmar,30.0,29.0
553,1995,Netherlands,1.0,2.0
554,1995,Nicaragua,6.0,26.0
555,1995,Niger,22.0,0.0
556,1995,Nigeria,1.0,0.0
557,1995,Pakistan,712.0,615.0
558,1995,Panama,3.0,0.0
559,1995,Papua New Guinea,6.0,4.0
560,1995,Paraguay,0.0,16.0
561,1995,Peru,103.0,48.0
562,1995,Philippines,201.0,102.0
563,1995,Poland,0.0,1.0
564,1995,Portugal,0.0,15.0
565,1995,Romania,0.0,5.0
566,1995,Russia,145.0,34.0
567,1995,Rwanda,201.0,86.0
568,1995,Saudi Arabia,14.0,161.0
569,1995,Senegal,18.0,23.0
570,1995,Sierra Leone,40.0,23.0
571,1995,Slovak Republic,3.0,1.0
572,1995,Somalia,29.0,162.0
573,1995,South Africa,105.0,88.0
574,1995,South Korea,0.0,1.0
575,1995,Spain,18.0,86.0
576,1995,Sri Lanka,1020.0,599.0
577,1995,St. Kitts and Nevis,0.0,9.0
578,1995,Sudan,6.0,0.0
579,1995,Swaziland,0.0,0.0
580,1995,Sweden,0.0,0.0
581,1995,Switzerland,1.0,0.0
582,1995,Taiwan,0.0,2.0
583,1995,Tajikistan,78.0,23.0
584,1995,Tanzania,0.0,0.0
585,1995,Thailand,19.0,25.0
586,1995,Togo,0.0,0.0
587,1995,Trinidad and Tobago,4.0,0.0
588,1995,Tunisia,7.0,0.0
589,1995,Turkey,189.0,216.0
590,1995,Uganda,145.0,20.0
591,1995,Ukraine,0.0,2.0
592,1995,United Arab Emirates,0.0,0.0
593,1995,United Kingdom,11.0,5.0
594,1995,United States,178.0,738.0
595,1995,Uruguay,0.0,0.0
596,1995,Uzbekistan,0.0,0.0
597,1995,Venezuela,8.0,34.0
598,1995,Vietnam,0.0,5.0
599,1995,West Bank and Gaza Strip,43.0,129.0
600,1995,Yemen,4.0,12.0
601,1995,Yugoslavia,2.0,7.0
602,1995,Zaire,43.0,33.0
603,1995,Zambia,0.0,0.0
604,1995,Zimbabwe,0.0,1.0
605,1996,Afghanistan,31.0,30.0
606,1996,Albania,7.0,37.0
607,1996,Algeria,529.0,1118.0
608,1996,Angola,18.0,6.0
609,1996,Argentina,1.0,12.0
610,1996,Armenia,2.0,0.0
611,1996,Australia,2.0,1.0
612,1996,Austria,0.0,1.0
613,1996,Azerbaijan,2.0,0.0
614,1996,Bahrain,8.0,15.0
615,1996,Bangladesh,89.0,1463.0
616,1996,Benin,0.0,0.0
617,1996,Bolivia,0.0,0.0
618,1996,Bosnia-Herzegovina,2.0,12.0
619,1996,Brazil,22.0,9.0
620,1996,Bulgaria,9.0,3.0
621,1996,Burundi,1371.0,286.0
622,1996,Cambodia,44.0,78.0
623,1996,Canada,0.0,1.0
624,1996,Central African Republic,2.0,0.0
625,1996,Chad,1.0,0.0
626,1996,Chile,2.0,4.0
627,1996,China,23.0,106.0
628,1996,Colombia,611.0,476.0
629,1996,Costa Rica,1.0,4.0
630,1996,Croatia,0.0,1.0
631,1996,Cuba,0.0,0.0
632,1996,Cyprus,3.0,3.0
633,1996,Czech Republic,2.0,3.0
634,1996,Dominican Republic,3.0,11.0
635,1996,Ecuador,2.0,2.0
636,1996,Egypt,97.0,63.0
637,1996,El Salvador,26.0,59.0
638,1996,Eritrea,6.0,0.0
639,1996,Estonia,1.0,10.0
640,1996,Ethiopia,133.0,27.0
641,1996,France,18.0,114.0
642,1996,French Guiana,0.0,1.0
643,1996,Gabon,0.0,1.0
644,1996,Georgia,2.0,10.0
645,1996,Germany,1.0,5.0
646,1996,Ghana,3.0,0.0
647,1996,Greece,0.0,3.0
648,1996,Guatemala,14.0,9.0
649,1996,Guinea,2.0,0.0
650,1996,Haiti,14.0,7.0
651,1996,Honduras,11.0,29.0
652,1996,Hong Kong,0.0,5.0
653,1996,Hungary,0.0,8.0
654,1996,India,569.0,952.0
655,1996,Indonesia,30.0,188.0
656,1996,Iran,3.0,2.0
657,1996,Iraq,11.0,14.0
658,1996,Ireland,1.0,0.0
659,1996,Israel,73.0,226.0
660,1996,Italy,0.0,1.0
661,1996,Ivory Coast,5.0,7.0
662,1996,Jamaica,1.0,0.0
663,1996,Japan,0.0,2.0
664,1996,Jordan,0.0,1.0
665,1996,Kenya,2.0,0.0
666,1996,Kyrgyzstan,0.0,0.0
667,1996,Laos,5.0,1.0
668,1996,Lebanon,57.0,70.0
669,1996,Liberia,10.0,0.0
670,1996,Libya,12.0,0.0
671,1996,Lithuania,0.0,1.0
672,1996,Macau,0.0,17.0
673,1996,Madagascar,1.0,1.0
674,1996,Mauritania,0.0,0.0
675,1996,Mexico,96.0,211.0
676,1996,Moldova,0.0,0.0
677,1996,Morocco,0.0,13.0
678,1996,Myanmar,86.0,84.0
679,1996,Nepal,6.0,7.0
680,1996,Netherlands,0.0,0.0
681,1996,New Zealand,0.0,2.0
682,1996,Nicaragua,18.0,15.0
683,1996,Niger,2.0,8.0
684,1996,Nigeria,24.0,15.0
685,1996,Norway,0.0,1.0
686,1996,Pakistan,423.0,755.0
687,1996,Panama,0.0,0.0
688,1996,Papua New Guinea,21.0,11.0
689,1996,Peru,74.0,74.0
690,1996,Philippines,95.0,143.0
691,1996,Poland,1.0,7.0
692,1996,Qatar,0.0,0.0
693,1996,Republic of the Congo,0.0,0.0
694,1996,Russia,135.0,124.0
695,1996,Rwanda,129.0,3.0
696,1996,Saudi Arabia,19.0,386.0
697,1996,Sierra Leone,60.0,11.0
698,1996,Slovak Republic,1.0,0.0
699,1996,Slovenia,0.0,1.0
700,1996,Somalia,28.0,8.0
701,1996,South Africa,82.0,106.0
702,1996,South Korea,0.0,30.0
703,1996,Spain,5.0,63.0
704,1996,Sri Lanka,827.0,2216.0
705,1996,Sudan,40.0,10.0
706,1996,Sweden,0.0,0.0
707,1996,Switzerland,1.0,3.0
708,1996,Syria,15.0,50.0
709,1996,Taiwan,9.0,1.0
710,1996,Tajikistan,50.0,34.0
711,1996,Thailand,10.0,16.0
712,1996,Togo,3.0,0.0
713,1996,Trinidad and Tobago,0.0,3.0
714,1996,Turkey,117.0,92.0
715,1996,Uganda,413.0,110.0
716,1996,Ukraine,0.0,3.0
717,1996,United Kingdom,14.0,395.0
718,1996,United States,2.0,119.0
719,1996,Uruguay,0.0,0.0
720,1996,Vanuatu,0.0,0.0
721,1996,Venezuela,13.0,4.0
722,1996,Vietnam,0.0,1.0
723,1996,West Bank and Gaza Strip,17.0,31.0
724,1996,Yemen,3.0,4.0
725,1996,Yugoslavia,9.0,9.0
726,1996,Zaire,223.0,92.0
727,1996,Zambia,0.0,8.0
728,1997,Afghanistan,4.0,37.0
729,1997,Albania,26.0,77.0
730,1997,Algeria,4266.0,1861.0
731,1997,Angola,34.0,32.0
732,1997,Argentina,3.0,2.0
733,1997,Australia,0.0,23.0
734,1997,Austria,0.0,0.0
735,1997,Azerbaijan,1.0,0.0
736,1997,Bahamas,1.0,0.0
737,1997,Bahrain,5.0,2.0
738,1997,Bangladesh,14.0,349.0
739,1997,Belarus,1.0,0.0
740,1997,Belgium,4.0,0.0
741,1997,Bolivia,4.0,7.0
742,1997,Bosnia-Herzegovina,5.0,68.0
743,1997,Brazil,28.0,15.0
744,1997,Bulgaria,0.0,0.0
745,1997,Burundi,386.0,507.0
746,1997,Cambodia,100.0,284.0
747,1997,Canada,0.0,1.0
748,1997,Chad,2.0,2.0
749,1997,Chile,0.0,10.0
750,1997,China,37.0,104.0
751,1997,Colombia,1230.0,637.0
752,1997,Comoros,0.0,2.0
753,1997,Costa Rica,2.0,1.0
754,1997,Croatia,2.0,2.0
755,1997,Cuba,1.0,3.0
756,1997,Czech Republic,1.0,0.0
757,1997,Democratic Republic of the Congo,8.0,0.0
758,1997,Djibouti,11.0,16.0
759,1997,Dominica,0.0,0.0
760,1997,Dominican Republic,3.0,30.0
761,1997,Ecuador,1.0,0.0
762,1997,Egypt,165.0,47.0
763,1997,El Salvador,1.0,9.0
764,1997,Ethiopia,8.0,135.0
765,1997,France,0.0,4.0
766,1997,French Guiana,0.0,12.0
767,1997,Gabon,4.0,0.0
768,1997,Georgia,35.0,3.0
769,1997,Germany,0.0,27.0
770,1997,Ghana,1.0,3.0
771,1997,Greece,1.0,3.0
772,1997,Guatemala,22.0,22.0
773,1997,Guyana,0.0,0.0
774,1997,Haiti,9.0,11.0
775,1997,Honduras,14.0,18.0
776,1997,Hungary,3.0,2.0
777,1997,India,853.0,1416.0
778,1997,Indonesia,102.0,99.0
779,1997,Iraq,106.0,23.0
780,1997,Ireland,0.0,0.0
781,1997,Israel,31.0,448.0
782,1997,Italy,0.0,0.0
783,1997,Ivory Coast,0.0,0.0
784,1997,Jamaica,10.0,32.0
785,1997,Japan,0.0,0.0
786,1997,Jordan,0.0,4.0
787,1997,Kazakhstan,2.0,0.0
788,1997,Kenya,36.0,21.0
789,1997,Kuwait,0.0,2.0
790,1997,Latvia,0.0,0.0
791,1997,Lebanon,36.0,50.0
792,1997,Lithuania,1.0,0.0
793,1997,Macau,1.0,14.0
794,1997,Macedonia,0.0,0.0
795,1997,Madagascar,0.0,1.0
796,1997,Mali,0.0,3.0
797,1997,Malta,0.0,0.0
798,1997,Mexico,229.0,47.0
799,1997,Moldova,0.0,0.0
800,1997,Myanmar,16.0,10.0
801,1997,Nepal,15.0,8.0
802,1997,Netherlands,0.0,0.0
803,1997,New Zealand,0.0,0.0
804,1997,Nicaragua,7.0,5.0
805,1997,Niger,32.0,5.0
806,1997,Nigeria,107.0,51.0
807,1997,Pakistan,443.0,525.0
808,1997,Panama,3.0,4.0
809,1997,Papua New Guinea,0.0,0.0
810,1997,Paraguay,1.0,12.0
811,1997,Peru,47.0,57.0
812,1997,Philippines,98.0,273.0
813,1997,Poland,2.0,5.0
814,1997,Republic of the Congo,2.0,2.0
815,1997,Russia,61.0,108.0
816,1997,Rwanda,1027.0,274.0
817,1997,Senegal,92.0,48.0
818,1997,Sierra Leone,16.0,1.0
819,1997,Slovak Republic,2.0,1.0
820,1997,Slovenia,0.0,0.0
821,1997,Somalia,145.0,138.0
822,1997,South Africa,23.0,4.0
823,1997,Spain,11.0,25.0
824,1997,Sri Lanka,486.0,544.0
825,1997,Sudan,1.0,21.0
826,1997,Suriname,0.0,2.0
827,1997,Swaziland,0.0,0.0
828,1997,Sweden,1.0,1.0
829,1997,Switzerland,0.0,0.0
830,1997,Syria,2.0,0.0
831,1997,Taiwan,0.0,0.0
832,1997,Tajikistan,43.0,44.0
833,1997,Tanzania,1.0,0.0
834,1997,Thailand,18.0,24.0
835,1997,Turkey,60.0,108.0
836,1997,Uganda,239.0,121.0
837,1997,Ukraine,2.0,0.0
838,1997,United Kingdom,23.0,35.0
839,1997,United States,2.0,18.0
840,1997,Uruguay,0.0,1.0
841,1997,Venezuela,3.0,1.0
842,1997,Vietnam,1.0,0.0
843,1997,West Bank and Gaza Strip,9.0,29.0
844,1997,Yemen,11.0,8.0
845,1997,Yugoslavia,9.0,28.0
846,1997,Zaire,13.0,3.0
847,1998,Afghanistan,8.0,30.0
848,1998,Albania,0.0,5.0
849,1998,Algeria,952.0,949.0
850,1998,Angola,275.0,47.0
851,1998,Armenia,0.0,1.0
852,1998,Australia,0.0,2.0
853,1998,Austria,0.0,0.0
854,1998,Bangladesh,0.0,1.0
855,1998,Belgium,0.0,0.0
856,1998,Bosnia-Herzegovina,2.0,3.0
857,1998,Brazil,0.0,0.0
858,1998,Bulgaria,0.0,1.0
859,1998,Burundi,392.0,129.0
860,1998,Cambodia,35.0,5.0
861,1998,Cameroon,0.0,0.0
862,1998,Canada,1.0,0.0
863,1998,Chad,0.0,0.0
864,1998,Chile,0.0,0.0
865,1998,China,50.0,150.0
866,1998,Colombia,592.0,176.0
867,1998,Cyprus,0.0,0.0
868,1998,Democratic Republic of the Congo,67.0,0.0
869,1998,Ecuador,0.0,1.0
870,1998,Egypt,9.0,15.0
871,1998,France,1.0,0.0
872,1998,Georgia,32.0,47.0
873,1998,Germany,0.0,0.0
874,1998,Greece,0.0,2.0
875,1998,Guyana,0.0,1.0
876,1998,Haiti,0.0,0.0
877,1998,Hungary,0.0,0.0
878,1998,India,398.0,411.0
879,1998,Indonesia,9.0,5.0
880,1998,Iran,6.0,6.0
881,1998,Iraq,19.0,16.0
882,1998,Ireland,1.0,2.0
883,1998,Israel,19.0,120.0
884,1998,Italy,0.0,14.0
885,1998,Japan,0.0,1.0
886,1998,Jordan,0.0,0.0
887,1998,Kenya,226.0,4000.0
888,1998,Latvia,0.0,0.0
889,1998,Lebanon,17.0,48.0
890,1998,Macau,0.0,15.0
891,1998,Macedonia,0.0,0.0
892,1998,Mexico,3.0,5.0
893,1998,Nigeria,9.0,0.0
894,1998,Pakistan,151.0,349.0
895,1998,Peru,7.0,12.0
896,1998,Philippines,6.0,85.0
897,1998,Poland,0.0,0.0
898,1998,Russia,49.0,118.0
899,1998,Rwanda,100.0,51.0
900,1998,Senegal,4.0,4.0
901,1998,Sierra Leone,258.0,19.0
902,1998,Slovak Republic,1.0,3.0
903,1998,Somalia,0.0,0.0
904,1998,South Africa,13.0,31.0
905,1998,Spain,6.0,6.0
906,1998,Sri Lanka,680.0,659.0
907,1998,Swaziland,1.0,2.0
908,1998,Switzerland,0.0,0.0
909,1998,Syria,0.0,0.0
910,1998,Tajikistan,29.0,3.0
911,1998,Tanzania,11.0,85.0
912,1998,Thailand,4.0,42.0
913,1998,Turkey,37.0,108.0
914,1998,Uganda,81.0,72.0
915,1998,United Kingdom,46.0,259.0
916,1998,United States,4.0,3.0
917,1998,Venezuela,0.0,1.0
918,1998,West Bank and Gaza Strip,12.0,26.0
919,1998,Yemen,8.0,3.0
920,1998,Yugoslavia,57.0,34.0
921,1999,Afghanistan,39.0,41.0
922,1999,Albania,6.0,5.0
923,1999,Algeria,467.0,325.0
924,1999,Angola,299.0,299.0
925,1999,Argentina,0.0,0.0
926,1999,Armenia,8.0,0.0
927,1999,Bangladesh,30.0,185.0
928,1999,Belarus,0.0,0.0
929,1999,Belgium,0.0,0.0
930,1999,Bosnia-Herzegovina,1.0,4.0
931,1999,Brazil,1.0,0.0
932,1999,Bulgaria,0.0,0.0
933,1999,Burundi,108.0,63.0
934,1999,Cambodia,1.0,18.0
935,1999,Canada,0.0,2.0
936,1999,Chad,77.0,0.0
937,1999,Chile,0.0,0.0
938,1999,China,5.0,50.0
939,1999,Colombia,262.0,246.0
940,1999,Cyprus,0.0,0.0
941,1999,Democratic Republic of the Congo,7.0,0.0
942,1999,Denmark,0.0,0.0
943,1999,Ecuador,0.0,0.0
944,1999,Egypt,1.0,1.0
945,1999,Estonia,0.0,0.0
946,1999,Ethiopia,2.0,2.0
947,1999,Fiji,0.0,0.0
948,1999,France,0.0,2.0
949,1999,Georgia,5.0,26.0
950,1999,Germany,3.0,47.0
951,1999,Greece,1.0,4.0
952,1999,Guatemala,3.0,0.0
953,1999,Haiti,3.0,3.0
954,1999,India,469.0,591.0
955,1999,Indonesia,67.0,79.0
956,1999,Iran,4.0,16.0
957,1999,Iraq,32.0,105.0
958,1999,Ireland,0.0,1.0
959,1999,Israel,6.0,53.0
960,1999,Italy,1.0,0.0
961,1999,Japan,0.0,0.0
962,1999,Jordan,0.0,1.0
963,1999,Kosovo,23.0,146.0
964,1999,Kyrgyzstan,1.0,7.0
965,1999,Latvia,0.0,0.0
966,1999,Lebanon,23.0,48.0
967,1999,Liberia,0.0,0.0
968,1999,Macedonia,0.0,0.0
969,1999,Mexico,0.0,2.0
970,1999,Mozambique,0.0,1.0
971,1999,Myanmar,10.0,18.0
972,1999,Namibia,13.0,25.0
973,1999,Nepal,23.0,14.0
974,1999,Netherlands,0.0,0.0
975,1999,Nicaragua,0.0,0.0
976,1999,Niger,4.0,0.0
977,1999,Nigeria,134.0,209.0
978,1999,Pakistan,127.0,246.0
979,1999,Panama,0.0,0.0
980,1999,Paraguay,2.0,1.0
981,1999,Peru,28.0,3.0
982,1999,Philippines,45.0,190.0
983,1999,Republic of the Congo,107.0,0.0
984,1999,Russia,395.0,678.0
985,1999,Senegal,1.0,12.0
986,1999,Sierra Leone,28.0,0.0
987,1999,Slovak Republic,0.0,1.0
988,1999,Solomon Islands,2.0,0.0
989,1999,Somalia,9.0,6.0
990,1999,South Africa,4.0,74.0
991,1999,Spain,0.0,2.0
992,1999,Sri Lanka,212.0,579.0
993,1999,Sudan,16.0,6.0
994,1999,Swaziland,0.0,0.0
995,1999,Sweden,0.0,4.0
996,1999,Switzerland,0.0,0.0
997,1999,Tajikistan,2.0,6.0
998,1999,Thailand,0.0,0.0
999,1999,Turkey,127.0,271.0
1000,1999,Uganda,75.0,91.0
1001,1999,Ukraine,1.0,37.0
1002,1999,United Kingdom,7.0,161.0
1003,1999,United States,20.0,40.0
1004,1999,Uzbekistan,19.0,128.0
1005,1999,Venezuela,0.0,0.0
1006,1999,West Bank and Gaza Strip,1.0,12.0
1007,1999,Yemen,11.0,45.0
1008,1999,Yugoslavia,14.0,108.0
1009,1999,Zambia,1.0,1.0
1010,2000,Afghanistan,38.0,11.0
1011,2000,Albania,0.0,0.0
1012,2000,Algeria,528.0,275.0
1013,2000,Angola,178.0,43.0
1014,2000,Armenia,0.0,0.0
1015,2000,Australia,0.0,0.0
1016,2000,Azerbaijan,0.0,3.0
1017,2000,Bangladesh,11.0,34.0
1018,2000,Belize,0.0,0.0
1019,2000,Bosnia-Herzegovina,1.0,3.0
1020,2000,Brazil,0.0,0.0
1021,2000,Bulgaria,4.0,0.0
1022,2000,Burundi,97.0,23.0
1023,2000,Cambodia,12.0,23.0
1024,2000,Canada,0.0,30.0
1025,2000,Central African Republic,1.0,0.0
1026,2000,Chile,0.0,0.0
1027,2000,China,1.0,2.0
1028,2000,Colombia,426.0,181.0
1029,2000,Croatia,3.0,8.0
1030,2000,Cyprus,0.0,0.0
1031,2000,Democratic Republic of the Congo,40.0,9.0
1032,2000,East Timor,1.0,1.0
1033,2000,Ecuador,0.0,1.0
1034,2000,Ethiopia,3.0,0.0
1035,2000,Fiji,7.0,17.0
1036,2000,France,4.0,1.0
1037,2000,Gambia,0.0,2.0
1038,2000,Georgia,3.0,5.0
1039,2000,Germany,1.0,29.0
1040,2000,Greece,1.0,0.0
1041,2000,Guatemala,2.0,0.0
1042,2000,Guinea,206.0,32.0
1043,2000,Haiti,5.0,15.0
1044,2000,Hong Kong,0.0,17.0
1045,2000,India,671.0,761.0
1046,2000,Indonesia,146.0,336.0
1047,2000,Iran,5.0,29.0
1048,2000,Iraq,10.0,29.0
1049,2000,Israel,11.0,119.0
1050,2000,Italy,0.0,3.0
1051,2000,Ivory Coast,4.0,6.0
1052,2000,Japan,0.0,0.0
1053,2000,Jordan,0.0,2.0
1054,2000,Kazakhstan,2.0,0.0
1055,2000,Kenya,26.0,5.0
1056,2000,Kosovo,23.0,84.0
1057,2000,Kyrgyzstan,2.0,4.0
1058,2000,Laos,1.0,47.0
1059,2000,Latvia,1.0,34.0
1060,2000,Lebanon,12.0,12.0
1061,2000,Liberia,0.0,8.0
1062,2000,Macedonia,3.0,0.0
1063,2000,Malaysia,2.0,0.0
1064,2000,Mexico,5.0,3.0
1065,2000,Moldova,0.0,0.0
1066,2000,Mozambique,1.0,2.0
1067,2000,Namibia,24.0,85.0
1068,2000,Nepal,91.0,160.0
1069,2000,Netherlands,0.0,0.0
1070,2000,Nicaragua,2.0,1.0
1071,2000,Nigeria,0.0,2.0
1072,2000,Pakistan,118.0,448.0
1073,2000,Panama,0.0,0.0
1074,2000,Paraguay,0.0,3.0
1075,2000,Peru,4.0,6.0
1076,2000,Philippines,290.0,643.0
1077,2000,Qatar,0.0,0.0
1078,2000,Russia,362.0,568.0
1079,2000,Rwanda,4.0,0.0
1080,2000,Saudi Arabia,1.0,5.0
1081,2000,Senegal,4.0,12.0
1082,2000,Sierra Leone,60.0,31.0
1083,2000,Slovak Republic,0.0,4.0
1084,2000,Slovenia,0.0,0.0
1085,2000,Solomon Islands,0.0,0.0
1086,2000,Somalia,36.0,39.0
1087,2000,South Africa,18.0,45.0
1088,2000,Spain,29.0,93.0
1089,2000,Sri Lanka,449.0,950.0
1090,2000,St. Lucia,2.0,12.0
1091,2000,Sudan,27.0,180.0
1092,2000,Sweden,0.0,1.0
1093,2000,Switzerland,0.0,0.0
1094,2000,Tajikistan,11.0,77.0
1095,2000,Tanzania,0.0,0.0
1096,2000,Thailand,7.0,4.0
1097,2000,Tunisia,5.0,0.0
1098,2000,Turkey,12.0,27.0
1099,2000,Uganda,297.0,90.0
1100,2000,Ukraine,0.0,0.0
1101,2000,United Kingdom,7.0,28.0
1102,2000,United States,0.0,7.0
1103,2000,West Bank and Gaza Strip,21.0,48.0
1104,2000,Yemen,19.0,40.0
1105,2000,Yugoslavia,5.0,9.0
1106,2000,Zambia,0.0,2.0
1107,2000,Zimbabwe,0.0,0.0
1108,2001,Afghanistan,174.0,59.0
1109,2001,Albania,0.0,0.0
1110,2001,Algeria,624.0,253.0
1111,2001,Angola,846.0,474.0
1112,2001,Argentina,0.0,1.0
1113,2001,Armenia,1.0,0.0
1114,2001,Australia,0.0,0.0
1115,2001,Azerbaijan,1.0,6.0
1116,2001,Bangladesh,57.0,258.0
1117,2001,Belarus,0.0,0.0
1118,2001,Bosnia-Herzegovina,0.0,0.0
1119,2001,Brazil,1.0,0.0
1120,2001,Bulgaria,0.0,0.0
1121,2001,Burundi,166.0,49.0
1122,2001,Cambodia,4.0,13.0
1123,2001,Central African Republic,7.0,0.0
1124,2001,Chile,0.0,0.0
1125,2001,China,7.0,37.0
1126,2001,Colombia,576.0,435.0
1127,2001,Costa Rica,1.0,0.0
1128,2001,Croatia,0.0,0.0
1129,2001,Cyprus,0.0,0.0
1130,2001,Czech Republic,0.0,0.0
1131,2001,Democratic Republic of the Congo,15.0,5.0
1132,2001,Ecuador,0.0,0.0
1133,2001,Estonia,1.0,0.0
1134,2001,Fiji,0.0,0.0
1135,2001,France,0.0,16.0
1136,2001,Georgia,6.0,9.0
1137,2001,Germany,3.0,6.0
1138,2001,Greece,0.0,3.0
1139,2001,Guatemala,1.0,1.0
1140,2001,Guinea-Bissau,0.0,0.0
1141,2001,Guyana,0.0,0.0
1142,2001,Haiti,0.0,2.0
1143,2001,Hong Kong,0.0,0.0
1144,2001,Hungary,1.0,1.0
1145,2001,India,660.0,1144.0
1146,2001,Indonesia,134.0,176.0
1147,2001,Iran,0.0,0.0
1148,2001,Iraq,9.0,30.0
1149,2001,Ireland,0.0,2.0
1150,2001,Israel,141.0,905.0
1151,2001,Italy,0.0,4.0
1152,2001,Ivory Coast,12.0,0.0
1153,2001,Japan,0.0,0.0
1154,2001,Jordan,1.0,0.0
1155,2001,Kazakhstan,0.0,1.0
1156,2001,Kenya,13.0,8.0
1157,2001,Kosovo,20.0,59.0
1158,2001,Kuwait,2.0,1.0
1159,2001,Kyrgyzstan,0.0,0.0
1160,2001,Laos,0.0,9.0
1161,2001,Lebanon,0.0,3.0
1162,2001,Liberia,1.0,0.0
1163,2001,Macedonia,35.0,29.0
1164,2001,Malaysia,0.0,2.0
1165,2001,Mexico,13.0,5.0
1166,2001,Montenegro,1.0,0.0
1167,2001,Myanmar,8.0,5.0
1168,2001,Namibia,1.0,9.0
1169,2001,Nepal,172.0,59.0
1170,2001,Netherlands,0.0,3.0
1171,2001,New Zealand,0.0,0.0
1172,2001,Nigeria,3.0,3.0
1173,2001,Norway,1.0,0.0
1174,2001,Pakistan,109.0,265.0
1175,2001,Peru,16.0,9.0
1176,2001,Philippines,154.0,274.0
1177,2001,Poland,0.0,4.0
1178,2001,Qatar,1.0,0.0
1179,2001,Republic of the Congo,0.0,0.0
1180,2001,Russia,228.0,454.0
1181,2001,Rwanda,2.0,1.0
1182,2001,Saudi Arabia,2.0,7.0
1183,2001,Senegal,28.0,19.0
1184,2001,Somalia,3.0,0.0
1185,2001,South Korea,0.0,2.0
1186,2001,Spain,14.0,174.0
1187,2001,Sri Lanka,195.0,503.0
1188,2001,Sudan,13.0,3.0
1189,2001,Switzerland,14.0,18.0
1190,2001,Taiwan,2.0,18.0
1191,2001,Tajikistan,8.0,11.0
1192,2001,Tanzania,2.0,0.0
1193,2001,Thailand,11.0,59.0
1194,2001,Tunisia,3.0,0.0
1195,2001,Turkey,17.0,40.0
1196,2001,Uganda,56.0,83.0
1197,2001,United Kingdom,8.0,33.0
1198,2001,United States,3008.0,16515.0
1199,2001,Venezuela,0.0,1.0
1200,2001,Vietnam,0.0,0.0
1201,2001,West Bank and Gaza Strip,105.0,182.0
1202,2001,Yemen,2.0,3.0
1203,2001,Yugoslavia,8.0,11.0
1204,2001,Zimbabwe,1.0,0.0
1205,2002,Afghanistan,74.0,297.0
1206,2002,Algeria,615.0,320.0
1207,2002,Angola,59.0,17.0
1208,2002,Azerbaijan,0.0,1.0
1209,2002,Bangladesh,21.0,440.0
1210,2002,Belgium,0.0,0.0
1211,2002,Bosnia-Herzegovina,0.0,0.0
1212,2002,Brazil,0.0,0.0
1213,2002,Bulgaria,1.0,0.0
1214,2002,Burundi,67.0,56.0
1215,2002,Cambodia,4.0,1.0
1216,2002,Chad,21.0,1.0
1217,2002,Chile,0.0,1.0
1218,2002,China,1.0,18.0
1219,2002,Colombia,356.0,648.0
1220,2002,Democratic Republic of the Congo,16.0,32.0
1221,2002,Ecuador,0.0,3.0
1222,2002,Ethiopia,1.0,37.0
1223,2002,France,0.0,4.0
1224,2002,Georgia,1.0,15.0
1225,2002,Germany,0.0,2.0
1226,2002,Greece,0.0,2.0
1227,2002,Guyana,4.0,6.0
1228,2002,Haiti,0.0,1.0
1229,2002,Honduras,0.0,0.0
1230,2002,India,599.0,1186.0
1231,2002,Indonesia,246.0,535.0
1232,2002,International,1.0,12.0
1233,2002,Iraq,10.0,4.0
1234,2002,Israel,337.0,1519.0
1235,2002,Italy,1.0,0.0
1236,2002,Ivory Coast,3.0,0.0
1237,2002,Japan,0.0,0.0
1238,2002,Jordan,3.0,0.0
1239,2002,Kenya,16.0,0.0
1240,2002,Kosovo,1.0,32.0
1241,2002,Kuwait,4.0,0.0
1242,2002,Kyrgyzstan,2.0,1.0
1243,2002,Lebanon,2.0,4.0
1244,2002,Liberia,3.0,0.0
1245,2002,Macedonia,3.0,4.0
1246,2002,Madagascar,0.0,0.0
1247,2002,Malawi,1.0,0.0
1248,2002,Myanmar,5.0,33.0
1249,2002,Nepal,486.0,161.0
1250,2002,Netherlands,1.0,0.0
1251,2002,Nigeria,28.0,11.0
1252,2002,Pakistan,105.0,331.0
1253,2002,Papua New Guinea,0.0,0.0
1254,2002,Peru,9.0,32.0
1255,2002,Philippines,125.0,342.0
1256,2002,Republic of the Congo,17.0,42.0
1257,2002,Russia,512.0,426.0
1258,2002,Saudi Arabia,1.0,0.0
1259,2002,Senegal,8.0,19.0
1260,2002,Solomon Islands,1.0,0.0
1261,2002,Somalia,6.0,6.0
1262,2002,South Africa,1.0,1.0
1263,2002,Spain,5.0,73.0
1264,2002,Sri Lanka,3.0,0.0
1265,2002,Sudan,589.0,23.0
1266,2002,Tanzania,24.0,0.0
1267,2002,Thailand,16.0,45.0
1268,2002,Tunisia,21.0,30.0
1269,2002,Turkey,0.0,0.0
1270,2002,Turkmenistan,0.0,1.0
1271,2002,Uganda,173.0,44.0
1272,2002,Ukraine,1.0,2.0
1273,2002,United Kingdom,2.0,13.0
1274,2002,United States,4.0,11.0
1275,2002,Venezuela,0.0,0.0
1276,2002,West Bank and Gaza Strip,177.0,262.0
1277,2002,Yemen,4.0,6.0
1278,2002,Yugoslavia,0.0,0.0
1279,2002,Zambia,0.0,0.0
1280,2002,Zimbabwe,8.0,49.0
1281,2003,Afghanistan,163.0,186.0
1282,2003,Albania,0.0,0.0
1283,2003,Algeria,269.0,112.0
1284,2003,Argentina,0.0,0.0
1285,2003,Bahrain,0.0,0.0
1286,2003,Bangladesh,3.0,13.0
1287,2003,Belgium,0.0,20.0
1288,2003,Bolivia,0.0,0.0
1289,2003,Bosnia-Herzegovina,0.0,0.0
1290,2003,Brazil,0.0,0.0
1291,2003,Burundi,116.0,24.0
1292,2003,Cambodia,1.0,0.0
1293,2003,Chile,0.0,0.0
1294,2003,China,1.0,16.0
1295,2003,Colombia,184.0,557.0
1296,2003,Czech Republic,0.0,0.0
1297,2003,Democratic Republic of the Congo,154.0,1.0
1298,2003,East Timor,5.0,5.0
1299,2003,Ecuador,0.0,4.0
1300,2003,Ethiopia,2.0,9.0
1301,2003,France,0.0,21.0
1302,2003,Georgia,0.0,1.0
1303,2003,Germany,0.0,0.0
1304,2003,Greece,0.0,2.0
1305,2003,Guatemala,1.0,5.0
1306,2003,Guinea-Bissau,1.0,0.0
1307,2003,Guyana,0.0,0.0
1308,2003,Haiti,4.0,1.0
1309,2003,India,472.0,1183.0
1310,2003,Indonesia,26.0,166.0
1311,2003,Iran,0.0,0.0
1312,2003,Iraq,391.0,1441.0
1313,2003,Ireland,0.0,0.0
1314,2003,Israel,156.0,570.0
1315,2003,Italy,0.0,51.0
1316,2003,Japan,0.0,0.0
1317,2003,Kenya,3.0,0.0
1318,2003,Kosovo,7.0,4.0
1319,2003,Kuwait,1.0,18.0
1320,2003,Kyrgyzstan,1.0,0.0
1321,2003,Laos,10.0,0.0
1322,2003,Lebanon,3.0,1.0
1323,2003,Liberia,2.0,0.0
1324,2003,Macedonia,0.0,1.0
1325,2003,Mexico,2.0,1.0
1326,2003,Morocco,45.0,100.0
1327,2003,Myanmar,18.0,51.0
1328,2003,Nepal,22.0,34.0
1329,2003,Netherlands,0.0,0.0
1330,2003,New Zealand,0.0,0.0
1331,2003,Nigeria,28.0,44.0
1332,2003,Norway,0.0,0.0
1333,2003,Pakistan,119.0,181.0
1334,2003,Peru,7.0,10.0
1335,2003,Philippines,288.0,531.0
1336,2003,Republic of the Congo,11.0,0.0
1337,2003,Russia,328.0,812.0
1338,2003,Saudi Arabia,55.0,128.0
1339,2003,Serbia-Montenegro,2.0,4.0
1340,2003,Solomon Islands,1.0,0.0
1341,2003,Somalia,7.0,0.0
1342,2003,South Korea,0.0,60.0
1343,2003,Spain,3.0,25.0
1344,2003,Sri Lanka,23.0,7.0
1345,2003,Swaziland,0.0,0.0
1346,2003,Switzerland,0.0,0.0
1347,2003,Thailand,6.0,6.0
1348,2003,Turkey,67.0,778.0
1349,2003,Uganda,231.0,72.0
1350,2003,Ukraine,0.0,1.0
1351,2003,United Kingdom,2.0,11.0
1352,2003,United States,0.0,0.0
1353,2003,Venezuela,0.0,4.0
1354,2003,West Bank and Gaza Strip,60.0,95.0
1355,2003,Yemen,16.0,9.0
1356,2003,Zimbabwe,0.0,8.0
1357,2004,Afghanistan,275.0,263.0
1358,2004,Algeria,166.0,187.0
1359,2004,Bangladesh,43.0,384.0
1360,2004,Burundi,18.0,0.0
1361,2004,Canada,0.0,0.0
1362,2004,China,4.0,5.0
1363,2004,Colombia,83.0,213.0
1364,2004,Cyprus,0.0,0.0
1365,2004,Democratic Republic of the Congo,22.0,11.0
1366,2004,Djibouti,0.0,7.0
1367,2004,Ecuador,0.0,0.0
1368,2004,Egypt,37.0,171.0
1369,2004,Ethiopia,1.0,16.0
1370,2004,France,0.0,10.0
1371,2004,Georgia,0.0,1.0
1372,2004,Germany,1.0,25.0
1373,2004,Greece,0.0,3.0
1374,2004,Guatemala,3.0,0.0
1375,2004,Haiti,7.0,30.0
1376,2004,Honduras,28.0,14.0
1377,2004,India,334.0,949.0
1378,2004,Indonesia,42.0,238.0
1379,2004,Iraq,2171.0,4212.0
1380,2004,Israel,59.0,248.0
1381,2004,Italy,1.0,0.0
1382,2004,Ivory Coast,12.0,0.0
1383,2004,Kosovo,0.0,5.0
1384,2004,Lebanon,1.0,2.0
1385,2004,Mauritania,0.0,0.0
1386,2004,Mexico,0.0,3.0
1387,2004,Myanmar,1.0,3.0
1388,2004,Nepal,630.0,397.0
1389,2004,Netherlands,1.0,2.0
1390,2004,Nigeria,41.0,6.0
1391,2004,Pakistan,304.0,671.0
1392,2004,Peru,6.0,5.0
1393,2004,Philippines,206.0,160.0
1394,2004,Russia,607.0,1171.0
1395,2004,Saudi Arabia,64.0,293.0
1396,2004,Serbia-Montenegro,1.0,0.0
1397,2004,Somalia,2.0,1.0
1398,2004,Spain,193.0,1811.0
1399,2004,Sri Lanka,30.0,46.0
1400,2004,Sudan,28.0,13.0
1401,2004,Syria,4.0,2.0
1402,2004,Taiwan,0.0,2.0
1403,2004,Tanzania,0.0,0.0
1404,2004,Thailand,32.0,150.0
1405,2004,Turkey,25.0,92.0
1406,2004,Uganda,193.0,107.0
1407,2004,United Kingdom,0.0,2.0
1408,2004,United States,0.0,0.0
1409,2004,Uzbekistan,36.0,31.0
1410,2004,West Bank and Gaza Strip,31.0,60.0
1411,2005,Afghanistan,367.0,411.0
1412,2005,Algeria,228.0,228.0
1413,2005,Argentina,0.0,0.0
1414,2005,Bangladesh,44.0,404.0
1415,2005,Bolivia,0.0,0.0
1416,2005,Bosnia-Herzegovina,0.0,1.0
1417,2005,Burundi,13.0,17.0
1418,2005,China,12.0,2.0
1419,2005,Colombia,145.0,106.0
1420,2005,Croatia,0.0,1.0
1421,2005,Democratic Republic of the Congo,31.0,36.0
1422,2005,East Timor,0.0,0.0
1423,2005,Egypt,92.0,117.0
1424,2005,Ethiopia,9.0,37.0
1425,2005,France,0.0,11.0
1426,2005,Georgia,8.0,32.0
1427,2005,Germany,2.0,0.0
1428,2005,Greece,0.0,5.0
1429,2005,Guinea,0.0,0.0
1430,2005,Guinea-Bissau,3.0,15.0
1431,2005,Haiti,1.0,0.0
1432,2005,Hong Kong,0.0,1.0
1433,2005,India,466.0,1216.0
1434,2005,Indonesia,66.0,171.0
1435,2005,Iran,13.0,191.0
1436,2005,Iraq,3384.0,6067.0
1437,2005,Israel,45.0,251.0
1438,2005,Italy,1.0,7.0
1439,2005,Ivory Coast,41.0,64.0
1440,2005,Jordan,62.0,101.0
1441,2005,Kenya,56.0,0.0
1442,2005,Kosovo,1.0,0.0
1443,2005,Kuwait,2.0,0.0
1444,2005,Kyrgyzstan,0.0,0.0
1445,2005,Lebanon,22.0,58.0
1446,2005,Mali,0.0,0.0
1447,2005,Mauritania,23.0,20.0
1448,2005,Mexico,2.0,0.0
1449,2005,Myanmar,21.0,178.0
1450,2005,Nepal,211.0,249.0
1451,2005,Nigeria,19.0,36.0
1452,2005,Pakistan,152.0,284.0
1453,2005,Peru,7.0,2.0
1454,2005,Philippines,49.0,149.0
1455,2005,Qatar,2.0,12.0
1456,2005,Russia,157.0,350.0
1457,2005,Rwanda,30.0,0.0
1458,2005,Saudi Arabia,1.0,0.0
1459,2005,Senegal,0.0,0.0
1460,2005,Serbia-Montenegro,0.0,0.0
1461,2005,Somalia,20.0,56.0
1462,2005,Spain,0.0,82.0
1463,2005,Sri Lanka,125.0,319.0
1464,2005,Sudan,54.0,26.0
1465,2005,Sweden,0.0,0.0
1466,2005,Tajikistan,0.0,0.0
1467,2005,Thailand,130.0,348.0
1468,2005,Togo,0.0,0.0
1469,2005,Trinidad and Tobago,0.0,14.0
1470,2005,Turkey,35.0,140.0
1471,2005,Uganda,80.0,43.0
1472,2005,United Kingdom,57.0,837.0
1473,2005,United States,0.0,0.0
1474,2005,Uruguay,0.0,0.0
1475,2005,Uzbekistan,10.0,34.0
1476,2005,West Bank and Gaza Strip,20.0,48.0
1477,2005,Yemen,12.0,7.0
1478,2006,Afghanistan,732.0,922.0
1479,2006,Algeria,185.0,266.0
1480,2006,Australia,0.0,0.0
1481,2006,Austria,0.0,0.0
1482,2006,Bahrain,0.0,0.0
1483,2006,Bangladesh,19.0,57.0
1484,2006,Belarus,0.0,1.0
1485,2006,Bhutan,4.0,0.0
1486,2006,Bosnia-Herzegovina,0.0,0.0
1487,2006,Brazil,1.0,11.0
1488,2006,Burundi,21.0,54.0
1489,2006,Canada,0.0,0.0
1490,2006,Central African Republic,4.0,1.0
1491,2006,Chad,103.0,3.0
1492,2006,Chile,0.0,1.0
1493,2006,Colombia,79.0,94.0
1494,2006,Democratic Republic of the Congo,23.0,1.0
1495,2006,Egypt,19.0,100.0
1496,2006,Ethiopia,12.0,56.0
1497,2006,France,1.0,3.0
1498,2006,Georgia,5.0,4.0
1499,2006,Germany,2.0,0.0
1500,2006,Greece,0.0,2.0
1501,2006,Guatemala,5.0,0.0
1502,2006,Guinea-Bissau,11.0,12.0
1503,2006,Guyana,6.0,0.0
1504,2006,Haiti,2.0,1.0
1505,2006,India,722.0,2138.0
1506,2006,Indonesia,6.0,6.0
1507,2006,Iran,48.0,41.0
1508,2006,Iraq,4616.0,8263.0
1509,2006,Ireland,1.0,0.0
1510,2006,Israel,57.0,160.0
1511,2006,Italy,0.0,2.0
1512,2006,Ivory Coast,20.0,12.0
1513,2006,Jordan,1.0,6.0
1514,2006,Kenya,18.0,6.0
1515,2006,Kosovo,0.0,4.0
1516,2006,Kyrgyzstan,1.0,2.0
1517,2006,Lebanon,17.0,10.0
1518,2006,Lesotho,0.0,1.0
1519,2006,Macedonia,0.0,0.0
1520,2006,Madagascar,0.0,0.0
1521,2006,Maldives,0.0,1.0
1522,2006,Mexico,7.0,34.0
1523,2006,Moldova,2.0,10.0
1524,2006,Myanmar,0.0,0.0
1525,2006,Nepal,133.0,93.0
1526,2006,Nigeria,254.0,21.0
1527,2006,Norway,0.0,0.0
1528,2006,Pakistan,315.0,669.0
1529,2006,Peru,7.0,0.0
1530,2006,Philippines,60.0,163.0
1531,2006,Russia,57.0,59.0
1532,2006,Saudi Arabia,4.0,8.0
1533,2006,Serbia-Montenegro,0.0,1.0
1534,2006,Somalia,22.0,35.0
1535,2006,South Korea,0.0,1.0
1536,2006,Spain,2.0,24.0
1537,2006,Sri Lanka,1012.0,1262.0
1538,2006,Sudan,484.0,153.0
1539,2006,Swaziland,0.0,0.0
1540,2006,Sweden,0.0,0.0
1541,2006,Syria,5.0,0.0
1542,2006,Thailand,194.0,413.0
1543,2006,Turkey,46.0,316.0
1544,2006,United Kingdom,0.0,0.0
1545,2006,United States,1.0,14.0
1546,2006,West Bank and Gaza Strip,20.0,19.0
1547,2006,Yemen,14.0,9.0
1548,2006,Zimbabwe,0.0,5.0
1549,2007,Afghanistan,1199.0,1152.0
1550,2007,Algeria,241.0,697.0
1551,2007,Armenia,0.0,0.0
1552,2007,Austria,0.0,0.0
1553,2007,Azerbaijan,0.0,0.0
1554,2007,Bangladesh,1.0,10.0
1555,2007,Belgium,0.0,0.0
1556,2007,Benin,0.0,4.0
1557,2007,Bolivia,0.0,0.0
1558,2007,Bosnia-Herzegovina,1.0,2.0
1559,2007,Burundi,3.0,2.0
1560,2007,Cameroon,31.0,0.0
1561,2007,Central African Republic,1.0,0.0
1562,2007,Chad,136.0,138.0
1563,2007,Chile,0.0,0.0
1564,2007,Colombia,64.0,103.0
1565,2007,Cuba,1.0,0.0
1566,2007,Cyprus,0.0,0.0
1567,2007,Democratic Republic of the Congo,72.0,53.0
1568,2007,East Timor,1.0,0.0
1569,2007,Eritrea,0.0,0.0
1570,2007,Ethiopia,204.0,52.0
1571,2007,Finland,9.0,13.0
1572,2007,France,3.0,8.0
1573,2007,Germany,1.0,1.0
1574,2007,Greece,0.0,3.0
1575,2007,Haiti,1.0,1.0
1576,2007,India,626.0,1187.0
1577,2007,Indonesia,0.0,1.0
1578,2007,Iran,24.0,5.0
1579,2007,Iraq,6667.0,13283.0
1580,2007,Ireland,0.0,0.0
1581,2007,Israel,17.0,27.0
1582,2007,Ivory Coast,0.0,2.0
1583,2007,Jamaica,0.0,1.0
1584,2007,Kenya,33.0,48.0
1585,2007,Kosovo,1.0,0.0
1586,2007,Kyrgyzstan,0.0,1.0
1587,2007,Latvia,0.0,1.0
1588,2007,Lebanon,40.0,148.0
1589,2007,Libya,0.0,0.0
1590,2007,Macedonia,0.0,1.0
1591,2007,Maldives,0.0,12.0
1592,2007,Mali,20.0,0.0
1593,2007,Mexico,25.0,6.0
1594,2007,Montenegro,0.0,0.0
1595,2007,Morocco,13.0,26.0
1596,2007,Mozambique,6.0,3.0
1597,2007,Myanmar,10.0,5.0
1598,2007,Nepal,44.0,59.0
1599,2007,Niger,66.0,52.0
1600,2007,Nigeria,82.0,40.0
1601,2007,Pakistan,1406.0,2343.0
1602,2007,Papua New Guinea,0.0,0.0
1603,2007,Peru,18.0,52.0
1604,2007,Philippines,115.0,404.0
1605,2007,Russia,55.0,140.0
1606,2007,Saudi Arabia,3.0,1.0
1607,2007,Senegal,1.0,13.0
1608,2007,Somalia,408.0,554.0
1609,2007,South Africa,1.0,1.0
1610,2007,Spain,0.0,5.0
1611,2007,Sri Lanka,410.0,561.0
1612,2007,Sudan,317.0,111.0
1613,2007,Switzerland,0.0,1.0
1614,2007,Tajikistan,1.0,0.0
1615,2007,Thailand,264.0,647.0
1616,2007,Tunisia,14.0,0.0
1617,2007,Turkey,25.0,122.0
1618,2007,Uganda,2.0,1.0
1619,2007,Ukraine,0.0,0.0
1620,2007,United Kingdom,4.0,13.0
1621,2007,United States,0.0,0.0
1622,2007,Venezuela,1.0,8.0
1623,2007,West Bank and Gaza Strip,112.0,351.0
1624,2007,Western Sahara,0.0,3.0
1625,2007,Yemen,24.0,46.0
1626,2007,Zimbabwe,0.0,0.0
1627,2008,Afghanistan,1092.0,1331.0
1628,2008,Algeria,249.0,328.0
1629,2008,Australia,0.0,0.0
1630,2008,Austria,0.0,0.0
1631,2008,Azerbaijan,5.0,13.0
1632,2008,Bahrain,1.0,2.0
1633,2008,Bangladesh,9.0,48.0
1634,2008,Belarus,0.0,50.0
1635,2008,Bhutan,5.0,3.0
1636,2008,Bosnia-Herzegovina,2.0,10.0
1637,2008,Bulgaria,0.0,0.0
1638,2008,Burundi,28.0,46.0
1639,2008,Cambodia,1.0,2.0
1640,2008,Cameroon,3.0,0.0
1641,2008,Canada,0.0,9.0
1642,2008,Central African Republic,1.0,0.0
1643,2008,Chad,172.0,1011.0
1644,2008,Chile,0.0,0.0
1645,2008,China,39.0,150.0
1646,2008,Colombia,85.0,238.0
1647,2008,Croatia,0.0,0.0
1648,2008,Czech Republic,0.0,20.0
1649,2008,Democratic Republic of the Congo,319.0,26.0
1650,2008,Denmark,0.0,2.0
1651,2008,East Timor,2.0,1.0
1652,2008,Ecuador,0.0,3.0
1653,2008,Egypt,0.0,0.0
1654,2008,Eritrea,4.0,10.0
1655,2008,Ethiopia,27.0,82.0
1656,2008,Finland,0.0,1.0
1657,2008,France,0.0,1.0
1658,2008,Georgia,13.0,62.0
1659,2008,Germany,0.0,2.0
1660,2008,Greece,0.0,3.0
1661,2008,Guyana,23.0,12.0
1662,2008,Hong Kong,0.0,46.0
1663,2008,Hungary,0.0,0.0
1664,2008,India,824.0,1759.0
1665,2008,Indonesia,0.0,0.0
1666,2008,Iran,26.0,220.0
1667,2008,Iraq,2864.0,6709.0
1668,2008,Ireland,0.0,0.0
1669,2008,Israel,34.0,240.0
1670,2008,Italy,0.0,0.0
1671,2008,Japan,0.0,0.0
1672,2008,Kazakhstan,2.0,2.0
1673,2008,Kenya,103.0,3.0
1674,2008,Kosovo,0.0,5.0
1675,2008,Lebanon,142.0,490.0
1676,2008,Liberia,12.0,0.0
1677,2008,Libya,0.0,0.0
1678,2008,Macedonia,2.0,11.0
1679,2008,Malaysia,0.0,0.0
1680,2008,Maldives,0.0,0.0
1681,2008,Mali,55.0,53.0
1682,2008,Mauritania,12.0,0.0
1683,2008,Mexico,21.0,104.0
1684,2008,Myanmar,14.0,33.0
1685,2008,Nepal,50.0,326.0
1686,2008,Netherlands,0.0,0.0
1687,2008,New Zealand,0.0,0.0
1688,2008,Niger,6.0,6.0
1689,2008,Nigeria,72.0,28.0
1690,2008,Pakistan,1184.0,1901.0
1691,2008,Peru,0.0,0.0
1692,2008,Philippines,220.0,388.0
1693,2008,Romania,0.0,1.0
1694,2008,Russia,95.0,233.0
1695,2008,Rwanda,0.0,4.0
1696,2008,Senegal,10.0,22.0
1697,2008,Serbia,2.0,0.0
1698,2008,Somalia,436.0,564.0
1699,2008,South Africa,0.0,0.0
1700,2008,Spain,3.0,59.0
1701,2008,Sri Lanka,353.0,1059.0
1702,2008,Sudan,205.0,29.0
1703,2008,Swaziland,0.0,0.0
1704,2008,Sweden,0.0,0.0
1705,2008,Syria,18.0,14.0
1706,2008,Taiwan,0.0,1.0
1707,2008,Tanzania,0.0,2.0
1708,2008,Thailand,166.0,636.0
1709,2008,Tunisia,0.0,0.0
1710,2008,Turkey,42.0,274.0
1711,2008,Uganda,3.0,11.0
1712,2008,Ukraine,0.0,2.0
1713,2008,United Kingdom,0.0,8.0
1714,2008,United States,2.0,13.0
1715,2008,Venezuela,1.0,0.0
1716,2008,West Bank and Gaza Strip,17.0,91.0
1717,2008,Yemen,74.0,177.0
1718,2008,Zimbabwe,7.0,8.0
1719,2009,Afghanistan,1065.0,1604.0
1720,2009,Albania,0.0,0.0
1721,2009,Algeria,204.0,211.0
1722,2009,Angola,2.0,0.0
1723,2009,Argentina,0.0,0.0
1724,2009,Armenia,1.0,0.0
1725,2009,Australia,0.0,0.0
1726,2009,Austria,1.0,9.0
1727,2009,Azerbaijan,1.0,2.0
1728,2009,Bangladesh,18.0,46.0
1729,2009,Belgium,0.0,0.0
1730,2009,Bolivia,0.0,7.0
1731,2009,Bosnia-Herzegovina,0.0,0.0
1732,2009,Cameroon,0.0,0.0
1733,2009,Canada,0.0,0.0
1734,2009,Central African Republic,38.0,14.0
1735,2009,Chad,0.0,1.0
1736,2009,Chile,0.0,1.0
1737,2009,China,186.0,56.0
1738,2009,Colombia,107.0,226.0
1739,2009,Croatia,0.0,3.0
1740,2009,Czech Republic,0.0,4.0
1741,2009,Democratic Republic of the Congo,824.0,155.0
1742,2009,Ecuador,0.0,0.0
1743,2009,Egypt,1.0,25.0
1744,2009,Equatorial Guinea,1.0,3.0
1745,2009,Eritrea,2.0,8.0
1746,2009,Ethiopia,13.0,0.0
1747,2009,France,0.0,11.0
1748,2009,Georgia,5.0,21.0
1749,2009,Germany,0.0,0.0
1750,2009,Greece,1.0,10.0
1751,2009,Guinea-Bissau,1.0,0.0
1752,2009,Honduras,2.0,1.0
1753,2009,Hungary,2.0,0.0
1754,2009,India,774.0,854.0
1755,2009,Indonesia,15.0,62.0
1756,2009,Iran,97.0,83.0
1757,2009,Iraq,2585.0,9389.0
1758,2009,Israel,1.0,40.0
1759,2009,Italy,0.0,2.0
1760,2009,Japan,0.0,0.0
1761,2009,Kenya,0.0,0.0
1762,2009,Kosovo,0.0,0.0
1763,2009,Lebanon,17.0,21.0
1764,2009,Lesotho,0.0,0.0
1765,2009,Macedonia,0.0,1.0
1766,2009,Madagascar,2.0,0.0
1767,2009,Malaysia,0.0,1.0
1768,2009,Mali,30.0,0.0
1769,2009,Mauritania,2.0,4.0
1770,2009,Mexico,2.0,3.0
1771,2009,Moldova,0.0,39.0
1772,2009,Myanmar,46.0,15.0
1773,2009,Nepal,20.0,135.0
1774,2009,Netherlands,7.0,12.0
1775,2009,Niger,18.0,3.0
1776,2009,Nigeria,316.0,16.0
1777,2009,Pakistan,1487.0,3541.0
1778,2009,Panama,1.0,0.0
1779,2009,Peru,19.0,9.0
1780,2009,Philippines,151.0,354.0
1781,2009,Russia,141.0,218.0
1782,2009,Rwanda,4.0,52.0
1783,2009,Saudi Arabia,5.0,13.0
1784,2009,Senegal,9.0,4.0
1785,2009,Serbia,0.0,2.0
1786,2009,Somalia,381.0,605.0
1787,2009,Spain,3.0,48.0
1788,2009,Sri Lanka,201.0,549.0
1789,2009,Sudan,77.0,36.0
1790,2009,Sweden,0.0,0.0
1791,2009,Tajikistan,0.0,1.0
1792,2009,Thailand,270.0,460.0
1793,2009,Turkey,18.0,48.0
1794,2009,Uganda,11.0,0.0
1795,2009,Ukraine,0.0,8.0
1796,2009,United Kingdom,3.0,12.0
1797,2009,United States,18.0,41.0
1798,2009,Uzbekistan,3.0,6.0
1799,2009,Venezuela,10.0,1.0
1800,2009,West Bank and Gaza Strip,7.0,3.0
1801,2009,Yemen,47.0,29.0
1802,2010,Afghanistan,1157.0,1701.0
1803,2010,Algeria,109.0,220.0
1804,2010,Angola,4.0,7.0
1805,2010,Argentina,0.0,0.0
1806,2010,Australia,0.0,0.0
1807,2010,Bahrain,0.0,0.0
1808,2010,Bangladesh,15.0,28.0
1809,2010,Belarus,0.0,0.0
1810,2010,Bosnia-Herzegovina,1.0,6.0
1811,2010,Burundi,14.0,55.0
1812,2010,Cameroon,5.0,2.0
1813,2010,Canada,0.0,0.0
1814,2010,Central African Republic,46.0,23.0
1815,2010,Chad,0.0,0.0
1816,2010,Chile,0.0,1.0
1817,2010,China,7.0,14.0
1818,2010,Colombia,56.0,141.0
1819,2010,Democratic Republic of the Congo,118.0,12.0
1820,2010,Denmark,0.0,1.0
1821,2010,Egypt,0.0,0.0
1822,2010,Eritrea,17.0,20.0
1823,2010,Ethiopia,8.0,20.0
1824,2010,France,0.0,0.0
1825,2010,Georgia,4.0,14.0
1826,2010,Germany,0.0,0.0
1827,2010,Greece,4.0,5.0
1828,2010,India,812.0,660.0
1829,2010,Indonesia,0.0,6.0
1830,2010,Iran,115.0,450.0
1831,2010,Iraq,2074.0,6917.0
1832,2010,Ireland,0.0,8.0
1833,2010,Israel,4.0,17.0
1834,2010,Italy,0.0,3.0
1835,2010,Ivory Coast,10.0,13.0
1836,2010,Jordan,1.0,4.0
1837,2010,Kenya,19.0,159.0
1838,2010,Kosovo,1.0,11.0
1839,2010,Kyrgyzstan,0.0,4.0
1840,2010,Lebanon,2.0,6.0
1841,2010,Mali,1.0,0.0
1842,2010,Mauritania,1.0,0.0
1843,2010,Mexico,0.0,0.0
1844,2010,Myanmar,13.0,84.0
1845,2010,Nepal,10.0,42.0
1846,2010,Netherlands,0.0,0.0
1847,2010,Niger,9.0,0.0
1848,2010,Nigeria,117.0,191.0
1849,2010,Norway,0.0,1.0
1850,2010,Pakistan,1699.0,2961.0
1851,2010,Paraguay,2.0,7.0
1852,2010,Philippines,155.0,231.0
1853,2010,Poland,1.0,1.0
1854,2010,Russia,231.0,609.0
1855,2010,Rwanda,6.0,85.0
1856,2010,Senegal,3.0,2.0
1857,2010,Serbia,0.0,4.0
1858,2010,Somalia,295.0,395.0
1859,2010,Spain,0.0,0.0
1860,2010,Sri Lanka,2.0,4.0
1861,2010,Sudan,81.0,86.0
1862,2010,Sweden,1.0,2.0
1863,2010,Tajikistan,4.0,25.0
1864,2010,Tanzania,0.0,0.0
1865,2010,Thailand,154.0,313.0
1866,2010,Trinidad and Tobago,0.0,0.0
1867,2010,Turkey,13.0,7.0
1868,2010,Uganda,75.0,71.0
1869,2010,Ukraine,1.0,8.0
1870,2010,United Arab Emirates,0.0,1.0
1871,2010,United Kingdom,0.0,22.0
1872,2010,United States,4.0,17.0
1873,2010,West Bank and Gaza Strip,0.0,16.0
1874,2010,Yemen,345.0,233.0
1875,2010,Zimbabwe,1.0,1.0
1876,2011,Afghanistan,1525.0,1941.0
1877,2011,Algeria,25.0,34.0
1878,2011,Argentina,0.0,0.0
1879,2011,Austria,0.0,0.0
1880,2011,Bahrain,0.0,0.0
1881,2011,Bangladesh,9.0,6.0
1882,2011,Belarus,13.0,161.0
1883,2011,Bhutan,0.0,2.0
1884,2011,Bosnia-Herzegovina,0.0,1.0
1885,2011,Bulgaria,0.0,0.0
1886,2011,Burundi,47.0,30.0
1887,2011,Cameroon,4.0,0.0
1888,2011,Central African Republic,35.0,3.0
1889,2011,Chile,0.0,1.0
1890,2011,China,19.0,32.0
1891,2011,Colombia,43.0,85.0
1892,2011,Czech Republic,0.0,0.0
1893,2011,Democratic Republic of the Congo,50.0,8.0
1894,2011,Ecuador,0.0,0.0
1895,2011,Egypt,28.0,109.0
1896,2011,Eritrea,17.0,5.0
1897,2011,Estonia,1.0,0.0
1898,2011,Ethiopia,2.0,3.0
1899,2011,France,0.0,4.0
1900,2011,Georgia,1.0,1.0
1901,2011,Germany,2.0,2.0
1902,2011,Greece,0.0,5.0
1903,2011,Honduras,2.0,0.0
1904,2011,India,499.0,730.0
1905,2011,Indonesia,20.0,70.0
1906,2011,Iran,18.0,13.0
1907,2011,Iraq,1870.0,5041.0
1908,2011,Ireland,1.0,0.0
1909,2011,Israel,21.0,77.0
1910,2011,Italy,2.0,5.0
1911,2011,Ivory Coast,23.0,3.0
1912,2011,Kazakhstan,12.0,2.0
1913,2011,Kenya,42.0,112.0
1914,2011,Kosovo,0.0,0.0
1915,2011,Kuwait,0.0,0.0
1916,2011,Kyrgyzstan,0.0,0.0
1917,2011,Lebanon,1.0,23.0
1918,2011,Libya,0.0,2.0
1919,2011,Madagascar,0.0,0.0
1920,2011,Mali,5.0,2.0
1921,2011,Mauritania,1.0,4.0
1922,2011,Mexico,0.0,1.0
1923,2011,Morocco,17.0,24.0
1924,2011,Myanmar,0.0,0.0
1925,2011,Nepal,16.0,80.0
1926,2011,Netherlands,0.0,0.0
1927,2011,Niger,4.0,6.0
1928,2011,Nigeria,447.0,619.0
1929,2011,Norway,77.0,75.0
1930,2011,Pakistan,1676.0,2649.0
1931,2011,Paraguay,0.0,4.0
1932,2011,Philippines,127.0,225.0
1933,2011,Portugal,0.0,0.0
1934,2011,Russia,160.0,433.0
1935,2011,Rwanda,2.0,49.0
1936,2011,Saudi Arabia,3.0,15.0
1937,2011,Senegal,21.0,6.0
1938,2011,Somalia,344.0,640.0
1939,2011,Sudan,193.0,123.0
1940,2011,Sweden,0.0,0.0
1941,2011,Switzerland,0.0,2.0
1942,2011,Syria,163.0,215.0
1943,2011,Thailand,152.0,435.0
1944,2011,Tunisia,4.0,0.0
1945,2011,Turkey,25.0,110.0
1946,2011,Ukraine,0.0,0.0
1947,2011,United Kingdom,1.0,3.0
1948,2011,United States,0.0,2.0
1949,2011,West Bank and Gaza Strip,15.0,11.0
1950,2011,Yemen,461.0,415.0
1951,2011,Zimbabwe,0.0,0.0
1952,2012,Afghanistan,3521.0,4661.0
1953,2012,Algeria,30.0,105.0
1954,2012,Argentina,0.0,0.0
1955,2012,Bahrain,4.0,37.0
1956,2012,Bangladesh,8.0,32.0
1957,2012,Belarus,0.0,0.0
1958,2012,Belgium,1.0,1.0
1959,2012,Bolivia,0.0,2.0
1960,2012,Brazil,1.0,0.0
1961,2012,Bulgaria,8.0,30.0
1962,2012,Burundi,6.0,22.0
1963,2012,Canada,0.0,0.0
1964,2012,Central African Republic,14.0,16.0
1965,2012,Chile,0.0,0.0
1966,2012,China,27.0,38.0
1967,2012,Colombia,168.0,456.0
1968,2012,Cyprus,0.0,0.0
1969,2012,Democratic Republic of the Congo,288.0,165.0
1970,2012,Ecuador,0.0,0.0
1971,2012,Egypt,44.0,87.0
1972,2012,Ethiopia,25.0,8.0
1973,2012,France,8.0,8.0
1974,2012,Georgia,1.0,2.0
1975,2012,Germany,0.0,0.0
1976,2012,Greece,0.0,3.0
1977,2012,Guatemala,2.0,1.0
1978,2012,Guinea-Bissau,1.0,0.0
1979,2012,Iceland,0.0,0.0
1980,2012,India,264.0,651.0
1981,2012,Indonesia,15.0,20.0
1982,2012,Iran,12.0,11.0
1983,2012,Iraq,2686.0,6995.0
1984,2012,Ireland,0.0,0.0
1985,2012,Israel,14.0,90.0
1986,2012,Italy,0.0,1.0
1987,2012,Ivory Coast,45.0,11.0
1988,2012,Jordan,1.0,16.0
1989,2012,Kazakhstan,2.0,3.0
1990,2012,Kenya,107.0,421.0
1991,2012,Kosovo,3.0,4.0
1992,2012,Laos,0.0,0.0
1993,2012,Lebanon,9.0,92.0
1994,2012,Liberia,0.0,0.0
1995,2012,Libya,33.0,37.0
1996,2012,Macedonia,5.0,0.0
1997,2012,Madagascar,0.0,3.0
1998,2012,Malaysia,2.0,1.0
1999,2012,Maldives,0.0,1.0
2000,2012,Mali,53.0,45.0
2001,2012,Mexico,17.0,8.0
2002,2012,Moldova,0.0,0.0
2003,2012,Mozambique,1.0,4.0
2004,2012,Myanmar,16.0,10.0
2005,2012,Nepal,9.0,29.0
2006,2012,Niger,1.0,0.0
2007,2012,Nigeria,1508.0,913.0
2008,2012,Pakistan,2784.0,4265.0
2009,2012,Paraguay,1.0,2.0
2010,2012,Peru,10.0,8.0
2011,2012,Philippines,211.0,440.0
2012,2012,Russia,161.0,260.0
2013,2012,Rwanda,10.0,40.0
2014,2012,Saudi Arabia,4.0,10.0
2015,2012,Senegal,16.0,40.0
2016,2012,Serbia,1.0,2.0
2017,2012,Somalia,783.0,727.0
2018,2012,South Africa,5.0,4.0
2019,2012,South Sudan,68.0,22.0
2020,2012,Spain,0.0,0.0
2021,2012,Sri Lanka,0.0,1.0
2022,2012,Sudan,60.0,95.0
2023,2012,Sweden,0.0,0.0
2024,2012,Syria,877.0,1927.0
2025,2012,Tajikistan,3.0,6.0
2026,2012,Thailand,209.0,1055.0
2027,2012,Tunisia,4.0,46.0
2028,2012,Turkey,247.0,463.0
2029,2012,Uganda,5.0,0.0
2030,2012,Ukraine,1.0,36.0
2031,2012,United Kingdom,2.0,2.0
2032,2012,United States,7.0,7.0
2033,2012,Venezuela,0.0,2.0
2034,2012,West Bank and Gaza Strip,12.0,20.0
2035,2012,Yemen,1056.0,925.0
2036,2013,Afghanistan,3709.0,4322.0
2037,2013,Albania,0.0,0.0
2038,2013,Algeria,101.0,48.0
2039,2013,Argentina,0.0,2.0
2040,2013,Armenia,0.0,1.0
2041,2013,Australia,0.0,0.0
2042,2013,Austria,0.0,2.0
2043,2013,Bahamas,0.0,0.0
2044,2013,Bahrain,3.0,39.0
2045,2013,Bangladesh,16.0,117.0
2046,2013,Belize,0.0,0.0
2047,2013,Bosnia-Herzegovina,0.0,0.0
2048,2013,Brazil,2.0,0.0
2049,2013,Bulgaria,0.0,0.0
2050,2013,Burkina Faso,1.0,0.0
2051,2013,Burundi,5.0,12.0
2052,2013,Cambodia,0.0,0.0
2053,2013,Cameroon,7.0,0.0
2054,2013,Canada,0.0,0.0
2055,2013,Central African Republic,120.0,71.0
2056,2013,Chile,2.0,1.0
2057,2013,China,60.0,71.0
2058,2013,Colombia,137.0,263.0
2059,2013,Croatia,0.0,1.0
2060,2013,Cyprus,0.0,0.0
2061,2013,Czech Republic,1.0,0.0
2062,2013,Democratic Republic of the Congo,150.0,72.0
2063,2013,Denmark,0.0,0.0
2064,2013,Dominican Republic,0.0,0.0
2065,2013,Ecuador,1.0,0.0
2066,2013,Egypt,243.0,623.0
2067,2013,Ethiopia,17.0,0.0
2068,2013,France,0.0,5.0
2069,2013,Georgia,2.0,0.0
2070,2013,Greece,3.0,7.0
2071,2013,Guatemala,4.0,3.0
2072,2013,Guinea,0.0,0.0
2073,2013,Honduras,5.0,0.0
2074,2013,India,467.0,771.0
2075,2013,Indonesia,23.0,16.0
2076,2013,Iran,39.0,17.0
2077,2013,Iraq,7041.0,15710.0
2078,2013,Ireland,0.0,2.0
2079,2013,Israel,2.0,8.0
2080,2013,Italy,0.0,4.0
2081,2013,Ivory Coast,4.0,3.0
2082,2013,Japan,0.0,0.0
2083,2013,Jordan,0.0,0.0
2084,2013,Kazakhstan,0.0,1.0
2085,2013,Kenya,207.0,446.0
2086,2013,Kosovo,1.0,4.0
2087,2013,Lebanon,190.0,1048.0
2088,2013,Libya,232.0,618.0
2089,2013,Madagascar,0.0,0.0
2090,2013,Malaysia,2.0,1.0
2091,2013,Maldives,0.0,2.0
2092,2013,Mali,137.0,138.0
2093,2013,Mexico,47.0,110.0
2094,2013,Montenegro,0.0,0.0
2095,2013,Mozambique,37.0,80.0
2096,2013,Myanmar,11.0,29.0
2097,2013,Nepal,3.0,88.0
2098,2013,Niger,26.0,33.0
2099,2013,Nigeria,2014.0,528.0
2100,2013,Pakistan,2875.0,5769.0
2101,2013,Paraguay,12.0,15.0
2102,2013,Peru,6.0,4.0
2103,2013,Philippines,432.0,666.0
2104,2013,Republic of the Congo,2.0,5.0
2105,2013,Russia,148.0,288.0
2106,2013,Rwanda,6.0,62.0
2107,2013,Saudi Arabia,1.0,2.0
2108,2013,Senegal,7.0,1.0
2109,2013,Somalia,660.0,604.0
2110,2013,South Africa,2.0,5.0
2111,2013,South Sudan,226.0,113.0
2112,2013,Spain,0.0,1.0
2113,2013,Sri Lanka,0.0,29.0
2114,2013,Sudan,220.0,150.0
2115,2013,Switzerland,0.0,0.0
2116,2013,Syria,1568.0,2237.0
2117,2013,Taiwan,0.0,0.0
2118,2013,Tanzania,8.0,83.0
2119,2013,Thailand,255.0,680.0
2120,2013,Trinidad and Tobago,0.0,0.0
2121,2013,Tunisia,25.0,28.0
2122,2013,Turkey,83.0,192.0
2123,2013,Ukraine,1.0,3.0
2124,2013,United Arab Emirates,0.0,0.0
2125,2013,United Kingdom,4.0,64.0
2126,2013,United States,23.0,436.0
2127,2013,Venezuela,0.0,7.0
2128,2013,West Bank and Gaza Strip,12.0,27.0
2129,2013,Yemen,624.0,899.0
2130,2013,Zimbabwe,1.0,1.0
2131,2014,Afghanistan,5414.0,5111.0
2132,2014,Albania,1.0,2.0
2133,2014,Algeria,37.0,30.0
2134,2014,Argentina,0.0,0.0
2135,2014,Australia,4.0,7.0
2136,2014,Azerbaijan,0.0,1.0
2137,2014,Bahrain,9.0,39.0
2138,2014,Bangladesh,38.0,114.0
2139,2014,Belgium,4.0,3.0
2140,2014,Bhutan,0.0,0.0
2141,2014,Bosnia-Herzegovina,0.0,4.0
2142,2014,Brazil,2.0,0.0
2143,2014,Bulgaria,0.0,0.0
2144,2014,Burundi,4.0,1.0
2145,2014,Cameroon,789.0,19.0
2146,2014,Canada,7.0,6.0
2147,2014,Central African Republic,751.0,298.0
2148,2014,Chad,6.0,0.0
2149,2014,Chile,1.0,26.0
2150,2014,China,322.0,478.0
2151,2014,Colombia,143.0,314.0
2152,2014,Cyprus,0.0,0.0
2153,2014,Czech Republic,1.0,1.0
2154,2014,Democratic Republic of the Congo,366.0,170.0
2155,2014,Djibouti,5.0,15.0
2156,2014,Dominican Republic,0.0,35.0
2157,2014,Egypt,343.0,548.0
2158,2014,Ethiopia,9.0,6.0
2159,2014,France,1.0,15.0
2160,2014,Georgia,0.0,1.0
2161,2014,Germany,0.0,0.0
2162,2014,Ghana,0.0,3.0
2163,2014,Greece,0.0,4.0
2164,2014,Honduras,0.0,1.0
2165,2014,Hungary,0.0,0.0
2166,2014,Iceland,0.0,0.0
2167,2014,India,490.0,776.0
2168,2014,Indonesia,20.0,30.0
2169,2014,Iran,13.0,5.0
2170,2014,Iraq,13965.0,16804.0
2171,2014,Ireland,0.0,1.0
2172,2014,Israel,49.0,152.0
2173,2014,Italy,0.0,3.0
2174,2014,Ivory Coast,4.0,0.0
2175,2014,Jamaica,0.0,1.0
2176,2014,Japan,0.0,0.0
2177,2014,Jordan,1.0,7.0
2178,2014,Kenya,315.0,408.0
2179,2014,Kosovo,2.0,3.0
2180,2014,Kyrgyzstan,1.0,1.0
2181,2014,Lebanon,134.0,532.0
2182,2014,Liberia,0.0,0.0
2183,2014,Libya,694.0,895.0
2184,2014,Macedonia,0.0,5.0
2185,2014,Madagascar,1.0,31.0
2186,2014,Malaysia,1.0,4.0
2187,2014,Maldives,0.0,0.0
2188,2014,Mali,125.0,225.0
2189,2014,Malta,0.0,0.0
2190,2014,Mexico,1.0,2.0
2191,2014,Mozambique,22.0,60.0
2192,2014,Myanmar,17.0,43.0
2193,2014,Nepal,0.0,7.0
2194,2014,Netherlands,0.0,0.0
2195,2014,New Zealand,0.0,0.0
2196,2014,Nicaragua,5.0,28.0
2197,2014,Niger,11.0,9.0
2198,2014,Nigeria,7781.0,2283.0
2199,2014,Pakistan,2413.0,3388.0
2200,2014,Paraguay,6.0,2.0
2201,2014,Peru,4.0,12.0
2202,2014,Philippines,472.0,723.0
2203,2014,Russia,67.0,88.0
2204,2014,Rwanda,1.0,16.0
2205,2014,Saudi Arabia,20.0,23.0
2206,2014,Senegal,7.0,3.0
2207,2014,Somalia,1589.0,780.0
2208,2014,South Africa,9.0,8.0
2209,2014,South Sudan,908.0,602.0
2210,2014,Spain,0.0,0.0
2211,2014,Sri Lanka,3.0,65.0
2212,2014,Sudan,546.0,320.0
2213,2014,Sweden,0.0,1.0
2214,2014,Syria,3312.0,2014.0
2215,2014,Taiwan,0.0,0.0
2216,2014,Tajikistan,1.0,2.0
2217,2014,Tanzania,4.0,43.0
2218,2014,Thailand,192.0,651.0
2219,2014,Tunisia,43.0,64.0
2220,2014,Turkey,39.0,89.0
2221,2014,Turkmenistan,3.0,2.0
2222,2014,Uganda,98.0,16.0
2223,2014,Ukraine,1396.0,1226.0
2224,2014,United Arab Emirates,1.0,0.0
2225,2014,United Kingdom,0.0,4.0
2226,2014,United States,26.0,19.0
2227,2014,Venezuela,1.0,1.0
2228,2014,West Bank and Gaza Strip,67.0,94.0
2229,2014,Yemen,1353.0,1305.0
2230,2014,Zimbabwe,0.0,0.0
2231,2015,Afghanistan,6216.0,6987.0
2232,2015,Albania,0.0,0.0
2233,2015,Algeria,21.0,19.0
2234,2015,Argentina,0.0,0.0
2235,2015,Armenia,0.0,1.0
2236,2015,Australia,2.0,0.0
2237,2015,Bahrain,5.0,22.0
2238,2015,Bangladesh,86.0,720.0
2239,2015,Bosnia-Herzegovina,4.0,6.0
2240,2015,Brazil,3.0,0.0
2241,2015,Bulgaria,0.0,0.0
2242,2015,Burkina Faso,16.0,132.0
2243,2015,Burundi,223.0,220.0
2244,2015,Cameroon,931.0,463.0
2245,2015,Canada,0.0,2.0
2246,2015,Central African Republic,171.0,91.0
2247,2015,Chad,306.0,427.0
2248,2015,Chile,0.0,0.0
2249,2015,China,123.0,83.0
2250,2015,Colombia,104.0,138.0
2251,2015,Cyprus,0.0,0.0
2252,2015,Czech Republic,0.0,0.0
2253,2015,Democratic Republic of the Congo,371.0,244.0
2254,2015,Denmark,2.0,5.0
2255,2015,Djibouti,0.0,0.0
2256,2015,Ecuador,0.0,0.0
2257,2015,Egypt,829.0,1047.0
2258,2015,Estonia,0.0,0.0
2259,2015,Ethiopia,48.0,43.0
2260,2015,Finland,0.0,1.0
2261,2015,France,162.0,443.0
2262,2015,Georgia,0.0,0.0
2263,2015,Germany,1.0,47.0
2264,2015,Greece,1.0,2.0
2265,2015,Guinea,1.0,4.0
2266,2015,Hungary,0.0,0.0
2267,2015,India,387.0,649.0
2268,2015,Indonesia,22.0,17.0
2269,2015,Iran,38.0,11.0
2270,2015,Iraq,8885.0,13326.0
2271,2015,Ireland,0.0,0.0
2272,2015,Israel,20.0,118.0
2273,2015,Italy,0.0,1.0
2274,2015,Ivory Coast,14.0,10.0
2275,2015,Japan,0.0,0.0
2276,2015,Jordan,7.0,11.0
2277,2015,Kenya,281.0,205.0
2278,2015,Kosovo,0.0,0.0
2279,2015,Kuwait,28.0,227.0
2280,2015,Kyrgyzstan,1.0,1.0
2281,2015,Laos,0.0,0.0
2282,2015,Lebanon,111.0,347.0
2283,2015,Lesotho,1.0,2.0
2284,2015,Libya,689.0,841.0
2285,2015,Macedonia,0.0,2.0
2286,2015,Malaysia,1.0,1.0
2287,2015,Maldives,0.0,3.0
2288,2015,Mali,269.0,251.0
2289,2015,Malta,0.0,0.0
2290,2015,Mexico,9.0,10.0
2291,2015,Montenegro,0.0,0.0
2292,2015,Morocco,0.0,0.0
2293,2015,Mozambique,12.0,3.0
2294,2015,Myanmar,60.0,153.0
2295,2015,Nepal,0.0,11.0
2296,2015,Netherlands,0.0,0.0
2297,2015,Niger,666.0,116.0
2298,2015,Nigeria,5559.0,2863.0
2299,2015,Pakistan,1608.0,1849.0
2300,2015,Paraguay,14.0,0.0
2301,2015,Peru,6.0,7.0
2302,2015,Philippines,447.0,752.0
2303,2015,Qatar,0.0,1.0
2304,2015,Russia,21.0,24.0
2305,2015,Saudi Arabia,213.0,281.0
2306,2015,Senegal,0.0,4.0
2307,2015,Somalia,1447.0,806.0
2308,2015,South Africa,5.0,32.0
2309,2015,South Korea,0.0,1.0
2310,2015,South Sudan,218.0,137.0
2311,2015,Spain,0.0,0.0
2312,2015,Sri Lanka,3.0,14.0
2313,2015,Sudan,210.0,329.0
2314,2015,Sweden,4.0,4.0
2315,2015,Syria,3924.0,2978.0
2316,2015,Tajikistan,12.0,10.0
2317,2015,Tanzania,10.0,14.0
2318,2015,Thailand,116.0,463.0
2319,2015,Trinidad and Tobago,0.0,0.0
2320,2015,Tunisia,103.0,121.0
2321,2015,Turkey,490.0,1103.0
2322,2015,Uganda,4.0,1.0
2323,2015,Ukraine,765.0,1401.0
2324,2015,United Kingdom,1.0,23.0
2325,2015,United States,54.0,58.0
2326,2015,Uzbekistan,0.0,0.0
2327,2015,Venezuela,1.0,0.0
2328,2015,West Bank and Gaza Strip,117.0,239.0
2329,2015,Yemen,2374.0,3065.0
2330,2016,Afghanistan,6142.0,6485.0
2331,2016,Albania,0.0,0.0
2332,2016,Algeria,9.0,2.0
2333,2016,Angola,0.0,0.0
2334,2016,Argentina,0.0,2.0
2335,2016,Armenia,6.0,1.0
2336,2016,Australia,0.0,1.0
2337,2016,Austria,0.0,0.0
2338,2016,Azerbaijan,1.0,1.0
2339,2016,Bahrain,1.0,2.0
2340,2016,Bangladesh,76.0,90.0
2341,2016,Belgium,36.0,276.0
2342,2016,Brazil,1.0,0.0
2343,2016,Bulgaria,0.0,1.0
2344,2016,Burkina Faso,62.0,40.0
2345,2016,Burundi,74.0,213.0
2346,2016,Cameroon,269.0,324.0
2347,2016,Canada,1.0,34.0
2348,2016,Central African Republic,189.0,174.0
2349,2016,Chad,22.0,68.0
2350,2016,Chile,2.0,4.0
2351,2016,China,13.0,18.0
2352,2016,Colombia,52.0,72.0
2353,2016,Cyprus,0.0,0.0
2354,2016,Czech Republic,0.0,1.0
2355,2016,Democratic Republic of the Congo,532.0,176.0
2356,2016,Denmark,1.0,3.0
2357,2016,Ecuador,1.0,14.0
2358,2016,Egypt,609.0,633.0
2359,2016,Ethiopia,279.0,83.0
2360,2016,Finland,0.0,0.0
2361,2016,France,95.0,470.0
2362,2016,Georgia,1.0,7.0
2363,2016,Germany,27.0,117.0
2364,2016,Ghana,0.0,0.0
2365,2016,Greece,66.0,2.0
2366,2016,Guinea,1.0,0.0
2367,2016,Guyana,0.0,0.0
2368,2016,Haiti,7.0,0.0
2369,2016,Honduras,2.0,0.0
2370,2016,Hungary,0.0,2.0
2371,2016,India,467.0,788.0
2372,2016,Indonesia,22.0,35.0
2373,2016,Iran,12.0,8.0
2374,2016,Iraq,12207.0,14288.0
2375,2016,Ireland,2.0,3.0
2376,2016,Israel,16.0,175.0
2377,2016,Italy,1.0,1.0
2378,2016,Ivory Coast,22.0,33.0
2379,2016,Japan,19.0,26.0
2380,2016,Jordan,35.0,65.0
2381,2016,Kazakhstan,10.0,11.0
2382,2016,Kenya,72.0,69.0
2383,2016,Kosovo,0.0,0.0
2384,2016,Kuwait,1.0,1.0
2385,2016,Kyrgyzstan,1.0,5.0
2386,2016,Laos,3.0,15.0
2387,2016,Lebanon,25.0,74.0
2388,2016,Libya,634.0,744.0
2389,2016,Madagascar,3.0,91.0
2390,2016,Malaysia,6.0,9.0
2391,2016,Maldives,0.0,3.0
2392,2016,Mali,181.0,220.0
2393,2016,Mexico,4.0,0.0
2394,2016,Moldova,0.0,0.0
2395,2016,Mozambique,62.0,84.0
2396,2016,Myanmar,73.0,58.0
2397,2016,Nepal,5.0,15.0
2398,2016,Netherlands,1.0,3.0
2399,2016,New Zealand,0.0,0.0
2400,2016,Niger,190.0,143.0
2401,2016,Nigeria,2165.0,1162.0
2402,2016,Pakistan,1113.0,1894.0
2403,2016,Panama,0.0,0.0
2404,2016,Paraguay,10.0,2.0
2405,2016,Peru,11.0,7.0
2406,2016,Philippines,415.0,718.0
2407,2016,Poland,0.0,1.0
2408,2016,Republic of the Congo,31.0,1.0
2409,2016,Russia,64.0,61.0
2410,2016,Rwanda,0.0,0.0
2411,2016,Saudi Arabia,162.0,196.0
2412,2016,Sierra Leone,1.0,0.0
2413,2016,Slovak Republic,0.0,1.0
2414,2016,Somalia,1583.0,1325.0
2415,2016,South Africa,21.0,11.0
2416,2016,South Korea,0.0,0.0
2417,2016,South Sudan,633.0,191.0
2418,2016,Spain,0.0,4.0
2419,2016,Sri Lanka,0.0,2.0
2420,2016,Sudan,182.0,213.0
2421,2016,Sweden,0.0,1.0
2422,2016,Switzerland,0.0,0.0
2423,2016,Syria,2810.0,2982.0
2424,2016,Taiwan,0.0,0.0
2425,2016,Tajikistan,2.0,0.0
2426,2016,Tanzania,3.0,2.0
2427,2016,Thailand,120.0,385.0
2428,2016,Tunisia,71.0,26.0
2429,2016,Turkey,1006.0,2772.0
2430,2016,Uganda,75.0,19.0
2431,2016,Ukraine,48.0,40.0
2432,2016,United Kingdom,9.0,20.0
2433,2016,United States,68.0,139.0
2434,2016,Uruguay,1.0,1.0
2435,2016,Venezuela,9.0,77.0
2436,2016,West Bank and Gaza Strip,90.0,124.0
2437,2016,Yemen,1517.0,1341.0
2438,2017,Afghanistan,6092.0,6027.0
2439,2017,Albania,0.0,0.0
2440,2017,Algeria,12.0,19.0
2441,2017,Angola,7.0,411.0
2442,2017,Argentina,0.0,0.0
2443,2017,Australia,4.0,21.0
2444,2017,Austria,2.0,0.0
2445,2017,Azerbaijan,5.0,2.0
2446,2017,Bahrain,6.0,26.0
2447,2017,Bangladesh,25.0,73.0
2448,2017,Belgium,2.0,2.0
2449,2017,Brazil,0.0,0.0
2450,2017,Burkina Faso,53.0,45.0
2451,2017,Burundi,20.0,127.0
2452,2017,Cameroon,228.0,243.0
2453,2017,Canada,6.0,25.0
2454,2017,Central African Republic,601.0,239.0
2455,2017,Chad,62.0,1.0
2456,2017,Chile,0.0,2.0
2457,2017,China,16.0,76.0
2458,2017,Colombia,84.0,117.0
2459,2017,Czech Republic,0.0,0.0
2460,2017,Democratic Republic of the Congo,596.0,193.0
2461,2017,Djibouti,0.0,0.0
2462,2017,Dominican Republic,2.0,1.0
2463,2017,Ecuador,0.0,0.0
2464,2017,Egypt,877.0,626.0
2465,2017,Ethiopia,67.0,53.0
2466,2017,Finland,2.0,10.0
2467,2017,France,7.0,28.0
2468,2017,Gabon,0.0,2.0
2469,2017,Georgia,0.0,5.0
2470,2017,Germany,1.0,10.0
2471,2017,Greece,0.0,7.0
2472,2017,Honduras,2.0,0.0
2473,2017,India,465.0,702.0
2474,2017,Indonesia,20.0,27.0
2475,2017,Iran,39.0,67.0
2476,2017,Iraq,6476.0,4916.0
2477,2017,Ireland,0.0,0.0
2478,2017,Israel,3.0,15.0
2479,2017,Italy,0.0,8.0
2480,2017,Ivory Coast,3.0,2.0
2481,2017,Jamaica,0.0,0.0
2482,2017,Jordan,4.0,1.0
2483,2017,Kenya,126.0,97.0
2484,2017,Kosovo,0.0,4.0
2485,2017,Kyrgyzstan,0.0,0.0
2486,2017,Laos,1.0,0.0
2487,2017,Latvia,0.0,0.0
2488,2017,Lebanon,17.0,49.0
2489,2017,Liberia,0.0,0.0
2490,2017,Libya,289.0,171.0
2491,2017,Macedonia,0.0,0.0
2492,2017,Malawi,0.0,0.0
2493,2017,Malaysia,4.0,2.0
2494,2017,Maldives,1.0,0.0
2495,2017,Mali,361.0,347.0
2496,2017,Malta,1.0,0.0
2497,2017,Mexico,23.0,6.0
2498,2017,Mozambique,22.0,11.0
2499,2017,Myanmar,218.0,35.0
2500,2017,Nepal,4.0,94.0
2501,2017,Netherlands,0.0,0.0
2502,2017,Niger,148.0,72.0
2503,2017,Nigeria,1805.0,1031.0
2504,2017,Norway,0.0,0.0
2505,2017,Pakistan,1076.0,2091.0
2506,2017,Papua New Guinea,0.0,3.0
2507,2017,Paraguay,4.0,1.0
2508,2017,Peru,8.0,4.0
2509,2017,Philippines,496.0,674.0
2510,2017,Poland,0.0,0.0
2511,2017,Russia,61.0,114.0
2512,2017,Rwanda,2.0,8.0
2513,2017,Saudi Arabia,31.0,69.0
2514,2017,Serbia,0.0,1.0
2515,2017,Sierra Leone,0.0,0.0
2516,2017,Somalia,1912.0,1287.0
2517,2017,South Africa,21.0,7.0
2518,2017,South Sudan,581.0,258.0
2519,2017,Spain,21.0,111.0
2520,2017,Sri Lanka,1.0,3.0
2521,2017,Sudan,82.0,176.0
2522,2017,Sweden,5.0,32.0
2523,2017,Syria,2026.0,1303.0
2524,2017,Taiwan,0.0,1.0
2525,2017,Tajikistan,1.0,0.0
2526,2017,Tanzania,8.0,4.0
2527,2017,Thailand,72.0,270.0
2528,2017,Tunisia,5.0,5.0
2529,2017,Turkey,222.0,328.0
2530,2017,Uganda,7.0,2.0
2531,2017,Ukraine,40.0,64.0
2532,2017,United Kingdom,42.0,301.0
2533,2017,United States,95.0,932.0
2534,2017,Venezuela,5.0,32.0
2535,2017,Vietnam,0.0,0.0
2536,2017,West Bank and Gaza Strip,50.0,75.0
2537,2017,Yemen,762.0,722.0
2538,2017,Zambia,0.0,0.0
2539,2017,Zimbabwe,0.0,1.0
