,iyear,country_txt,success,frequency
0,1990,Afghanistan,1,2
1,1990,Albania,1,1
2,1990,Algeria,0,1
3,1990,Algeria,1,1
4,1990,Angola,0,4
5,1990,Angola,1,201
6,1990,Argentina,0,5
7,1990,Argentina,1,26
8,1990,Austria,1,1
9,1990,Bangladesh,1,22
10,1990,Belgium,1,2
11,1990,Bolivia,0,1
12,1990,Bolivia,1,10
13,1990,Botswana,1,1
14,1990,Brazil,0,1
15,1990,Brazil,1,6
16,1990,Bulgaria,1,5
17,1990,Cambodia,1,2
18,1990,Chile,0,6
19,1990,Chile,1,155
20,1990,China,1,1
21,1990,Colombia,0,16
22,1990,Colombia,1,333
23,1990,Costa Rica,1,1
24,1990,Cyprus,0,1
25,1990,Cyprus,1,10
26,1990,Czechoslovakia,1,1
27,1990,Djibouti,1,1
28,1990,Dominican Republic,1,2
29,1990,East Germany (GDR),1,3
30,1990,Ecuador,1,8
31,1990,Egypt,0,3
32,1990,Egypt,1,10
33,1990,El Salvador,0,4
34,1990,El Salvador,1,180
35,1990,Ethiopia,1,10
36,1990,France,0,2
37,1990,France,1,28
38,1990,Germany,1,1
39,1990,Greece,0,4
40,1990,Greece,1,51
41,1990,Guatemala,0,5
42,1990,Guatemala,1,78
43,1990,Guyana,0,3
44,1990,Guyana,1,2
45,1990,Haiti,1,3
46,1990,Honduras,0,3
47,1990,Honduras,1,10
48,1990,Hong Kong,1,1
49,1990,India,0,15
50,1990,India,1,334
51,1990,Indonesia,1,3
52,1990,Iran,0,2
53,1990,Iran,1,9
54,1990,Ireland,1,2
55,1990,Israel,0,33
56,1990,Israel,1,65
57,1990,Italy,1,6
58,1990,Japan,0,9
59,1990,Japan,1,84
60,1990,Jordan,1,3
61,1990,Laos,1,1
62,1990,Lebanon,0,18
63,1990,Lebanon,1,66
64,1990,Liberia,1,4
65,1990,Malaysia,1,3
66,1990,Mali,1,1
67,1990,Mexico,0,1
68,1990,Mexico,1,4
69,1990,Mozambique,1,23
70,1990,Myanmar,1,9
71,1990,Namibia,1,2
72,1990,Netherlands,1,6
73,1990,Nicaragua,0,1
74,1990,Nicaragua,1,14
75,1990,Pakistan,0,5
76,1990,Pakistan,1,82
77,1990,Panama,0,2
78,1990,Panama,1,13
79,1990,Papua New Guinea,0,1
80,1990,Papua New Guinea,1,17
81,1990,Peru,0,17
82,1990,Peru,1,478
83,1990,Philippines,0,30
84,1990,Philippines,1,290
85,1990,Poland,1,7
86,1990,Republic of the Congo,1,1
87,1990,Senegal,1,11
88,1990,Somalia,1,12
89,1990,South Africa,0,7
90,1990,South Africa,1,147
91,1990,South Korea,0,1
92,1990,South Korea,1,2
93,1990,Soviet Union,0,5
94,1990,Soviet Union,1,31
95,1990,Spain,0,30
96,1990,Spain,1,83
97,1990,Sri Lanka,0,2
98,1990,Sri Lanka,1,139
99,1990,Sudan,1,1
100,1990,Suriname,1,7
101,1990,Sweden,1,6
102,1990,Switzerland,1,1
103,1990,Taiwan,1,1
104,1990,Thailand,0,1
105,1990,Thailand,1,9
106,1990,Turkey,0,4
107,1990,Turkey,1,191
108,1990,Uganda,0,1
109,1990,Uganda,1,13
110,1990,United Kingdom,0,46
111,1990,United Kingdom,1,101
112,1990,United States,1,32
113,1990,Uruguay,1,1
114,1990,Venezuela,1,1
115,1990,West Bank and Gaza Strip,0,9
116,1990,West Bank and Gaza Strip,1,79
117,1990,West Germany (FRG),0,3
118,1990,West Germany (FRG),1,6
119,1990,Yugoslavia,0,1
120,1990,Yugoslavia,1,4
121,1990,Zambia,1,4
122,1990,Zimbabwe,0,1
123,1990,Zimbabwe,1,5
124,1991,Afghanistan,1,30
125,1991,Albania,1,1
126,1991,Algeria,0,1
127,1991,Algeria,1,29
128,1991,Angola,0,2
129,1991,Angola,1,14
130,1991,Argentina,0,6
131,1991,Argentina,1,21
132,1991,Armenia,1,1
133,1991,Australia,1,4
134,1991,Austria,1,3
135,1991,Azerbaijan,1,3
136,1991,Bahrain,1,1
137,1991,Bangladesh,0,2
138,1991,Bangladesh,1,40
139,1991,Belgium,0,1
140,1991,Belgium,1,5
141,1991,Belize,1,3
142,1991,Bolivia,0,10
143,1991,Bolivia,1,18
144,1991,Brazil,0,6
145,1991,Brazil,1,18
146,1991,Bulgaria,1,3
147,1991,Burkina Faso,0,1
148,1991,Burkina Faso,1,1
149,1991,Burundi,1,7
150,1991,Cambodia,1,3
151,1991,Cameroon,1,4
152,1991,Central African Republic,1,4
153,1991,Chad,1,2
154,1991,Chile,0,15
155,1991,Chile,1,112
156,1991,China,0,1
157,1991,Colombia,0,22
158,1991,Colombia,1,398
159,1991,Costa Rica,1,2
160,1991,Croatia,1,26
161,1991,Cuba,1,1
162,1991,Cyprus,1,11
163,1991,Czechoslovakia,1,1
164,1991,Denmark,1,1
165,1991,Djibouti,1,1
166,1991,Dominican Republic,1,8
167,1991,Ecuador,0,1
168,1991,Ecuador,1,16
169,1991,Egypt,0,2
170,1991,Egypt,1,8
171,1991,El Salvador,0,3
172,1991,El Salvador,1,497
173,1991,Ethiopia,1,5
174,1991,Fiji,1,3
175,1991,France,0,6
176,1991,France,1,131
177,1991,Georgia,1,3
178,1991,Germany,0,14
179,1991,Germany,1,51
180,1991,Greece,0,5
181,1991,Greece,1,52
182,1991,Guadeloupe,1,1
183,1991,Guatemala,0,5
184,1991,Guatemala,1,72
185,1991,Haiti,0,2
186,1991,Haiti,1,15
187,1991,Honduras,0,3
188,1991,Honduras,1,18
189,1991,Hong Kong,1,1
190,1991,Hungary,0,1
191,1991,Hungary,1,2
192,1991,India,0,24
193,1991,India,1,315
194,1991,Indonesia,0,1
195,1991,Indonesia,1,6
196,1991,Iran,1,9
197,1991,Iraq,0,1
198,1991,Iraq,1,2
199,1991,Ireland,0,8
200,1991,Ireland,1,8
201,1991,Israel,0,21
202,1991,Israel,1,43
203,1991,Italy,0,8
204,1991,Italy,1,23
205,1991,Jamaica,1,1
206,1991,Japan,0,3
207,1991,Japan,1,16
208,1991,Jordan,0,3
209,1991,Jordan,1,8
210,1991,Kenya,1,5
211,1991,Kuwait,0,1
212,1991,Kuwait,1,4
213,1991,Lebanon,0,9
214,1991,Lebanon,1,82
215,1991,Liberia,1,1
216,1991,Lithuania,1,1
217,1991,Madagascar,1,1
218,1991,Malaysia,0,1
219,1991,Malaysia,1,2
220,1991,Mali,1,12
221,1991,Martinique,1,1
222,1991,Mexico,1,10
223,1991,Moldova,1,1
224,1991,Morocco,1,3
225,1991,Mozambique,1,35
226,1991,Myanmar,1,22
227,1991,Namibia,1,1
228,1991,Nepal,1,1
229,1991,Netherlands,1,8
230,1991,New Zealand,1,1
231,1991,Nicaragua,0,1
232,1991,Nicaragua,1,79
233,1991,Niger,1,6
234,1991,Nigeria,1,3
235,1991,Norway,1,2
236,1991,Pakistan,0,10
237,1991,Pakistan,1,140
238,1991,Panama,0,4
239,1991,Panama,1,12
240,1991,Papua New Guinea,0,1
241,1991,Papua New Guinea,1,1
242,1991,Peru,0,27
243,1991,Peru,1,631
244,1991,Philippines,0,13
245,1991,Philippines,1,149
246,1991,Romania,0,1
247,1991,Rwanda,0,2
248,1991,Rwanda,1,1
249,1991,Saudi Arabia,1,2
250,1991,Senegal,1,4
251,1991,Sierra Leone,1,9
252,1991,Singapore,1,1
253,1991,Somalia,1,8
254,1991,South Africa,0,6
255,1991,South Africa,1,121
256,1991,South Korea,0,1
257,1991,South Korea,1,5
258,1991,Soviet Union,0,4
259,1991,Soviet Union,1,30
260,1991,Spain,0,17
261,1991,Spain,1,72
262,1991,Sri Lanka,0,4
263,1991,Sri Lanka,1,111
264,1991,Sudan,1,3
265,1991,Suriname,1,1
266,1991,Swaziland,1,1
267,1991,Sweden,0,2
268,1991,Sweden,1,4
269,1991,Switzerland,1,2
270,1991,Taiwan,1,2
271,1991,Thailand,1,8
272,1991,Togo,0,1
273,1991,Togo,1,1
274,1991,Trinidad and Tobago,0,1
275,1991,Tunisia,1,2
276,1991,Turkey,0,12
277,1991,Turkey,1,281
278,1991,Uganda,1,2
279,1991,Ukraine,0,2
280,1991,United Kingdom,0,65
281,1991,United Kingdom,1,197
282,1991,United States,0,1
283,1991,United States,1,29
284,1991,Uruguay,1,3
285,1991,Venezuela,0,2
286,1991,Venezuela,1,15
287,1991,West Bank and Gaza Strip,0,15
288,1991,West Bank and Gaza Strip,1,68
289,1991,Yemen,0,1
290,1991,Yemen,1,4
291,1991,Yugoslavia,0,1
292,1991,Yugoslavia,1,10
293,1991,Zaire,0,1
294,1991,Zaire,1,5
295,1991,Zimbabwe,1,1
296,1992,Afghanistan,0,7
297,1992,Afghanistan,1,29
298,1992,Albania,0,1
299,1992,Albania,1,2
300,1992,Algeria,0,34
301,1992,Algeria,1,181
302,1992,Angola,0,3
303,1992,Angola,1,47
304,1992,Antigua and Barbuda,1,1
305,1992,Argentina,0,3
306,1992,Argentina,1,38
307,1992,Armenia,1,2
308,1992,Australia,0,1
309,1992,Australia,1,3
310,1992,Austria,0,1
311,1992,Austria,1,7
312,1992,Azerbaijan,1,12
313,1992,Bangladesh,0,3
314,1992,Bangladesh,1,73
315,1992,Barbados,1,1
316,1992,Belgium,1,9
317,1992,Belize,0,1
318,1992,Belize,1,1
319,1992,Benin,1,1
320,1992,Bolivia,0,9
321,1992,Bolivia,1,29
322,1992,Bosnia-Herzegovina,1,22
323,1992,Brazil,0,6
324,1992,Brazil,1,18
325,1992,Brunei,0,1
326,1992,Bulgaria,1,2
327,1992,Burundi,0,1
328,1992,Burundi,1,1
329,1992,Cambodia,0,3
330,1992,Cambodia,1,64
331,1992,Cameroon,1,6
332,1992,Canada,0,1
333,1992,Canada,1,2
334,1992,Central African Republic,1,1
335,1992,Chad,1,4
336,1992,Chile,0,5
337,1992,Chile,1,111
338,1992,China,0,1
339,1992,China,1,4
340,1992,Colombia,0,67
341,1992,Colombia,1,456
342,1992,Comoros,0,1
343,1992,Costa Rica,0,1
344,1992,Costa Rica,1,1
345,1992,Croatia,1,4
346,1992,Cuba,1,4
347,1992,Cyprus,1,6
348,1992,Czechoslovakia,0,2
349,1992,Czechoslovakia,1,1
350,1992,Denmark,1,4
351,1992,Djibouti,1,6
352,1992,Dominican Republic,1,11
353,1992,Ecuador,0,3
354,1992,Ecuador,1,20
355,1992,Egypt,0,12
356,1992,Egypt,1,67
357,1992,El Salvador,0,2
358,1992,El Salvador,1,27
359,1992,Equatorial Guinea,1,1
360,1992,Estonia,1,2
361,1992,Ethiopia,1,13
362,1992,Fiji,1,1
363,1992,Finland,1,1
364,1992,France,0,10
365,1992,France,1,116
366,1992,Georgia,0,1
367,1992,Georgia,1,38
368,1992,Germany,0,7
369,1992,Germany,1,149
370,1992,Ghana,0,1
371,1992,Ghana,1,7
372,1992,Greece,0,1
373,1992,Greece,1,34
374,1992,Guatemala,0,6
375,1992,Guatemala,1,42
376,1992,Guinea,0,1
377,1992,Guinea,1,1
378,1992,Guyana,0,1
379,1992,Guyana,1,3
380,1992,Haiti,0,3
381,1992,Haiti,1,24
382,1992,Honduras,0,1
383,1992,Honduras,1,11
384,1992,Hong Kong,0,2
385,1992,Hong Kong,1,4
386,1992,Hungary,1,1
387,1992,India,0,10
388,1992,India,1,227
389,1992,Indonesia,1,4
390,1992,Iran,1,16
391,1992,Iraq,0,5
392,1992,Iraq,1,30
393,1992,Ireland,0,1
394,1992,Ireland,1,6
395,1992,Israel,0,25
396,1992,Israel,1,53
397,1992,Italy,0,8
398,1992,Italy,1,29
399,1992,Ivory Coast,1,3
400,1992,Jamaica,1,6
401,1992,Japan,0,10
402,1992,Japan,1,30
403,1992,Jordan,1,2
404,1992,Kazakhstan,0,1
405,1992,Kazakhstan,1,4
406,1992,Kenya,0,2
407,1992,Kenya,1,28
408,1992,Kuwait,0,4
409,1992,Kuwait,1,11
410,1992,Laos,1,4
411,1992,Latvia,1,2
412,1992,Lebanon,0,13
413,1992,Lebanon,1,78
414,1992,Liberia,1,10
415,1992,Libya,1,1
416,1992,Lithuania,1,1
417,1992,Madagascar,0,2
418,1992,Madagascar,1,5
419,1992,Malawi,1,3
420,1992,Malaysia,0,1
421,1992,Malaysia,1,1
422,1992,Mali,1,3
423,1992,Malta,1,1
424,1992,Martinique,1,1
425,1992,Mexico,0,1
426,1992,Mexico,1,5
427,1992,Moldova,1,11
428,1992,Morocco,1,1
429,1992,Mozambique,1,19
430,1992,Myanmar,1,12
431,1992,Nepal,0,2
432,1992,Nepal,1,6
433,1992,Netherlands,0,1
434,1992,Netherlands,1,11
435,1992,New Caledonia,1,2
436,1992,Nicaragua,1,30
437,1992,Niger,0,1
438,1992,Niger,1,15
439,1992,Nigeria,0,2
440,1992,Nigeria,1,9
441,1992,Norway,1,2
442,1992,Pakistan,0,3
443,1992,Pakistan,1,82
444,1992,Panama,0,5
445,1992,Panama,1,32
446,1992,Papua New Guinea,0,1
447,1992,Papua New Guinea,1,9
448,1992,Paraguay,0,1
449,1992,Paraguay,1,3
450,1992,Peru,0,26
451,1992,Peru,1,357
452,1992,Philippines,0,6
453,1992,Philippines,1,156
454,1992,Poland,1,5
455,1992,Portugal,0,1
456,1992,Romania,0,1
457,1992,Russia,0,4
458,1992,Russia,1,17
459,1992,Rwanda,1,18
460,1992,Senegal,0,1
461,1992,Senegal,1,14
462,1992,Sierra Leone,0,1
463,1992,Sierra Leone,1,3
464,1992,Singapore,1,1
465,1992,Somalia,0,2
466,1992,Somalia,1,19
467,1992,South Africa,0,7
468,1992,South Africa,1,264
469,1992,South Korea,1,3
470,1992,Spain,0,15
471,1992,Spain,1,57
472,1992,Sri Lanka,0,3
473,1992,Sri Lanka,1,100
474,1992,Sudan,0,2
475,1992,Sudan,1,5
476,1992,Suriname,1,5
477,1992,Swaziland,1,1
478,1992,Sweden,0,2
479,1992,Sweden,1,10
480,1992,Switzerland,0,2
481,1992,Switzerland,1,4
482,1992,Taiwan,0,3
483,1992,Taiwan,1,17
484,1992,Tajikistan,0,1
485,1992,Tajikistan,1,16
486,1992,Thailand,0,3
487,1992,Thailand,1,22
488,1992,Togo,0,3
489,1992,Togo,1,24
490,1992,Trinidad and Tobago,1,1
491,1992,Turkey,0,35
492,1992,Turkey,1,479
493,1992,Uganda,0,2
494,1992,Uganda,1,1
495,1992,Ukraine,1,1
496,1992,United Arab Emirates,0,1
497,1992,United Kingdom,0,51
498,1992,United Kingdom,1,223
499,1992,United States,0,6
500,1992,United States,1,26
501,1992,Uruguay,0,2
502,1992,Uruguay,1,9
503,1992,Uzbekistan,1,2
504,1992,Venezuela,0,5
505,1992,Venezuela,1,27
506,1992,Vietnam,1,1
507,1992,West Bank and Gaza Strip,0,19
508,1992,West Bank and Gaza Strip,1,100
509,1992,Western Sahara,1,1
510,1992,Yemen,0,5
511,1992,Yemen,1,19
512,1992,Yugoslavia,1,12
513,1992,Zaire,1,5
514,1992,Zimbabwe,1,1
515,1994,Afghanistan,1,9
516,1994,Albania,1,2
517,1994,Algeria,0,12
518,1994,Algeria,1,215
519,1994,Angola,1,9
520,1994,Argentina,0,2
521,1994,Argentina,1,12
522,1994,Armenia,1,4
523,1994,Australia,1,9
524,1994,Austria,0,4
525,1994,Austria,1,1
526,1994,Azerbaijan,0,1
527,1994,Azerbaijan,1,10
528,1994,Bahrain,1,1
529,1994,Bangladesh,0,2
530,1994,Bangladesh,1,66
531,1994,Belarus,1,1
532,1994,Belgium,0,1
533,1994,Belgium,1,4
534,1994,Benin,1,3
535,1994,Bolivia,0,1
536,1994,Bolivia,1,7
537,1994,Bosnia-Herzegovina,1,9
538,1994,Brazil,0,1
539,1994,Brazil,1,18
540,1994,Bulgaria,1,2
541,1994,Burundi,1,16
542,1994,Cambodia,0,1
543,1994,Cambodia,1,38
544,1994,Cameroon,1,6
545,1994,Canada,0,3
546,1994,Canada,1,1
547,1994,Central African Republic,1,1
548,1994,Chad,1,1
549,1994,Chile,0,3
550,1994,Chile,1,12
551,1994,China,0,5
552,1994,China,1,8
553,1994,Colombia,0,19
554,1994,Colombia,1,182
555,1994,Comoros,0,1
556,1994,Costa Rica,1,1
557,1994,Croatia,1,4
558,1994,Cuba,0,3
559,1994,Cuba,1,6
560,1994,Cyprus,0,1
561,1994,Cyprus,1,5
562,1994,Czech Republic,1,1
563,1994,Djibouti,1,2
564,1994,Dominican Republic,0,1
565,1994,Dominican Republic,1,6
566,1994,Ecuador,1,6
567,1994,Egypt,0,21
568,1994,Egypt,1,122
569,1994,El Salvador,0,5
570,1994,El Salvador,1,16
571,1994,Estonia,1,6
572,1994,Ethiopia,0,1
573,1994,Ethiopia,1,3
574,1994,Finland,1,1
575,1994,France,0,4
576,1994,France,1,93
577,1994,Gabon,1,1
578,1994,Gambia,0,1
579,1994,Georgia,0,3
580,1994,Georgia,1,15
581,1994,Germany,0,4
582,1994,Germany,1,75
583,1994,Ghana,0,1
584,1994,Ghana,1,3
585,1994,Greece,0,4
586,1994,Greece,1,38
587,1994,Guatemala,0,14
588,1994,Guatemala,1,70
589,1994,Guinea,1,2
590,1994,Haiti,0,2
591,1994,Haiti,1,25
592,1994,Honduras,0,1
593,1994,Honduras,1,5
594,1994,Hong Kong,0,1
595,1994,Hong Kong,1,3
596,1994,Hungary,1,2
597,1994,India,0,7
598,1994,India,1,100
599,1994,Indonesia,1,5
600,1994,Iran,0,1
601,1994,Iran,1,42
602,1994,Iraq,0,1
603,1994,Iraq,1,17
604,1994,Ireland,0,2
605,1994,Ireland,1,8
606,1994,Israel,0,16
607,1994,Israel,1,39
608,1994,Italy,0,4
609,1994,Italy,1,14
610,1994,Ivory Coast,1,2
611,1994,Jamaica,1,2
612,1994,Japan,0,1
613,1994,Japan,1,8
614,1994,Jordan,0,1
615,1994,Jordan,1,5
616,1994,Kazakhstan,1,1
617,1994,Kenya,0,1
618,1994,Kenya,1,4
619,1994,Kuwait,1,2
620,1994,Laos,1,1
621,1994,Latvia,0,1
622,1994,Latvia,1,1
623,1994,Lebanon,0,10
624,1994,Lebanon,1,57
625,1994,Lesotho,1,3
626,1994,Liberia,1,3
627,1994,Luxembourg,1,3
628,1994,Macedonia,1,1
629,1994,Mali,1,13
630,1994,Mexico,0,1
631,1994,Mexico,1,41
632,1994,Moldova,1,1
633,1994,Morocco,1,2
634,1994,Mozambique,1,3
635,1994,Myanmar,1,8
636,1994,Namibia,0,1
637,1994,Nepal,1,3
638,1994,Netherlands,0,1
639,1994,Netherlands,1,2
640,1994,New Zealand,1,1
641,1994,Nicaragua,0,3
642,1994,Nicaragua,1,16
643,1994,Niger,1,8
644,1994,Nigeria,1,8
645,1994,North Korea,1,1
646,1994,Norway,1,2
647,1994,Pakistan,0,7
648,1994,Pakistan,1,147
649,1994,Panama,1,3
650,1994,Papua New Guinea,0,2
651,1994,Papua New Guinea,1,1
652,1994,Paraguay,0,1
653,1994,Paraguay,1,1
654,1994,Peru,0,6
655,1994,Peru,1,85
656,1994,Philippines,0,4
657,1994,Philippines,1,68
658,1994,Poland,0,3
659,1994,Poland,1,1
660,1994,Portugal,1,1
661,1994,Republic of the Congo,1,8
662,1994,Russia,0,15
663,1994,Russia,1,32
664,1994,Rwanda,1,33
665,1994,Saudi Arabia,1,2
666,1994,Senegal,1,2
667,1994,Sierra Leone,0,1
668,1994,Sierra Leone,1,21
669,1994,Singapore,1,1
670,1994,Slovak Republic,1,1
671,1994,Slovenia,1,1
672,1994,Somalia,0,4
673,1994,Somalia,1,53
674,1994,South Africa,0,13
675,1994,South Africa,1,161
676,1994,South Korea,1,2
677,1994,Spain,0,12
678,1994,Spain,1,43
679,1994,Sri Lanka,0,2
680,1994,Sri Lanka,1,33
681,1994,Sudan,1,5
682,1994,Suriname,1,1
683,1994,Sweden,0,1
684,1994,Taiwan,0,1
685,1994,Taiwan,1,4
686,1994,Tajikistan,0,1
687,1994,Tajikistan,1,30
688,1994,Tanzania,1,1
689,1994,Thailand,0,2
690,1994,Thailand,1,22
691,1994,Togo,0,1
692,1994,Togo,1,12
693,1994,Trinidad and Tobago,1,1
694,1994,Tunisia,1,1
695,1994,Turkey,0,20
696,1994,Turkey,1,280
697,1994,Uganda,0,1
698,1994,Uganda,1,12
699,1994,Ukraine,0,5
700,1994,Ukraine,1,5
701,1994,United Kingdom,0,63
702,1994,United Kingdom,1,193
703,1994,United States,0,13
704,1994,United States,1,42
705,1994,Uruguay,1,4
706,1994,Venezuela,0,2
707,1994,Venezuela,1,10
708,1994,Vietnam,1,1
709,1994,Wallis and Futuna,1,1
710,1994,West Bank and Gaza Strip,0,29
711,1994,West Bank and Gaza Strip,1,136
712,1994,Yemen,0,4
713,1994,Yemen,1,15
714,1994,Yugoslavia,1,1
715,1994,Zaire,1,6
716,1994,Zimbabwe,1,1
717,1995,Afghanistan,0,1
718,1995,Afghanistan,1,5
719,1995,Algeria,0,15
720,1995,Algeria,1,170
721,1995,Angola,0,1
722,1995,Angola,1,9
723,1995,Argentina,0,5
724,1995,Argentina,1,11
725,1995,Armenia,1,1
726,1995,Australia,0,1
727,1995,Australia,1,4
728,1995,Austria,0,2
729,1995,Austria,1,10
730,1995,Azerbaijan,0,2
731,1995,Bahrain,1,8
732,1995,Bangladesh,0,7
733,1995,Bangladesh,1,67
734,1995,Belgium,0,1
735,1995,Benin,1,1
736,1995,Bolivia,0,1
737,1995,Bolivia,1,1
738,1995,Bosnia-Herzegovina,0,3
739,1995,Bosnia-Herzegovina,1,3
740,1995,Botswana,1,1
741,1995,Brazil,0,1
742,1995,Brazil,1,22
743,1995,Bulgaria,0,1
744,1995,Bulgaria,1,1
745,1995,Burundi,0,2
746,1995,Burundi,1,81
747,1995,Cambodia,0,1
748,1995,Cambodia,1,55
749,1995,Cameroon,1,2
750,1995,Canada,0,3
751,1995,Canada,1,2
752,1995,Chad,1,3
753,1995,Chile,0,1
754,1995,Chile,1,16
755,1995,China,0,1
756,1995,China,1,7
757,1995,Colombia,0,9
758,1995,Colombia,1,114
759,1995,Croatia,1,1
760,1995,Cyprus,1,3
761,1995,Czech Republic,0,2
762,1995,Czech Republic,1,1
763,1995,Denmark,1,6
764,1995,Djibouti,1,2
765,1995,Ecuador,0,1
766,1995,Ecuador,1,5
767,1995,Egypt,0,5
768,1995,Egypt,1,97
769,1995,El Salvador,1,9
770,1995,Eritrea,1,2
771,1995,Estonia,1,2
772,1995,Ethiopia,0,1
773,1995,Ethiopia,1,4
774,1995,Finland,1,1
775,1995,France,0,4
776,1995,France,1,67
777,1995,French Polynesia,1,3
778,1995,Gambia,0,1
779,1995,Georgia,0,2
780,1995,Georgia,1,15
781,1995,Germany,0,12
782,1995,Germany,1,135
783,1995,Ghana,1,1
784,1995,Greece,1,8
785,1995,Guatemala,0,8
786,1995,Guatemala,1,74
787,1995,Haiti,0,5
788,1995,Haiti,1,29
789,1995,Honduras,0,1
790,1995,Honduras,1,11
791,1995,Hong Kong,1,1
792,1995,India,0,9
793,1995,India,1,170
794,1995,Indonesia,0,1
795,1995,Indonesia,1,23
796,1995,Iran,1,8
797,1995,Iraq,0,5
798,1995,Iraq,1,12
799,1995,Ireland,0,2
800,1995,Ireland,1,1
801,1995,Israel,0,3
802,1995,Israel,1,10
803,1995,Italy,1,1
804,1995,Ivory Coast,1,7
805,1995,Jamaica,1,1
806,1995,Japan,0,6
807,1995,Japan,1,14
808,1995,Jordan,1,3
809,1995,Kenya,0,2
810,1995,Kenya,1,2
811,1995,Latvia,1,1
812,1995,Lebanon,0,2
813,1995,Lebanon,1,36
814,1995,Libya,0,1
815,1995,Lithuania,1,2
816,1995,Macau,1,1
817,1995,Macedonia,0,1
818,1995,Madagascar,1,3
819,1995,Mali,1,1
820,1995,Malta,1,2
821,1995,Mexico,0,3
822,1995,Mexico,1,26
823,1995,Morocco,1,1
824,1995,Mozambique,1,3
825,1995,Myanmar,1,12
826,1995,Netherlands,0,1
827,1995,Netherlands,1,6
828,1995,Nicaragua,0,1
829,1995,Nicaragua,1,17
830,1995,Niger,0,1
831,1995,Niger,1,1
832,1995,Nigeria,1,1
833,1995,Pakistan,0,53
834,1995,Pakistan,1,613
835,1995,Panama,0,1
836,1995,Panama,1,5
837,1995,Papua New Guinea,0,1
838,1995,Papua New Guinea,1,9
839,1995,Paraguay,1,12
840,1995,Peru,0,4
841,1995,Peru,1,40
842,1995,Philippines,0,4
843,1995,Philippines,1,59
844,1995,Poland,1,4
845,1995,Portugal,1,3
846,1995,Romania,1,1
847,1995,Russia,0,9
848,1995,Russia,1,28
849,1995,Rwanda,1,17
850,1995,Saudi Arabia,0,1
851,1995,Saudi Arabia,1,2
852,1995,Senegal,1,8
853,1995,Sierra Leone,1,14
854,1995,Slovak Republic,1,3
855,1995,Somalia,1,13
856,1995,South Africa,0,2
857,1995,South Africa,1,30
858,1995,South Korea,1,4
859,1995,Spain,0,2
860,1995,Spain,1,42
861,1995,Sri Lanka,0,16
862,1995,Sri Lanka,1,110
863,1995,St. Kitts and Nevis,1,2
864,1995,Sudan,1,4
865,1995,Swaziland,1,1
866,1995,Sweden,1,1
867,1995,Switzerland,1,5
868,1995,Taiwan,0,3
869,1995,Taiwan,1,1
870,1995,Tajikistan,0,3
871,1995,Tajikistan,1,31
872,1995,Tanzania,1,1
873,1995,Thailand,0,3
874,1995,Thailand,1,9
875,1995,Togo,1,1
876,1995,Trinidad and Tobago,1,4
877,1995,Tunisia,1,1
878,1995,Turkey,0,7
879,1995,Turkey,1,126
880,1995,Uganda,1,7
881,1995,Ukraine,0,1
882,1995,Ukraine,1,1
883,1995,United Arab Emirates,0,1
884,1995,United Arab Emirates,1,1
885,1995,United Kingdom,0,5
886,1995,United Kingdom,1,17
887,1995,United States,0,8
888,1995,United States,1,52
889,1995,Uruguay,1,1
890,1995,Uzbekistan,1,1
891,1995,Venezuela,0,5
892,1995,Venezuela,1,6
893,1995,Vietnam,1,1
894,1995,West Bank and Gaza Strip,0,15
895,1995,West Bank and Gaza Strip,1,52
896,1995,Yemen,0,2
897,1995,Yemen,1,6
898,1995,Yugoslavia,0,1
899,1995,Yugoslavia,1,2
900,1995,Zaire,1,6
901,1995,Zambia,1,1
902,1995,Zimbabwe,0,2
903,1996,Afghanistan,0,1
904,1996,Afghanistan,1,3
905,1996,Albania,0,2
906,1996,Albania,1,4
907,1996,Algeria,0,2
908,1996,Algeria,1,127
909,1996,Angola,1,4
910,1996,Argentina,0,9
911,1996,Argentina,1,10
912,1996,Armenia,1,1
913,1996,Australia,1,5
914,1996,Austria,1,4
915,1996,Azerbaijan,1,2
916,1996,Bahrain,0,1
917,1996,Bahrain,1,15
918,1996,Bangladesh,0,7
919,1996,Bangladesh,1,154
920,1996,Benin,1,2
921,1996,Bolivia,1,1
922,1996,Bosnia-Herzegovina,0,1
923,1996,Bosnia-Herzegovina,1,32
924,1996,Brazil,0,1
925,1996,Brazil,1,17
926,1996,Bulgaria,0,1
927,1996,Bulgaria,1,11
928,1996,Burundi,0,1
929,1996,Burundi,1,34
930,1996,Cambodia,0,3
931,1996,Cambodia,1,30
932,1996,Canada,1,1
933,1996,Central African Republic,1,1
934,1996,Chad,1,1
935,1996,Chile,1,8
936,1996,China,0,3
937,1996,China,1,59
938,1996,Colombia,0,30
939,1996,Colombia,1,379
940,1996,Costa Rica,1,1
941,1996,Croatia,1,3
942,1996,Cuba,1,1
943,1996,Cyprus,1,10
944,1996,Czech Republic,1,3
945,1996,Dominican Republic,1,3
946,1996,Ecuador,0,1
947,1996,Ecuador,1,4
948,1996,Egypt,0,2
949,1996,Egypt,1,49
950,1996,El Salvador,1,7
951,1996,Eritrea,1,1
952,1996,Estonia,1,1
953,1996,Ethiopia,0,1
954,1996,Ethiopia,1,6
955,1996,France,0,38
956,1996,France,1,232
957,1996,French Guiana,1,2
958,1996,Gabon,0,1
959,1996,Georgia,1,3
960,1996,Germany,0,5
961,1996,Germany,1,47
962,1996,Ghana,1,2
963,1996,Greece,0,1
964,1996,Greece,1,19
965,1996,Guatemala,0,3
966,1996,Guatemala,1,23
967,1996,Guinea,1,1
968,1996,Haiti,0,7
969,1996,Haiti,1,20
970,1996,Honduras,0,4
971,1996,Honduras,1,15
972,1996,Hong Kong,0,1
973,1996,Hong Kong,1,2
974,1996,Hungary,0,1
975,1996,Hungary,1,12
976,1996,India,0,30
977,1996,India,1,183
978,1996,Indonesia,0,1
979,1996,Indonesia,1,64
980,1996,Iran,1,3
981,1996,Iraq,0,3
982,1996,Iraq,1,9
983,1996,Ireland,1,1
984,1996,Israel,0,3
985,1996,Israel,1,16
986,1996,Italy,0,1
987,1996,Italy,1,7
988,1996,Ivory Coast,1,2
989,1996,Jamaica,1,1
990,1996,Japan,1,8
991,1996,Jordan,0,2
992,1996,Kenya,1,3
993,1996,Kyrgyzstan,1,5
994,1996,Laos,1,1
995,1996,Lebanon,0,3
996,1996,Lebanon,1,36
997,1996,Liberia,1,1
998,1996,Libya,0,1
999,1996,Libya,1,3
1000,1996,Lithuania,0,1
1001,1996,Lithuania,1,2
1002,1996,Macau,0,2
1003,1996,Macau,1,8
1004,1996,Madagascar,0,1
1005,1996,Madagascar,1,1
1006,1996,Mauritania,0,1
1007,1996,Mexico,0,5
1008,1996,Mexico,1,70
1009,1996,Moldova,1,2
1010,1996,Morocco,0,1
1011,1996,Morocco,1,1
1012,1996,Myanmar,1,13
1013,1996,Nepal,1,5
1014,1996,Netherlands,1,6
1015,1996,New Zealand,1,2
1016,1996,Nicaragua,0,2
1017,1996,Nicaragua,1,24
1018,1996,Niger,1,1
1019,1996,Nigeria,0,2
1020,1996,Nigeria,1,9
1021,1996,Norway,0,1
1022,1996,Pakistan,0,6
1023,1996,Pakistan,1,174
1024,1996,Panama,1,2
1025,1996,Papua New Guinea,1,10
1026,1996,Peru,0,2
1027,1996,Peru,1,40
1028,1996,Philippines,0,5
1029,1996,Philippines,1,56
1030,1996,Poland,1,6
1031,1996,Qatar,0,1
1032,1996,Republic of the Congo,1,1
1033,1996,Russia,0,13
1034,1996,Russia,1,53
1035,1996,Rwanda,1,15
1036,1996,Saudi Arabia,1,1
1037,1996,Sierra Leone,0,1
1038,1996,Sierra Leone,1,4
1039,1996,Slovak Republic,0,1
1040,1996,Slovak Republic,1,4
1041,1996,Slovenia,1,3
1042,1996,Somalia,1,16
1043,1996,South Africa,1,47
1044,1996,South Korea,1,1
1045,1996,Spain,0,18
1046,1996,Spain,1,45
1047,1996,Sri Lanka,0,20
1048,1996,Sri Lanka,1,156
1049,1996,Sudan,1,10
1050,1996,Sweden,0,1
1051,1996,Switzerland,1,4
1052,1996,Syria,0,1
1053,1996,Syria,1,1
1054,1996,Taiwan,1,5
1055,1996,Tajikistan,0,1
1056,1996,Tajikistan,1,21
1057,1996,Thailand,0,2
1058,1996,Thailand,1,17
1059,1996,Togo,1,1
1060,1996,Trinidad and Tobago,1,3
1061,1996,Turkey,0,2
1062,1996,Turkey,1,52
1063,1996,Uganda,1,29
1064,1996,Ukraine,0,1
1065,1996,Ukraine,1,2
1066,1996,United Kingdom,0,11
1067,1996,United Kingdom,1,25
1068,1996,United States,0,6
1069,1996,United States,1,29
1070,1996,Uruguay,0,1
1071,1996,Vanuatu,1,2
1072,1996,Venezuela,0,2
1073,1996,Venezuela,1,10
1074,1996,Vietnam,1,1
1075,1996,West Bank and Gaza Strip,0,5
1076,1996,West Bank and Gaza Strip,1,25
1077,1996,Yemen,1,8
1078,1996,Yugoslavia,1,16
1079,1996,Zaire,1,13
1080,1996,Zambia,0,1
1081,1996,Zambia,1,3
1082,1997,Afghanistan,1,1
1083,1997,Albania,0,6
1084,1997,Albania,1,35
1085,1997,Algeria,0,6
1086,1997,Algeria,1,338
1087,1997,Angola,1,7
1088,1997,Argentina,0,1
1089,1997,Argentina,1,10
1090,1997,Australia,0,1
1091,1997,Australia,1,3
1092,1997,Austria,1,1
1093,1997,Azerbaijan,1,1
1094,1997,Bahamas,1,2
1095,1997,Bahrain,0,1
1096,1997,Bahrain,1,10
1097,1997,Bangladesh,1,17
1098,1997,Belarus,1,2
1099,1997,Belgium,1,2
1100,1997,Bolivia,0,1
1101,1997,Bolivia,1,3
1102,1997,Bosnia-Herzegovina,0,2
1103,1997,Bosnia-Herzegovina,1,40
1104,1997,Brazil,0,1
1105,1997,Brazil,1,38
1106,1997,Bulgaria,0,1
1107,1997,Bulgaria,1,2
1108,1997,Burundi,1,79
1109,1997,Cambodia,1,18
1110,1997,Canada,0,1
1111,1997,Canada,1,1
1112,1997,Chad,1,1
1113,1997,Chile,1,6
1114,1997,China,0,3
1115,1997,China,1,15
1116,1997,Colombia,0,28
1117,1997,Colombia,1,570
1118,1997,Comoros,1,3
1119,1997,Costa Rica,1,1
1120,1997,Croatia,0,1
1121,1997,Croatia,1,7
1122,1997,Cuba,0,5
1123,1997,Cuba,1,9
1124,1997,Czech Republic,0,1
1125,1997,Czech Republic,1,3
1126,1997,Democratic Republic of the Congo,1,1
1127,1997,Djibouti,1,1
1128,1997,Dominica,0,1
1129,1997,Dominican Republic,1,12
1130,1997,Ecuador,1,4
1131,1997,Egypt,1,22
1132,1997,El Salvador,1,2
1133,1997,Ethiopia,1,6
1134,1997,France,0,4
1135,1997,France,1,126
1136,1997,French Guiana,0,1
1137,1997,French Guiana,1,1
1138,1997,Gabon,1,1
1139,1997,Georgia,1,6
1140,1997,Germany,1,12
1141,1997,Ghana,1,1
1142,1997,Greece,0,5
1143,1997,Greece,1,16
1144,1997,Guatemala,0,2
1145,1997,Guatemala,1,24
1146,1997,Guyana,0,1
1147,1997,Haiti,0,2
1148,1997,Haiti,1,14
1149,1997,Honduras,0,1
1150,1997,Honduras,1,21
1151,1997,Hungary,0,3
1152,1997,Hungary,1,14
1153,1997,India,0,17
1154,1997,India,1,176
1155,1997,Indonesia,1,27
1156,1997,Iraq,0,3
1157,1997,Iraq,1,18
1158,1997,Ireland,0,4
1159,1997,Israel,0,1
1160,1997,Israel,1,12
1161,1997,Italy,0,2
1162,1997,Italy,1,6
1163,1997,Ivory Coast,1,1
1164,1997,Jamaica,0,1
1165,1997,Jamaica,1,7
1166,1997,Japan,1,5
1167,1997,Jordan,0,1
1168,1997,Jordan,1,2
1169,1997,Kazakhstan,1,2
1170,1997,Kenya,1,17
1171,1997,Kuwait,0,1
1172,1997,Kuwait,1,1
1173,1997,Latvia,0,1
1174,1997,Latvia,1,1
1175,1997,Lebanon,0,2
1176,1997,Lebanon,1,44
1177,1997,Lithuania,1,1
1178,1997,Macau,0,4
1179,1997,Macau,1,12
1180,1997,Macedonia,1,2
1181,1997,Madagascar,1,1
1182,1997,Mali,1,3
1183,1997,Malta,1,1
1184,1997,Mexico,0,4
1185,1997,Mexico,1,91
1186,1997,Moldova,1,1
1187,1997,Myanmar,0,1
1188,1997,Myanmar,1,34
1189,1997,Nepal,1,9
1190,1997,Netherlands,0,1
1191,1997,New Zealand,1,1
1192,1997,Nicaragua,1,7
1193,1997,Niger,1,3
1194,1997,Nigeria,0,2
1195,1997,Nigeria,1,18
1196,1997,Pakistan,0,4
1197,1997,Pakistan,1,202
1198,1997,Panama,1,6
1199,1997,Papua New Guinea,1,2
1200,1997,Paraguay,1,6
1201,1997,Peru,0,3
1202,1997,Peru,1,55
1203,1997,Philippines,0,3
1204,1997,Philippines,1,54
1205,1997,Poland,1,3
1206,1997,Republic of the Congo,1,2
1207,1997,Russia,0,8
1208,1997,Russia,1,69
1209,1997,Rwanda,0,1
1210,1997,Rwanda,1,32
1211,1997,Senegal,1,26
1212,1997,Sierra Leone,1,3
1213,1997,Slovak Republic,0,2
1214,1997,Slovak Republic,1,2
1215,1997,Slovenia,1,1
1216,1997,Somalia,1,19
1217,1997,South Africa,0,1
1218,1997,South Africa,1,16
1219,1997,Spain,0,16
1220,1997,Spain,1,70
1221,1997,Sri Lanka,0,2
1222,1997,Sri Lanka,1,62
1223,1997,Sudan,1,3
1224,1997,Suriname,1,2
1225,1997,Swaziland,0,1
1226,1997,Sweden,0,1
1227,1997,Sweden,1,3
1228,1997,Switzerland,1,1
1229,1997,Syria,1,1
1230,1997,Taiwan,1,1
1231,1997,Tajikistan,0,2
1232,1997,Tajikistan,1,38
1233,1997,Tanzania,1,1
1234,1997,Thailand,0,2
1235,1997,Thailand,1,18
1236,1997,Turkey,0,5
1237,1997,Turkey,1,39
1238,1997,Uganda,1,24
1239,1997,Ukraine,1,2
1240,1997,United Kingdom,0,28
1241,1997,United Kingdom,1,50
1242,1997,United States,0,13
1243,1997,United States,1,27
1244,1997,Uruguay,1,2
1245,1997,Venezuela,0,11
1246,1997,Venezuela,1,30
1247,1997,Vietnam,1,2
1248,1997,West Bank and Gaza Strip,0,2
1249,1997,West Bank and Gaza Strip,1,20
1250,1997,Yemen,0,1
1251,1997,Yemen,1,18
1252,1997,Yugoslavia,0,1
1253,1997,Yugoslavia,1,37
1254,1997,Zaire,1,5
1255,1998,Afghanistan,1,1
1256,1998,Albania,1,7
1257,1998,Algeria,0,4
1258,1998,Algeria,1,147
1259,1998,Angola,1,20
1260,1998,Armenia,0,1
1261,1998,Armenia,1,1
1262,1998,Australia,1,6
1263,1998,Austria,0,1
1264,1998,Bangladesh,1,2
1265,1998,Belgium,0,1
1266,1998,Belgium,1,2
1267,1998,Bosnia-Herzegovina,1,9
1268,1998,Brazil,1,2
1269,1998,Bulgaria,1,2
1270,1998,Burundi,1,13
1271,1998,Cambodia,0,2
1272,1998,Cambodia,1,5
1273,1998,Cameroon,1,1
1274,1998,Canada,0,1
1275,1998,Canada,1,3
1276,1998,Chad,1,1
1277,1998,Chile,1,1
1278,1998,China,1,2
1279,1998,Colombia,0,5
1280,1998,Colombia,1,89
1281,1998,Cyprus,1,1
1282,1998,Democratic Republic of the Congo,1,4
1283,1998,Ecuador,1,3
1284,1998,Egypt,1,3
1285,1998,France,0,1
1286,1998,France,1,11
1287,1998,Georgia,0,1
1288,1998,Georgia,1,11
1289,1998,Germany,0,3
1290,1998,Germany,1,3
1291,1998,Greece,1,28
1292,1998,Guyana,1,2
1293,1998,Haiti,1,1
1294,1998,Hungary,1,2
1295,1998,India,1,61
1296,1998,Indonesia,1,3
1297,1998,Iran,0,2
1298,1998,Iran,1,3
1299,1998,Iraq,1,7
1300,1998,Ireland,0,2
1301,1998,Ireland,1,1
1302,1998,Israel,0,1
1303,1998,Israel,1,13
1304,1998,Italy,1,6
1305,1998,Japan,1,1
1306,1998,Jordan,0,1
1307,1998,Kenya,1,2
1308,1998,Latvia,0,1
1309,1998,Latvia,1,3
1310,1998,Lebanon,0,3
1311,1998,Lebanon,1,20
1312,1998,Macau,1,6
1313,1998,Macedonia,1,5
1314,1998,Mexico,1,2
1315,1998,Nigeria,1,2
1316,1998,Pakistan,0,1
1317,1998,Pakistan,1,36
1318,1998,Peru,1,5
1319,1998,Philippines,0,1
1320,1998,Philippines,1,17
1321,1998,Poland,1,2
1322,1998,Russia,0,2
1323,1998,Russia,1,24
1324,1998,Rwanda,1,9
1325,1998,Senegal,1,1
1326,1998,Sierra Leone,1,7
1327,1998,Slovak Republic,1,2
1328,1998,Somalia,1,1
1329,1998,South Africa,0,1
1330,1998,South Africa,1,5
1331,1998,Spain,0,2
1332,1998,Spain,1,15
1333,1998,Sri Lanka,0,3
1334,1998,Sri Lanka,1,32
1335,1998,Swaziland,1,1
1336,1998,Switzerland,1,1
1337,1998,Syria,1,1
1338,1998,Tajikistan,1,11
1339,1998,Tanzania,1,1
1340,1998,Thailand,0,1
1341,1998,Thailand,1,3
1342,1998,Turkey,0,1
1343,1998,Turkey,1,22
1344,1998,Uganda,1,18
1345,1998,United Kingdom,0,14
1346,1998,United Kingdom,1,49
1347,1998,United States,0,8
1348,1998,United States,1,23
1349,1998,Venezuela,1,1
1350,1998,West Bank and Gaza Strip,0,1
1351,1998,West Bank and Gaza Strip,1,11
1352,1998,Yemen,1,7
1353,1998,Yugoslavia,0,10
1354,1998,Yugoslavia,1,36
1355,1999,Afghanistan,1,9
1356,1999,Albania,1,3
1357,1999,Algeria,0,1
1358,1999,Algeria,1,105
1359,1999,Angola,0,1
1360,1999,Angola,1,33
1361,1999,Argentina,1,1
1362,1999,Armenia,1,2
1363,1999,Bangladesh,0,4
1364,1999,Bangladesh,1,7
1365,1999,Belarus,1,1
1366,1999,Belgium,1,2
1367,1999,Bosnia-Herzegovina,1,5
1368,1999,Brazil,1,1
1369,1999,Bulgaria,1,1
1370,1999,Burundi,1,13
1371,1999,Cambodia,0,2
1372,1999,Cambodia,1,6
1373,1999,Canada,0,1
1374,1999,Canada,1,1
1375,1999,Chad,1,1
1376,1999,Chile,1,3
1377,1999,China,1,2
1378,1999,Colombia,0,8
1379,1999,Colombia,1,108
1380,1999,Cyprus,1,1
1381,1999,Democratic Republic of the Congo,0,1
1382,1999,Democratic Republic of the Congo,1,2
1383,1999,Denmark,1,1
1384,1999,Ecuador,1,2
1385,1999,Egypt,0,1
1386,1999,Estonia,1,1
1387,1999,Ethiopia,1,2
1388,1999,Fiji,1,3
1389,1999,France,0,2
1390,1999,France,1,44
1391,1999,Georgia,1,7
1392,1999,Germany,0,2
1393,1999,Germany,1,11
1394,1999,Greece,0,7
1395,1999,Greece,1,28
1396,1999,Guatemala,1,1
1397,1999,Haiti,0,2
1398,1999,Haiti,1,3
1399,1999,India,0,9
1400,1999,India,1,103
1401,1999,Indonesia,0,6
1402,1999,Indonesia,1,54
1403,1999,Iran,0,2
1404,1999,Iran,1,6
1405,1999,Iraq,1,12
1406,1999,Ireland,0,2
1407,1999,Ireland,1,1
1408,1999,Israel,1,8
1409,1999,Italy,0,2
1410,1999,Italy,1,5
1411,1999,Japan,1,2
1412,1999,Jordan,0,1
1413,1999,Jordan,1,1
1414,1999,Kosovo,0,3
1415,1999,Kosovo,1,36
1416,1999,Kyrgyzstan,1,3
1417,1999,Latvia,1,1
1418,1999,Lebanon,0,5
1419,1999,Lebanon,1,37
1420,1999,Liberia,1,2
1421,1999,Macedonia,1,3
1422,1999,Mexico,1,1
1423,1999,Mozambique,1,1
1424,1999,Myanmar,1,4
1425,1999,Namibia,1,1
1426,1999,Nepal,1,8
1427,1999,Netherlands,1,1
1428,1999,Nicaragua,1,1
1429,1999,Niger,1,2
1430,1999,Nigeria,1,18
1431,1999,Pakistan,0,3
1432,1999,Pakistan,1,36
1433,1999,Panama,1,1
1434,1999,Paraguay,1,1
1435,1999,Peru,1,5
1436,1999,Philippines,0,1
1437,1999,Philippines,1,30
1438,1999,Republic of the Congo,0,1
1439,1999,Republic of the Congo,1,2
1440,1999,Russia,0,14
1441,1999,Russia,1,40
1442,1999,Senegal,1,1
1443,1999,Sierra Leone,1,9
1444,1999,Slovak Republic,1,1
1445,1999,Solomon Islands,1,1
1446,1999,Somalia,1,4
1447,1999,South Africa,0,2
1448,1999,South Africa,1,15
1449,1999,Spain,0,9
1450,1999,Spain,1,38
1451,1999,Sri Lanka,0,4
1452,1999,Sri Lanka,1,42
1453,1999,Sudan,1,5
1454,1999,Swaziland,1,1
1455,1999,Sweden,1,2
1456,1999,Switzerland,1,2
1457,1999,Tajikistan,1,4
1458,1999,Thailand,1,4
1459,1999,Turkey,0,11
1460,1999,Turkey,1,98
1461,1999,Uganda,1,19
1462,1999,Ukraine,0,3
1463,1999,Ukraine,1,3
1464,1999,United Kingdom,0,22
1465,1999,United Kingdom,1,54
1466,1999,United States,0,18
1467,1999,United States,1,35
1468,1999,Uzbekistan,1,8
1469,1999,Venezuela,0,2
1470,1999,Venezuela,1,3
1471,1999,West Bank and Gaza Strip,0,3
1472,1999,West Bank and Gaza Strip,1,8
1473,1999,Yemen,1,17
1474,1999,Yugoslavia,0,2
1475,1999,Yugoslavia,1,21
1476,1999,Zambia,0,1
1477,1999,Zambia,1,6
1478,2000,Afghanistan,1,14
1479,2000,Albania,0,1
1480,2000,Albania,1,1
1481,2000,Algeria,0,2
1482,2000,Algeria,1,136
1483,2000,Angola,1,22
1484,2000,Armenia,1,2
1485,2000,Australia,0,1
1486,2000,Azerbaijan,0,1
1487,2000,Bangladesh,0,1
1488,2000,Bangladesh,1,22
1489,2000,Belize,1,1
1490,2000,Bosnia-Herzegovina,1,6
1491,2000,Brazil,0,1
1492,2000,Brazil,1,1
1493,2000,Bulgaria,1,2
1494,2000,Burundi,1,17
1495,2000,Cambodia,1,4
1496,2000,Canada,0,1
1497,2000,Canada,1,4
1498,2000,Central African Republic,1,1
1499,2000,Chile,1,2
1500,2000,China,0,1
1501,2000,China,1,3
1502,2000,Colombia,0,5
1503,2000,Colombia,1,132
1504,2000,Croatia,1,2
1505,2000,Cyprus,1,2
1506,2000,Democratic Republic of the Congo,1,3
1507,2000,East Timor,0,1
1508,2000,East Timor,1,3
1509,2000,Ecuador,0,1
1510,2000,Ecuador,1,3
1511,2000,Ethiopia,1,1
1512,2000,Fiji,0,1
1513,2000,Fiji,1,3
1514,2000,France,0,4
1515,2000,France,1,24
1516,2000,Gambia,1,1
1517,2000,Georgia,1,7
1518,2000,Germany,0,1
1519,2000,Germany,1,7
1520,2000,Greece,0,2
1521,2000,Greece,1,26
1522,2000,Guatemala,1,1
1523,2000,Guinea,1,12
1524,2000,Haiti,1,9
1525,2000,Hong Kong,1,2
1526,2000,India,0,7
1527,2000,India,1,173
1528,2000,Indonesia,0,15
1529,2000,Indonesia,1,86
1530,2000,Iran,0,2
1531,2000,Iran,1,13
1532,2000,Iraq,0,1
1533,2000,Iraq,1,9
1534,2000,Israel,0,2
1535,2000,Israel,1,13
1536,2000,Italy,0,4
1537,2000,Italy,1,4
1538,2000,Ivory Coast,1,2
1539,2000,Japan,0,12
1540,2000,Japan,1,1
1541,2000,Jordan,0,1
1542,2000,Jordan,1,1
1543,2000,Kazakhstan,1,1
1544,2000,Kenya,1,4
1545,2000,Kosovo,0,6
1546,2000,Kosovo,1,54
1547,2000,Kyrgyzstan,1,4
1548,2000,Laos,0,1
1549,2000,Laos,1,7
1550,2000,Latvia,0,1
1551,2000,Latvia,1,2
1552,2000,Lebanon,0,2
1553,2000,Lebanon,1,10
1554,2000,Liberia,1,1
1555,2000,Macedonia,1,3
1556,2000,Malaysia,0,1
1557,2000,Malaysia,1,2
1558,2000,Mexico,1,4
1559,2000,Moldova,0,1
1560,2000,Mozambique,1,3
1561,2000,Namibia,1,21
1562,2000,Nepal,0,1
1563,2000,Nepal,1,22
1564,2000,Netherlands,0,1
1565,2000,Nicaragua,1,1
1566,2000,Nigeria,1,6
1567,2000,Pakistan,0,1
1568,2000,Pakistan,1,48
1569,2000,Panama,0,1
1570,2000,Paraguay,0,1
1571,2000,Paraguay,1,1
1572,2000,Peru,1,3
1573,2000,Philippines,0,9
1574,2000,Philippines,1,123
1575,2000,Qatar,1,1
1576,2000,Russia,0,26
1577,2000,Russia,1,112
1578,2000,Rwanda,1,1
1579,2000,Saudi Arabia,1,5
1580,2000,Senegal,1,4
1581,2000,Sierra Leone,1,24
1582,2000,Slovak Republic,1,1
1583,2000,Slovenia,1,1
1584,2000,Solomon Islands,1,1
1585,2000,Somalia,1,9
1586,2000,South Africa,0,3
1587,2000,South Africa,1,18
1588,2000,Spain,0,19
1589,2000,Spain,1,93
1590,2000,Sri Lanka,0,7
1591,2000,Sri Lanka,1,61
1592,2000,St. Lucia,1,1
1593,2000,Sudan,1,7
1594,2000,Sweden,1,1
1595,2000,Switzerland,1,4
1596,2000,Tajikistan,1,6
1597,2000,Tanzania,0,1
1598,2000,Tanzania,1,1
1599,2000,Thailand,1,4
1600,2000,Tunisia,1,1
1601,2000,Turkey,0,5
1602,2000,Turkey,1,30
1603,2000,Uganda,0,1
1604,2000,Uganda,1,19
1605,2000,Ukraine,1,1
1606,2000,United Kingdom,0,11
1607,2000,United Kingdom,1,50
1608,2000,United States,0,5
1609,2000,United States,1,27
1610,2000,West Bank and Gaza Strip,0,3
1611,2000,West Bank and Gaza Strip,1,25
1612,2000,Yemen,0,1
1613,2000,Yemen,1,9
1614,2000,Yugoslavia,0,1
1615,2000,Yugoslavia,1,13
1616,2000,Zambia,1,8
1617,2000,Zimbabwe,1,1
1618,2001,Afghanistan,1,14
1619,2001,Albania,1,1
1620,2001,Algeria,0,3
1621,2001,Algeria,1,110
1622,2001,Angola,0,1
1623,2001,Angola,1,39
1624,2001,Argentina,1,2
1625,2001,Armenia,0,1
1626,2001,Armenia,1,1
1627,2001,Australia,0,1
1628,2001,Australia,1,1
1629,2001,Azerbaijan,1,4
1630,2001,Bangladesh,1,15
1631,2001,Belarus,1,1
1632,2001,Bosnia-Herzegovina,1,2
1633,2001,Brazil,1,3
1634,2001,Bulgaria,1,1
1635,2001,Burundi,0,1
1636,2001,Burundi,1,36
1637,2001,Cambodia,1,7
1638,2001,Central African Republic,1,1
1639,2001,Chile,0,2
1640,2001,Chile,1,1
1641,2001,China,0,3
1642,2001,China,1,9
1643,2001,Colombia,0,12
1644,2001,Colombia,1,195
1645,2001,Costa Rica,1,1
1646,2001,Croatia,0,1
1647,2001,Croatia,1,2
1648,2001,Cyprus,0,1
1649,2001,Czech Republic,1,1
1650,2001,Democratic Republic of the Congo,1,5
1651,2001,Ecuador,1,5
1652,2001,Estonia,1,1
1653,2001,Fiji,1,1
1654,2001,France,0,5
1655,2001,France,1,16
1656,2001,Georgia,1,4
1657,2001,Germany,1,8
1658,2001,Greece,0,3
1659,2001,Greece,1,11
1660,2001,Guatemala,0,2
1661,2001,Guinea-Bissau,0,1
1662,2001,Guyana,1,1
1663,2001,Haiti,0,1
1664,2001,Haiti,1,4
1665,2001,Hong Kong,1,1
1666,2001,Hungary,1,1
1667,2001,India,0,18
1668,2001,India,1,216
1669,2001,Indonesia,0,11
1670,2001,Indonesia,1,94
1671,2001,Iran,0,1
1672,2001,Iran,1,3
1673,2001,Iraq,1,3
1674,2001,Ireland,1,2
1675,2001,Israel,0,8
1676,2001,Israel,1,71
1677,2001,Italy,0,4
1678,2001,Italy,1,7
1679,2001,Ivory Coast,0,1
1680,2001,Japan,1,3
1681,2001,Jordan,1,2
1682,2001,Kazakhstan,1,1
1683,2001,Kenya,0,2
1684,2001,Kenya,1,5
1685,2001,Kosovo,0,3
1686,2001,Kosovo,1,14
1687,2001,Kuwait,1,2
1688,2001,Kyrgyzstan,1,1
1689,2001,Laos,1,1
1690,2001,Lebanon,1,5
1691,2001,Liberia,1,3
1692,2001,Macedonia,0,9
1693,2001,Macedonia,1,58
1694,2001,Malaysia,1,1
1695,2001,Mexico,0,1
1696,2001,Mexico,1,6
1697,2001,Montenegro,1,1
1698,2001,Myanmar,1,3
1699,2001,Namibia,1,6
1700,2001,Nepal,0,2
1701,2001,Nepal,1,31
1702,2001,Netherlands,1,1
1703,2001,New Zealand,0,1
1704,2001,Nigeria,1,5
1705,2001,Norway,1,1
1706,2001,Pakistan,0,2
1707,2001,Pakistan,1,51
1708,2001,Peru,1,3
1709,2001,Philippines,0,6
1710,2001,Philippines,1,44
1711,2001,Poland,1,1
1712,2001,Qatar,1,1
1713,2001,Republic of the Congo,1,1
1714,2001,Russia,0,21
1715,2001,Russia,1,114
1716,2001,Rwanda,0,1
1717,2001,Rwanda,1,1
1718,2001,Saudi Arabia,1,3
1719,2001,Senegal,0,1
1720,2001,Senegal,1,7
1721,2001,Somalia,0,3
1722,2001,Somalia,1,2
1723,2001,South Korea,1,1
1724,2001,Spain,0,9
1725,2001,Spain,1,70
1726,2001,Sri Lanka,0,1
1727,2001,Sri Lanka,1,35
1728,2001,Sudan,0,2
1729,2001,Sudan,1,7
1730,2001,Switzerland,1,2
1731,2001,Taiwan,1,2
1732,2001,Tajikistan,1,6
1733,2001,Tanzania,0,1
1734,2001,Tanzania,1,3
1735,2001,Thailand,0,2
1736,2001,Thailand,1,12
1737,2001,Tunisia,1,1
1738,2001,Turkey,0,3
1739,2001,Turkey,1,16
1740,2001,Uganda,1,24
1741,2001,United Kingdom,0,30
1742,2001,United Kingdom,1,64
1743,2001,United States,0,8
1744,2001,United States,1,33
1745,2001,Venezuela,0,3
1746,2001,Venezuela,1,2
1747,2001,Vietnam,0,4
1748,2001,West Bank and Gaza Strip,0,15
1749,2001,West Bank and Gaza Strip,1,108
1750,2001,Yemen,1,7
1751,2001,Yugoslavia,0,6
1752,2001,Yugoslavia,1,14
1753,2001,Zimbabwe,1,3
1754,2002,Afghanistan,0,10
1755,2002,Afghanistan,1,28
1756,2002,Algeria,0,4
1757,2002,Algeria,1,128
1758,2002,Angola,1,6
1759,2002,Azerbaijan,1,1
1760,2002,Bangladesh,1,5
1761,2002,Belgium,0,1
1762,2002,Belgium,1,2
1763,2002,Bosnia-Herzegovina,1,3
1764,2002,Brazil,1,1
1765,2002,Bulgaria,1,1
1766,2002,Burundi,1,18
1767,2002,Cambodia,1,3
1768,2002,Chad,0,1
1769,2002,Chad,1,3
1770,2002,Chile,1,1
1771,2002,China,0,1
1772,2002,China,1,1
1773,2002,Colombia,0,5
1774,2002,Colombia,1,145
1775,2002,Democratic Republic of the Congo,1,7
1776,2002,Ecuador,1,2
1777,2002,Ethiopia,1,3
1778,2002,France,0,4
1779,2002,France,1,28
1780,2002,Georgia,1,2
1781,2002,Germany,1,3
1782,2002,Greece,0,2
1783,2002,Greece,1,9
1784,2002,Guyana,1,1
1785,2002,Haiti,0,1
1786,2002,Haiti,1,1
1787,2002,Honduras,1,1
1788,2002,India,0,14
1789,2002,India,1,170
1790,2002,Indonesia,0,3
1791,2002,Indonesia,1,40
1792,2002,International,1,1
1793,2002,Iraq,0,2
1794,2002,Iraq,1,4
1795,2002,Israel,0,8
1796,2002,Israel,1,67
1797,2002,Italy,0,4
1798,2002,Italy,1,3
1799,2002,Ivory Coast,1,1
1800,2002,Japan,1,2
1801,2002,Jordan,1,2
1802,2002,Kenya,0,1
1803,2002,Kenya,1,1
1804,2002,Kosovo,1,5
1805,2002,Kuwait,1,1
1806,2002,Kyrgyzstan,1,2
1807,2002,Lebanon,1,8
1808,2002,Liberia,1,3
1809,2002,Macedonia,0,1
1810,2002,Macedonia,1,7
1811,2002,Madagascar,1,5
1812,2002,Malawi,1,1
1813,2002,Myanmar,1,4
1814,2002,Nepal,0,2
1815,2002,Nepal,1,56
1816,2002,Netherlands,1,2
1817,2002,Nigeria,1,6
1818,2002,Pakistan,0,6
1819,2002,Pakistan,1,40
1820,2002,Papua New Guinea,1,1
1821,2002,Peru,1,2
1822,2002,Philippines,0,2
1823,2002,Philippines,1,46
1824,2002,Republic of the Congo,1,3
1825,2002,Russia,0,8
1826,2002,Russia,1,81
1827,2002,Saudi Arabia,1,2
1828,2002,Senegal,1,3
1829,2002,Solomon Islands,1,1
1830,2002,Somalia,1,3
1831,2002,South Africa,0,1
1832,2002,South Africa,1,7
1833,2002,Spain,0,3
1834,2002,Spain,1,38
1835,2002,Sri Lanka,1,3
1836,2002,Sudan,1,13
1837,2002,Tanzania,1,2
1838,2002,Thailand,1,12
1839,2002,Tunisia,1,1
1840,2002,Turkey,0,1
1841,2002,Turkey,1,4
1842,2002,Turkmenistan,0,1
1843,2002,Uganda,0,1
1844,2002,Uganda,1,23
1845,2002,Ukraine,1,3
1846,2002,United Kingdom,0,6
1847,2002,United Kingdom,1,15
1848,2002,United States,0,12
1849,2002,United States,1,21
1850,2002,Venezuela,0,3
1851,2002,Venezuela,1,2
1852,2002,West Bank and Gaza Strip,0,12
1853,2002,West Bank and Gaza Strip,1,74
1854,2002,Yemen,1,7
1855,2002,Yugoslavia,1,3
1856,2002,Zambia,1,1
1857,2002,Zimbabwe,1,8
1858,2003,Afghanistan,0,7
1859,2003,Afghanistan,1,93
1860,2003,Albania,0,1
1861,2003,Algeria,0,4
1862,2003,Algeria,1,71
1863,2003,Argentina,1,1
1864,2003,Bahrain,1,1
1865,2003,Bangladesh,1,4
1866,2003,Belgium,0,7
1867,2003,Belgium,1,1
1868,2003,Bolivia,1,1
1869,2003,Bosnia-Herzegovina,1,1
1870,2003,Brazil,0,1
1871,2003,Burundi,1,18
1872,2003,Cambodia,1,1
1873,2003,Chile,1,2
1874,2003,China,1,3
1875,2003,Colombia,0,6
1876,2003,Colombia,1,92
1877,2003,Czech Republic,0,1
1878,2003,Democratic Republic of the Congo,1,6
1879,2003,East Timor,1,2
1880,2003,Ecuador,1,4
1881,2003,Ethiopia,1,1
1882,2003,France,0,3
1883,2003,France,1,31
1884,2003,Georgia,1,6
1885,2003,Germany,0,1
1886,2003,Germany,1,1
1887,2003,Greece,0,2
1888,2003,Greece,1,10
1889,2003,Guatemala,0,2
1890,2003,Guatemala,1,1
1891,2003,Guinea-Bissau,1,1
1892,2003,Guyana,1,1
1893,2003,Haiti,1,5
1894,2003,India,0,11
1895,2003,India,1,185
1896,2003,Indonesia,0,3
1897,2003,Indonesia,1,15
1898,2003,Iran,0,1
1899,2003,Iran,1,1
1900,2003,Iraq,0,11
1901,2003,Iraq,1,91
1902,2003,Ireland,0,1
1903,2003,Israel,0,3
1904,2003,Israel,1,35
1905,2003,Italy,0,4
1906,2003,Italy,1,11
1907,2003,Japan,1,2
1908,2003,Kenya,1,2
1909,2003,Kosovo,1,9
1910,2003,Kuwait,1,3
1911,2003,Kyrgyzstan,1,1
1912,2003,Laos,1,2
1913,2003,Lebanon,0,1
1914,2003,Lebanon,1,4
1915,2003,Liberia,1,2
1916,2003,Macedonia,1,5
1917,2003,Mexico,1,1
1918,2003,Morocco,1,5
1919,2003,Myanmar,0,2
1920,2003,Myanmar,1,7
1921,2003,Nepal,1,15
1922,2003,Netherlands,0,2
1923,2003,Netherlands,1,1
1924,2003,New Zealand,0,3
1925,2003,Nigeria,1,9
1926,2003,Norway,1,1
1927,2003,Pakistan,0,3
1928,2003,Pakistan,1,26
1929,2003,Peru,1,1
1930,2003,Philippines,0,4
1931,2003,Philippines,1,103
1932,2003,Republic of the Congo,1,1
1933,2003,Russia,0,16
1934,2003,Russia,1,60
1935,2003,Saudi Arabia,0,1
1936,2003,Saudi Arabia,1,7
1937,2003,Serbia-Montenegro,0,1
1938,2003,Serbia-Montenegro,1,5
1939,2003,Solomon Islands,1,1
1940,2003,Somalia,1,1
1941,2003,South Korea,1,1
1942,2003,Spain,0,5
1943,2003,Spain,1,16
1944,2003,Sri Lanka,1,9
1945,2003,Swaziland,1,1
1946,2003,Switzerland,1,1
1947,2003,Thailand,0,1
1948,2003,Thailand,1,5
1949,2003,Turkey,0,1
1950,2003,Turkey,1,18
1951,2003,Uganda,1,30
1952,2003,Ukraine,1,1
1953,2003,United Kingdom,0,7
1954,2003,United Kingdom,1,16
1955,2003,United States,0,6
1956,2003,United States,1,27
1957,2003,Venezuela,1,8
1958,2003,West Bank and Gaza Strip,0,7
1959,2003,West Bank and Gaza Strip,1,38
1960,2003,Yemen,1,7
1961,2003,Zimbabwe,1,1
1962,2004,Afghanistan,0,9
1963,2004,Afghanistan,1,79
1964,2004,Algeria,0,2
1965,2004,Algeria,1,65
1966,2004,Bangladesh,1,11
1967,2004,Burundi,1,1
1968,2004,Canada,1,2
1969,2004,China,1,2
1970,2004,Colombia,0,2
1971,2004,Colombia,1,35
1972,2004,Cyprus,1,1
1973,2004,Democratic Republic of the Congo,1,5
1974,2004,Djibouti,1,1
1975,2004,Ecuador,0,1
1976,2004,Ecuador,1,1
1977,2004,Egypt,1,3
1978,2004,Ethiopia,1,2
1979,2004,France,0,2
1980,2004,France,1,9
1981,2004,Georgia,0,3
1982,2004,Germany,1,3
1983,2004,Greece,0,1
1984,2004,Greece,1,3
1985,2004,Guatemala,1,2
1986,2004,Haiti,1,2
1987,2004,Honduras,1,1
1988,2004,India,0,10
1989,2004,India,1,98
1990,2004,Indonesia,0,3
1991,2004,Indonesia,1,14
1992,2004,Iraq,0,10
1993,2004,Iraq,1,313
1994,2004,Israel,0,1
1995,2004,Israel,1,18
1996,2004,Italy,1,3
1997,2004,Ivory Coast,1,1
1998,2004,Kosovo,1,1
1999,2004,Lebanon,1,1
2000,2004,Mauritania,1,1
2001,2004,Mexico,0,1
2002,2004,Myanmar,1,2
2003,2004,Nepal,0,3
2004,2004,Nepal,1,59
2005,2004,Netherlands,1,1
2006,2004,Nigeria,1,6
2007,2004,Pakistan,0,2
2008,2004,Pakistan,1,65
2009,2004,Peru,1,3
2010,2004,Philippines,0,2
2011,2004,Philippines,1,30
2012,2004,Russia,0,9
2013,2004,Russia,1,35
2014,2004,Saudi Arabia,0,2
2015,2004,Saudi Arabia,1,15
2016,2004,Serbia-Montenegro,1,1
2017,2004,Somalia,1,1
2018,2004,Spain,0,5
2019,2004,Spain,1,26
2020,2004,Sri Lanka,0,4
2021,2004,Sri Lanka,1,29
2022,2004,Sudan,1,5
2023,2004,Syria,1,1
2024,2004,Taiwan,0,1
2025,2004,Taiwan,1,1
2026,2004,Tanzania,0,1
2027,2004,Thailand,0,2
2028,2004,Thailand,1,42
2029,2004,Turkey,0,2
2030,2004,Turkey,1,25
2031,2004,Uganda,1,10
2032,2004,United Kingdom,0,1
2033,2004,United Kingdom,1,4
2034,2004,United States,0,2
2035,2004,United States,1,7
2036,2004,Uzbekistan,1,5
2037,2004,West Bank and Gaza Strip,0,5
2038,2004,West Bank and Gaza Strip,1,29
2039,2005,Afghanistan,0,5
2040,2005,Afghanistan,1,150
2041,2005,Algeria,0,9
2042,2005,Algeria,1,95
2043,2005,Argentina,0,1
2044,2005,Argentina,1,2
2045,2005,Bangladesh,0,1
2046,2005,Bangladesh,1,22
2047,2005,Bolivia,1,1
2048,2005,Bosnia-Herzegovina,1,1
2049,2005,Burundi,1,5
2050,2005,China,1,1
2051,2005,Colombia,1,42
2052,2005,Croatia,1,1
2053,2005,Democratic Republic of the Congo,1,5
2054,2005,East Timor,0,1
2055,2005,Egypt,1,2
2056,2005,Ethiopia,0,1
2057,2005,Ethiopia,1,4
2058,2005,France,0,1
2059,2005,France,1,32
2060,2005,Georgia,0,2
2061,2005,Georgia,1,4
2062,2005,Germany,1,3
2063,2005,Greece,1,6
2064,2005,Guinea,0,1
2065,2005,Guinea-Bissau,1,4
2066,2005,Haiti,1,1
2067,2005,Hong Kong,1,1
2068,2005,India,0,8
2069,2005,India,1,138
2070,2005,Indonesia,0,1
2071,2005,Indonesia,1,14
2072,2005,Iran,0,1
2073,2005,Iran,1,4
2074,2005,Iraq,0,19
2075,2005,Iraq,1,598
2076,2005,Israel,0,2
2077,2005,Israel,1,41
2078,2005,Italy,1,6
2079,2005,Ivory Coast,1,1
2080,2005,Jordan,1,4
2081,2005,Kenya,1,2
2082,2005,Kosovo,0,2
2083,2005,Kosovo,1,6
2084,2005,Kuwait,1,2
2085,2005,Kyrgyzstan,0,1
2086,2005,Kyrgyzstan,1,1
2087,2005,Lebanon,0,3
2088,2005,Lebanon,1,14
2089,2005,Mali,1,1
2090,2005,Mauritania,1,1
2091,2005,Mexico,1,1
2092,2005,Myanmar,1,8
2093,2005,Nepal,1,70
2094,2005,Nigeria,1,9
2095,2005,Pakistan,0,2
2096,2005,Pakistan,1,75
2097,2005,Peru,1,2
2098,2005,Philippines,0,2
2099,2005,Philippines,1,23
2100,2005,Qatar,1,1
2101,2005,Russia,0,8
2102,2005,Russia,1,56
2103,2005,Rwanda,1,1
2104,2005,Saudi Arabia,1,1
2105,2005,Senegal,1,1
2106,2005,Serbia-Montenegro,1,2
2107,2005,Somalia,1,6
2108,2005,Spain,1,24
2109,2005,Sri Lanka,0,7
2110,2005,Sri Lanka,1,126
2111,2005,Sudan,1,6
2112,2005,Sweden,1,3
2113,2005,Tajikistan,1,1
2114,2005,Thailand,0,7
2115,2005,Thailand,1,148
2116,2005,Togo,1,1
2117,2005,Trinidad and Tobago,1,2
2118,2005,Turkey,0,2
2119,2005,Turkey,1,39
2120,2005,Uganda,1,11
2121,2005,United Kingdom,0,5
2122,2005,United Kingdom,1,24
2123,2005,United States,0,5
2124,2005,United States,1,16
2125,2005,Uruguay,1,1
2126,2005,Uzbekistan,0,1
2127,2005,Uzbekistan,1,1
2128,2005,West Bank and Gaza Strip,0,7
2129,2005,West Bank and Gaza Strip,1,31
2130,2005,Yemen,0,2
2131,2005,Yemen,1,5
2132,2006,Afghanistan,0,9
2133,2006,Afghanistan,1,273
2134,2006,Algeria,0,13
2135,2006,Algeria,1,139
2136,2006,Australia,1,2
2137,2006,Austria,1,1
2138,2006,Bahrain,1,1
2139,2006,Bangladesh,1,23
2140,2006,Belarus,1,1
2141,2006,Bhutan,1,1
2142,2006,Bosnia-Herzegovina,1,1
2143,2006,Brazil,0,1
2144,2006,Brazil,1,2
2145,2006,Burundi,1,5
2146,2006,Canada,1,2
2147,2006,Central African Republic,1,1
2148,2006,Chad,1,11
2149,2006,Chile,1,1
2150,2006,Colombia,0,1
2151,2006,Colombia,1,42
2152,2006,Democratic Republic of the Congo,1,5
2153,2006,Egypt,0,1
2154,2006,Egypt,1,4
2155,2006,Ethiopia,0,3
2156,2006,Ethiopia,1,8
2157,2006,France,0,7
2158,2006,France,1,27
2159,2006,Georgia,1,3
2160,2006,Germany,0,1
2161,2006,Germany,1,3
2162,2006,Greece,1,23
2163,2006,Guatemala,1,4
2164,2006,Guinea-Bissau,1,1
2165,2006,Guyana,1,2
2166,2006,Haiti,1,1
2167,2006,India,0,3
2168,2006,India,1,164
2169,2006,Indonesia,0,2
2170,2006,Indonesia,1,8
2171,2006,Iran,1,14
2172,2006,Iraq,0,13
2173,2006,Iraq,1,825
2174,2006,Ireland,1,1
2175,2006,Israel,0,6
2176,2006,Israel,1,75
2177,2006,Italy,0,2
2178,2006,Italy,1,2
2179,2006,Ivory Coast,1,3
2180,2006,Jordan,1,1
2181,2006,Kenya,1,2
2182,2006,Kosovo,1,6
2183,2006,Kyrgyzstan,0,2
2184,2006,Kyrgyzstan,1,1
2185,2006,Lebanon,1,8
2186,2006,Lesotho,1,1
2187,2006,Macedonia,1,3
2188,2006,Madagascar,1,1
2189,2006,Maldives,1,1
2190,2006,Mexico,1,7
2191,2006,Moldova,1,1
2192,2006,Myanmar,1,2
2193,2006,Nepal,0,1
2194,2006,Nepal,1,82
2195,2006,Nigeria,1,37
2196,2006,Norway,1,1
2197,2006,Pakistan,0,5
2198,2006,Pakistan,1,159
2199,2006,Peru,1,1
2200,2006,Philippines,0,3
2201,2006,Philippines,1,55
2202,2006,Russia,0,5
2203,2006,Russia,1,51
2204,2006,Saudi Arabia,0,1
2205,2006,Saudi Arabia,1,2
2206,2006,Serbia-Montenegro,1,2
2207,2006,Somalia,1,10
2208,2006,South Korea,1,1
2209,2006,Spain,1,23
2210,2006,Sri Lanka,0,9
2211,2006,Sri Lanka,1,208
2212,2006,Sudan,1,24
2213,2006,Swaziland,1,1
2214,2006,Sweden,0,1
2215,2006,Syria,1,1
2216,2006,Thailand,0,1
2217,2006,Thailand,1,201
2218,2006,Turkey,0,1
2219,2006,Turkey,1,42
2220,2006,United Kingdom,0,3
2221,2006,United Kingdom,1,3
2222,2006,United States,0,2
2223,2006,United States,1,4
2224,2006,West Bank and Gaza Strip,0,2
2225,2006,West Bank and Gaza Strip,1,33
2226,2006,Yemen,1,5
2227,2006,Zimbabwe,1,1
2228,2007,Afghanistan,0,5
2229,2007,Afghanistan,1,336
2230,2007,Algeria,0,22
2231,2007,Algeria,1,102
2232,2007,Armenia,1,1
2233,2007,Austria,1,1
2234,2007,Azerbaijan,1,1
2235,2007,Bangladesh,0,2
2236,2007,Bangladesh,1,7
2237,2007,Belgium,1,1
2238,2007,Benin,1,1
2239,2007,Bolivia,1,3
2240,2007,Bosnia-Herzegovina,1,2
2241,2007,Burundi,1,3
2242,2007,Cameroon,1,1
2243,2007,Central African Republic,1,1
2244,2007,Chad,0,1
2245,2007,Chad,1,6
2246,2007,Chile,1,8
2247,2007,Colombia,0,1
2248,2007,Colombia,1,29
2249,2007,Cuba,0,1
2250,2007,Cyprus,1,1
2251,2007,Democratic Republic of the Congo,1,11
2252,2007,East Timor,1,2
2253,2007,Eritrea,1,2
2254,2007,Ethiopia,1,5
2255,2007,Finland,1,1
2256,2007,France,0,2
2257,2007,France,1,14
2258,2007,Germany,1,3
2259,2007,Greece,1,15
2260,2007,Haiti,1,2
2261,2007,India,0,2
2262,2007,India,1,147
2263,2007,Indonesia,1,2
2264,2007,Iran,1,9
2265,2007,Iraq,0,9
2266,2007,Iraq,1,1038
2267,2007,Ireland,1,1
2268,2007,Israel,0,3
2269,2007,Israel,1,50
2270,2007,Ivory Coast,1,1
2271,2007,Jamaica,1,1
2272,2007,Kenya,1,12
2273,2007,Kosovo,0,1
2274,2007,Kosovo,1,4
2275,2007,Kyrgyzstan,1,1
2276,2007,Latvia,1,1
2277,2007,Lebanon,0,1
2278,2007,Lebanon,1,17
2279,2007,Libya,1,1
2280,2007,Macedonia,1,1
2281,2007,Maldives,1,1
2282,2007,Mali,1,5
2283,2007,Mexico,1,10
2284,2007,Montenegro,1,1
2285,2007,Morocco,1,6
2286,2007,Mozambique,1,1
2287,2007,Myanmar,1,3
2288,2007,Nepal,0,4
2289,2007,Nepal,1,86
2290,2007,Niger,1,7
2291,2007,Nigeria,0,4
2292,2007,Nigeria,1,57
2293,2007,Pakistan,0,5
2294,2007,Pakistan,1,255
2295,2007,Papua New Guinea,1,1
2296,2007,Peru,1,4
2297,2007,Philippines,0,4
2298,2007,Philippines,1,61
2299,2007,Russia,0,2
2300,2007,Russia,1,49
2301,2007,Saudi Arabia,1,1
2302,2007,Senegal,1,1
2303,2007,Somalia,0,5
2304,2007,Somalia,1,151
2305,2007,South Africa,1,2
2306,2007,Spain,0,1
2307,2007,Spain,1,10
2308,2007,Sri Lanka,0,12
2309,2007,Sri Lanka,1,120
2310,2007,Sudan,1,23
2311,2007,Switzerland,1,2
2312,2007,Tajikistan,1,1
2313,2007,Thailand,0,11
2314,2007,Thailand,1,282
2315,2007,Tunisia,0,1
2316,2007,Turkey,0,2
2317,2007,Turkey,1,27
2318,2007,Uganda,1,1
2319,2007,Ukraine,0,1
2320,2007,United Kingdom,0,5
2321,2007,United Kingdom,1,15
2322,2007,United States,0,3
2323,2007,United States,1,5
2324,2007,Venezuela,1,2
2325,2007,West Bank and Gaza Strip,0,9
2326,2007,West Bank and Gaza Strip,1,79
2327,2007,Western Sahara,1,1
2328,2007,Yemen,1,7
2329,2007,Zimbabwe,1,1
2330,2008,Afghanistan,0,29
2331,2008,Afghanistan,1,385
2332,2008,Algeria,0,12
2333,2008,Algeria,1,95
2334,2008,Australia,0,1
2335,2008,Australia,1,2
2336,2008,Austria,1,7
2337,2008,Azerbaijan,1,2
2338,2008,Bahrain,1,1
2339,2008,Bangladesh,0,2
2340,2008,Bangladesh,1,17
2341,2008,Belarus,1,1
2342,2008,Bhutan,1,3
2343,2008,Bosnia-Herzegovina,1,4
2344,2008,Bulgaria,0,1
2345,2008,Bulgaria,1,1
2346,2008,Burundi,0,1
2347,2008,Burundi,1,6
2348,2008,Cambodia,1,2
2349,2008,Cameroon,1,1
2350,2008,Canada,1,5
2351,2008,Central African Republic,1,2
2352,2008,Chad,0,1
2353,2008,Chad,1,7
2354,2008,Chile,1,4
2355,2008,China,0,3
2356,2008,China,1,17
2357,2008,Colombia,0,18
2358,2008,Colombia,1,115
2359,2008,Croatia,1,2
2360,2008,Czech Republic,0,1
2361,2008,Czech Republic,1,1
2362,2008,Democratic Republic of the Congo,0,1
2363,2008,Democratic Republic of the Congo,1,19
2364,2008,Denmark,1,1
2365,2008,East Timor,0,1
2366,2008,Ecuador,1,2
2367,2008,Egypt,1,1
2368,2008,Eritrea,1,2
2369,2008,Ethiopia,1,8
2370,2008,Finland,1,1
2371,2008,France,0,6
2372,2008,France,1,7
2373,2008,Georgia,0,3
2374,2008,Georgia,1,30
2375,2008,Germany,1,3
2376,2008,Greece,0,5
2377,2008,Greece,1,48
2378,2008,Guyana,1,3
2379,2008,Hong Kong,1,1
2380,2008,Hungary,1,2
2381,2008,India,0,78
2382,2008,India,1,456
2383,2008,Indonesia,0,4
2384,2008,Indonesia,1,9
2385,2008,Iran,1,8
2386,2008,Iraq,0,52
2387,2008,Iraq,1,1054
2388,2008,Ireland,0,3
2389,2008,Ireland,1,2
2390,2008,Israel,0,13
2391,2008,Israel,1,121
2392,2008,Italy,1,2
2393,2008,Japan,1,3
2394,2008,Kazakhstan,1,1
2395,2008,Kenya,0,1
2396,2008,Kenya,1,10
2397,2008,Kosovo,0,2
2398,2008,Kosovo,1,9
2399,2008,Lebanon,0,6
2400,2008,Lebanon,1,52
2401,2008,Liberia,1,1
2402,2008,Libya,1,1
2403,2008,Macedonia,1,9
2404,2008,Malaysia,1,2
2405,2008,Maldives,0,1
2406,2008,Mali,0,1
2407,2008,Mali,1,8
2408,2008,Mauritania,0,1
2409,2008,Mauritania,1,1
2410,2008,Mexico,0,1
2411,2008,Mexico,1,7
2412,2008,Myanmar,0,1
2413,2008,Myanmar,1,19
2414,2008,Nepal,0,4
2415,2008,Nepal,1,116
2416,2008,Netherlands,1,1
2417,2008,New Zealand,0,5
2418,2008,Niger,1,9
2419,2008,Nigeria,0,4
2420,2008,Nigeria,1,72
2421,2008,Pakistan,0,17
2422,2008,Pakistan,1,551
2423,2008,Peru,1,1
2424,2008,Philippines,0,38
2425,2008,Philippines,1,238
2426,2008,Romania,1,1
2427,2008,Russia,0,35
2428,2008,Russia,1,135
2429,2008,Rwanda,1,1
2430,2008,Senegal,1,2
2431,2008,Serbia,1,4
2432,2008,Somalia,0,19
2433,2008,Somalia,1,153
2434,2008,South Africa,1,1
2435,2008,Spain,0,2
2436,2008,Spain,1,35
2437,2008,Sri Lanka,0,5
2438,2008,Sri Lanka,1,95
2439,2008,Sudan,0,2
2440,2008,Sudan,1,30
2441,2008,Swaziland,1,3
2442,2008,Sweden,1,1
2443,2008,Syria,1,1
2444,2008,Taiwan,0,1
2445,2008,Tanzania,1,1
2446,2008,Thailand,0,7
2447,2008,Thailand,1,193
2448,2008,Tunisia,1,2
2449,2008,Turkey,0,2
2450,2008,Turkey,1,30
2451,2008,Uganda,1,7
2452,2008,Ukraine,1,1
2453,2008,United Kingdom,0,7
2454,2008,United Kingdom,1,32
2455,2008,United States,0,1
2456,2008,United States,1,17
2457,2008,Venezuela,1,1
2458,2008,West Bank and Gaza Strip,0,5
2459,2008,West Bank and Gaza Strip,1,58
2460,2008,Yemen,1,22
2461,2008,Zimbabwe,1,5
2462,2009,Afghanistan,0,26
2463,2009,Afghanistan,1,477
2464,2009,Albania,1,1
2465,2009,Algeria,0,6
2466,2009,Algeria,1,102
2467,2009,Angola,1,1
2468,2009,Argentina,1,1
2469,2009,Armenia,1,1
2470,2009,Australia,1,1
2471,2009,Austria,1,3
2472,2009,Azerbaijan,1,2
2473,2009,Bangladesh,0,3
2474,2009,Bangladesh,1,24
2475,2009,Belgium,1,1
2476,2009,Bolivia,1,3
2477,2009,Bosnia-Herzegovina,1,1
2478,2009,Cameroon,1,1
2479,2009,Canada,1,4
2480,2009,Central African Republic,1,5
2481,2009,Chad,1,3
2482,2009,Chile,0,2
2483,2009,Chile,1,6
2484,2009,China,1,7
2485,2009,Colombia,0,14
2486,2009,Colombia,1,125
2487,2009,Croatia,1,1
2488,2009,Czech Republic,1,1
2489,2009,Democratic Republic of the Congo,0,1
2490,2009,Democratic Republic of the Congo,1,53
2491,2009,Ecuador,1,1
2492,2009,Egypt,1,2
2493,2009,Equatorial Guinea,1,1
2494,2009,Eritrea,1,1
2495,2009,Ethiopia,1,2
2496,2009,France,0,1
2497,2009,France,1,8
2498,2009,Georgia,0,1
2499,2009,Georgia,1,24
2500,2009,Germany,1,4
2501,2009,Greece,0,2
2502,2009,Greece,1,113
2503,2009,Guinea-Bissau,1,1
2504,2009,Honduras,0,2
2505,2009,Honduras,1,6
2506,2009,Hungary,1,1
2507,2009,India,0,45
2508,2009,India,1,627
2509,2009,Indonesia,0,3
2510,2009,Indonesia,1,16
2511,2009,Iran,0,1
2512,2009,Iran,1,14
2513,2009,Iraq,0,81
2514,2009,Iraq,1,1056
2515,2009,Israel,0,1
2516,2009,Israel,1,35
2517,2009,Italy,0,1
2518,2009,Italy,1,3
2519,2009,Japan,1,1
2520,2009,Kenya,1,1
2521,2009,Kosovo,0,1
2522,2009,Lebanon,0,1
2523,2009,Lebanon,1,13
2524,2009,Lesotho,1,1
2525,2009,Macedonia,1,1
2526,2009,Madagascar,1,1
2527,2009,Malaysia,1,1
2528,2009,Mali,1,6
2529,2009,Mauritania,0,1
2530,2009,Mauritania,1,4
2531,2009,Mexico,0,1
2532,2009,Moldova,1,1
2533,2009,Myanmar,0,1
2534,2009,Myanmar,1,13
2535,2009,Nepal,1,39
2536,2009,Netherlands,0,1
2537,2009,Niger,1,4
2538,2009,Nigeria,0,2
2539,2009,Nigeria,1,40
2540,2009,Pakistan,0,14
2541,2009,Pakistan,1,653
2542,2009,Panama,1,1
2543,2009,Peru,1,4
2544,2009,Philippines,0,23
2545,2009,Philippines,1,206
2546,2009,Russia,0,27
2547,2009,Russia,1,125
2548,2009,Rwanda,1,1
2549,2009,Saudi Arabia,0,1
2550,2009,Saudi Arabia,1,2
2551,2009,Senegal,1,3
2552,2009,Serbia,0,1
2553,2009,Serbia,1,2
2554,2009,Somalia,0,3
2555,2009,Somalia,1,119
2556,2009,Spain,1,21
2557,2009,Sri Lanka,0,2
2558,2009,Sri Lanka,1,35
2559,2009,Sudan,0,1
2560,2009,Sudan,1,25
2561,2009,Sweden,1,1
2562,2009,Tajikistan,1,1
2563,2009,Thailand,0,10
2564,2009,Thailand,1,288
2565,2009,Turkey,0,1
2566,2009,Turkey,1,12
2567,2009,Uganda,0,1
2568,2009,Uganda,1,1
2569,2009,Ukraine,1,2
2570,2009,United Kingdom,0,4
2571,2009,United Kingdom,1,19
2572,2009,United States,0,1
2573,2009,United States,1,10
2574,2009,Uzbekistan,1,2
2575,2009,Venezuela,1,3
2576,2009,West Bank and Gaza Strip,0,2
2577,2009,West Bank and Gaza Strip,1,8
2578,2009,Yemen,0,2
2579,2009,Yemen,1,21
2580,2010,Afghanistan,0,45
2581,2010,Afghanistan,1,497
2582,2010,Algeria,0,6
2583,2010,Algeria,1,94
2584,2010,Angola,1,2
2585,2010,Argentina,1,5
2586,2010,Australia,1,1
2587,2010,Bahrain,0,1
2588,2010,Bahrain,1,1
2589,2010,Bangladesh,0,2
2590,2010,Bangladesh,1,20
2591,2010,Belarus,1,2
2592,2010,Bosnia-Herzegovina,1,1
2593,2010,Burundi,0,1
2594,2010,Burundi,1,28
2595,2010,Cameroon,1,3
2596,2010,Canada,0,1
2597,2010,Canada,1,1
2598,2010,Central African Republic,1,13
2599,2010,Chad,1,1
2600,2010,Chile,1,5
2601,2010,China,1,1
2602,2010,Colombia,0,36
2603,2010,Colombia,1,100
2604,2010,Democratic Republic of the Congo,1,18
2605,2010,Denmark,1,1
2606,2010,Egypt,1,2
2607,2010,Eritrea,1,1
2608,2010,Ethiopia,1,2
2609,2010,France,1,3
2610,2010,Georgia,0,1
2611,2010,Georgia,1,6
2612,2010,Germany,0,1
2613,2010,Greece,0,17
2614,2010,Greece,1,32
2615,2010,India,0,46
2616,2010,India,1,617
2617,2010,Indonesia,1,4
2618,2010,Iran,1,14
2619,2010,Iraq,0,106
2620,2010,Iraq,1,1073
2621,2010,Ireland,0,1
2622,2010,Ireland,1,3
2623,2010,Israel,1,14
2624,2010,Italy,0,4
2625,2010,Italy,1,6
2626,2010,Ivory Coast,1,7
2627,2010,Jordan,1,2
2628,2010,Kenya,1,12
2629,2010,Kosovo,1,1
2630,2010,Kyrgyzstan,1,1
2631,2010,Lebanon,0,1
2632,2010,Lebanon,1,4
2633,2010,Mali,1,1
2634,2010,Mauritania,1,1
2635,2010,Mexico,0,2
2636,2010,Mexico,1,3
2637,2010,Myanmar,0,1
2638,2010,Myanmar,1,10
2639,2010,Nepal,0,1
2640,2010,Nepal,1,37
2641,2010,Netherlands,0,1
2642,2010,Niger,1,3
2643,2010,Nigeria,0,7
2644,2010,Nigeria,1,56
2645,2010,Norway,1,1
2646,2010,Pakistan,0,39
2647,2010,Pakistan,1,674
2648,2010,Paraguay,1,2
2649,2010,Philippines,0,19
2650,2010,Philippines,1,186
2651,2010,Poland,1,1
2652,2010,Russia,0,38
2653,2010,Russia,1,213
2654,2010,Rwanda,1,8
2655,2010,Senegal,1,1
2656,2010,Serbia,1,1
2657,2010,Somalia,0,10
2658,2010,Somalia,1,120
2659,2010,Spain,1,3
2660,2010,Sri Lanka,1,3
2661,2010,Sudan,1,28
2662,2010,Sweden,1,3
2663,2010,Tajikistan,1,1
2664,2010,Tanzania,0,1
2665,2010,Thailand,0,9
2666,2010,Thailand,1,244
2667,2010,Trinidad and Tobago,1,1
2668,2010,Turkey,0,2
2669,2010,Turkey,1,18
2670,2010,Uganda,0,2
2671,2010,Uganda,1,4
2672,2010,Ukraine,1,4
2673,2010,United Arab Emirates,0,1
2674,2010,United Arab Emirates,1,1
2675,2010,United Kingdom,0,20
2676,2010,United Kingdom,1,37
2677,2010,United States,0,3
2678,2010,United States,1,14
2679,2010,West Bank and Gaza Strip,0,3
2680,2010,West Bank and Gaza Strip,1,8
2681,2010,Yemen,0,13
2682,2010,Yemen,1,99
2683,2010,Zimbabwe,1,1
2684,2011,Afghanistan,0,24
2685,2011,Afghanistan,1,397
2686,2011,Algeria,0,5
2687,2011,Algeria,1,10
2688,2011,Argentina,1,1
2689,2011,Austria,1,1
2690,2011,Bahrain,1,1
2691,2011,Bangladesh,0,1
2692,2011,Bangladesh,1,12
2693,2011,Belarus,1,1
2694,2011,Bhutan,1,1
2695,2011,Bosnia-Herzegovina,1,1
2696,2011,Bulgaria,1,2
2697,2011,Burundi,1,8
2698,2011,Cameroon,1,3
2699,2011,Central African Republic,1,3
2700,2011,Chile,1,6
2701,2011,China,1,4
2702,2011,Colombia,0,15
2703,2011,Colombia,1,79
2704,2011,Czech Republic,0,1
2705,2011,Democratic Republic of the Congo,0,3
2706,2011,Democratic Republic of the Congo,1,13
2707,2011,Ecuador,1,1
2708,2011,Egypt,1,18
2709,2011,Eritrea,1,1
2710,2011,Estonia,1,1
2711,2011,Ethiopia,1,3
2712,2011,France,0,2
2713,2011,France,1,6
2714,2011,Georgia,0,1
2715,2011,Georgia,1,2
2716,2011,Germany,0,6
2717,2011,Germany,1,2
2718,2011,Greece,0,3
2719,2011,Greece,1,8
2720,2011,Honduras,1,1
2721,2011,India,0,75
2722,2011,India,1,570
2723,2011,Indonesia,0,6
2724,2011,Indonesia,1,15
2725,2011,Iran,1,13
2726,2011,Iraq,0,125
2727,2011,Iraq,1,1183
2728,2011,Ireland,0,2
2729,2011,Ireland,1,2
2730,2011,Israel,0,2
2731,2011,Israel,1,49
2732,2011,Italy,0,1
2733,2011,Italy,1,4
2734,2011,Ivory Coast,1,3
2735,2011,Kazakhstan,1,5
2736,2011,Kenya,0,7
2737,2011,Kenya,1,35
2738,2011,Kosovo,1,1
2739,2011,Kuwait,0,1
2740,2011,Kyrgyzstan,0,1
2741,2011,Lebanon,1,10
2742,2011,Libya,1,2
2743,2011,Madagascar,0,1
2744,2011,Mali,1,4
2745,2011,Mauritania,0,1
2746,2011,Mauritania,1,2
2747,2011,Mexico,1,2
2748,2011,Morocco,1,1
2749,2011,Myanmar,1,2
2750,2011,Nepal,0,5
2751,2011,Nepal,1,41
2752,2011,Netherlands,1,2
2753,2011,Niger,1,2
2754,2011,Nigeria,0,16
2755,2011,Nigeria,1,159
2756,2011,Norway,0,1
2757,2011,Norway,1,2
2758,2011,Pakistan,0,48
2759,2011,Pakistan,1,964
2760,2011,Paraguay,0,1
2761,2011,Paraguay,1,3
2762,2011,Philippines,0,19
2763,2011,Philippines,1,132
2764,2011,Portugal,1,2
2765,2011,Russia,0,28
2766,2011,Russia,1,160
2767,2011,Rwanda,1,2
2768,2011,Saudi Arabia,1,2
2769,2011,Senegal,1,4
2770,2011,Somalia,0,10
2771,2011,Somalia,1,175
2772,2011,Sudan,0,1
2773,2011,Sudan,1,37
2774,2011,Sweden,1,1
2775,2011,Switzerland,0,1
2776,2011,Switzerland,1,2
2777,2011,Syria,0,4
2778,2011,Syria,1,45
2779,2011,Thailand,0,5
2780,2011,Thailand,1,177
2781,2011,Tunisia,0,1
2782,2011,Tunisia,1,2
2783,2011,Turkey,0,4
2784,2011,Turkey,1,47
2785,2011,Ukraine,1,3
2786,2011,United Kingdom,0,23
2787,2011,United Kingdom,1,24
2788,2011,United States,0,4
2789,2011,United States,1,6
2790,2011,West Bank and Gaza Strip,0,4
2791,2011,West Bank and Gaza Strip,1,16
2792,2011,Yemen,0,12
2793,2011,Yemen,1,106
2794,2011,Zimbabwe,1,1
2795,2012,Afghanistan,0,125
2796,2012,Afghanistan,1,1344
2797,2012,Algeria,0,2
2798,2012,Algeria,1,39
2799,2012,Argentina,0,1
2800,2012,Argentina,1,1
2801,2012,Bahrain,0,4
2802,2012,Bahrain,1,22
2803,2012,Bangladesh,0,3
2804,2012,Bangladesh,1,15
2805,2012,Belarus,1,3
2806,2012,Belgium,1,1
2807,2012,Bolivia,1,1
2808,2012,Brazil,1,1
2809,2012,Bulgaria,1,2
2810,2012,Burundi,1,4
2811,2012,Canada,0,2
2812,2012,Canada,1,1
2813,2012,Central African Republic,1,4
2814,2012,Chile,1,2
2815,2012,China,0,1
2816,2012,China,1,3
2817,2012,Colombia,0,5
2818,2012,Colombia,1,110
2819,2012,Cyprus,0,1
2820,2012,Democratic Republic of the Congo,0,1
2821,2012,Democratic Republic of the Congo,1,24
2822,2012,Ecuador,1,1
2823,2012,Egypt,0,13
2824,2012,Egypt,1,36
2825,2012,Ethiopia,1,3
2826,2012,France,1,66
2827,2012,Georgia,0,3
2828,2012,Germany,0,2
2829,2012,Germany,1,3
2830,2012,Greece,0,3
2831,2012,Greece,1,19
2832,2012,Guatemala,1,1
2833,2012,Guinea-Bissau,1,1
2834,2012,Iceland,1,1
2835,2012,India,0,150
2836,2012,India,1,461
2837,2012,Indonesia,0,10
2838,2012,Indonesia,1,29
2839,2012,Iran,1,5
2840,2012,Iraq,0,48
2841,2012,Iraq,1,1389
2842,2012,Ireland,0,26
2843,2012,Ireland,1,3
2844,2012,Israel,0,13
2845,2012,Israel,1,52
2846,2012,Italy,0,3
2847,2012,Italy,1,7
2848,2012,Ivory Coast,0,1
2849,2012,Ivory Coast,1,15
2850,2012,Jordan,0,1
2851,2012,Jordan,1,1
2852,2012,Kazakhstan,0,1
2853,2012,Kazakhstan,1,3
2854,2012,Kenya,0,8
2855,2012,Kenya,1,72
2856,2012,Kosovo,1,4
2857,2012,Laos,0,1
2858,2012,Lebanon,0,6
2859,2012,Lebanon,1,9
2860,2012,Liberia,0,1
2861,2012,Libya,0,8
2862,2012,Libya,1,49
2863,2012,Macedonia,1,1
2864,2012,Madagascar,1,1
2865,2012,Malaysia,1,2
2866,2012,Maldives,0,1
2867,2012,Mali,0,1
2868,2012,Mali,1,18
2869,2012,Mexico,0,1
2870,2012,Mexico,1,15
2871,2012,Moldova,0,1
2872,2012,Mozambique,1,1
2873,2012,Myanmar,0,1
2874,2012,Myanmar,1,16
2875,2012,Nepal,0,25
2876,2012,Nepal,1,21
2877,2012,Niger,1,1
2878,2012,Nigeria,0,58
2879,2012,Nigeria,1,558
2880,2012,Pakistan,0,183
2881,2012,Pakistan,1,1471
2882,2012,Paraguay,1,4
2883,2012,Peru,1,6
2884,2012,Philippines,0,29
2885,2012,Philippines,1,220
2886,2012,Russia,0,34
2887,2012,Russia,1,117
2888,2012,Rwanda,1,6
2889,2012,Saudi Arabia,1,6
2890,2012,Senegal,1,12
2891,2012,Serbia,1,3
2892,2012,Somalia,0,20
2893,2012,Somalia,1,305
2894,2012,South Africa,1,4
2895,2012,South Sudan,0,1
2896,2012,South Sudan,1,4
2897,2012,Spain,0,1
2898,2012,Sri Lanka,0,1
2899,2012,Sri Lanka,1,3
2900,2012,Sudan,0,3
2901,2012,Sudan,1,37
2902,2012,Sweden,1,2
2903,2012,Syria,0,4
2904,2012,Syria,1,176
2905,2012,Tajikistan,1,5
2906,2012,Thailand,0,18
2907,2012,Thailand,1,261
2908,2012,Tunisia,1,3
2909,2012,Turkey,0,18
2910,2012,Turkey,1,170
2911,2012,Uganda,1,4
2912,2012,Ukraine,0,1
2913,2012,Ukraine,1,7
2914,2012,United Kingdom,0,30
2915,2012,United Kingdom,1,25
2916,2012,United States,1,20
2917,2012,Venezuela,0,1
2918,2012,West Bank and Gaza Strip,0,3
2919,2012,West Bank and Gaza Strip,1,20
2920,2012,Yemen,0,44
2921,2012,Yemen,1,268
2922,2013,Afghanistan,0,110
2923,2013,Afghanistan,1,1333
2924,2013,Albania,0,1
2925,2013,Algeria,0,1
2926,2013,Algeria,1,21
2927,2013,Argentina,1,2
2928,2013,Armenia,0,1
2929,2013,Australia,1,1
2930,2013,Austria,1,1
2931,2013,Bahamas,0,1
2932,2013,Bahrain,0,11
2933,2013,Bahrain,1,41
2934,2013,Bangladesh,0,18
2935,2013,Bangladesh,1,121
2936,2013,Belize,1,1
2937,2013,Bosnia-Herzegovina,1,1
2938,2013,Brazil,0,1
2939,2013,Brazil,1,2
2940,2013,Bulgaria,0,2
2941,2013,Bulgaria,1,1
2942,2013,Burkina Faso,0,1
2943,2013,Burundi,1,2
2944,2013,Cambodia,0,2
2945,2013,Cameroon,1,3
2946,2013,Canada,0,3
2947,2013,Canada,1,1
2948,2013,Central African Republic,0,4
2949,2013,Central African Republic,1,16
2950,2013,Chile,1,5
2951,2013,China,1,12
2952,2013,Colombia,0,12
2953,2013,Colombia,1,137
2954,2013,Croatia,1,2
2955,2013,Cyprus,0,1
2956,2013,Cyprus,1,8
2957,2013,Czech Republic,1,1
2958,2013,Democratic Republic of the Congo,1,22
2959,2013,Denmark,0,1
2960,2013,Dominican Republic,0,1
2961,2013,Ecuador,0,1
2962,2013,Ecuador,1,1
2963,2013,Egypt,0,46
2964,2013,Egypt,1,275
2965,2013,Ethiopia,0,1
2966,2013,Ethiopia,1,4
2967,2013,France,0,3
2968,2013,France,1,15
2969,2013,Georgia,1,2
2970,2013,Greece,0,8
2971,2013,Greece,1,46
2972,2013,Guatemala,0,1
2973,2013,Guatemala,1,5
2974,2013,Guinea,1,2
2975,2013,Honduras,1,2
2976,2013,India,0,150
2977,2013,India,1,544
2978,2013,Indonesia,0,7
2979,2013,Indonesia,1,25
2980,2013,Iran,0,1
2981,2013,Iran,1,10
2982,2013,Iraq,0,180
2983,2013,Iraq,1,2672
2984,2013,Ireland,0,22
2985,2013,Ireland,1,5
2986,2013,Israel,0,10
2987,2013,Israel,1,27
2988,2013,Italy,0,4
2989,2013,Italy,1,3
2990,2013,Ivory Coast,1,4
2991,2013,Japan,1,1
2992,2013,Jordan,0,1
2993,2013,Kazakhstan,0,3
2994,2013,Kazakhstan,1,1
2995,2013,Kenya,0,8
2996,2013,Kenya,1,72
2997,2013,Kosovo,0,1
2998,2013,Kosovo,1,5
2999,2013,Lebanon,0,17
3000,2013,Lebanon,1,104
3001,2013,Libya,0,36
3002,2013,Libya,1,255
3003,2013,Madagascar,1,2
3004,2013,Malaysia,0,3
3005,2013,Malaysia,1,10
3006,2013,Maldives,1,3
3007,2013,Mali,0,2
3008,2013,Mali,1,56
3009,2013,Mexico,1,8
3010,2013,Montenegro,1,2
3011,2013,Mozambique,1,18
3012,2013,Myanmar,0,2
3013,2013,Myanmar,1,16
3014,2013,Nepal,0,49
3015,2013,Nepal,1,55
3016,2013,Niger,1,4
3017,2013,Nigeria,0,27
3018,2013,Nigeria,1,319
3019,2013,Pakistan,0,399
3020,2013,Pakistan,1,1816
3021,2013,Paraguay,0,1
3022,2013,Paraguay,1,9
3023,2013,Peru,0,1
3024,2013,Peru,1,9
3025,2013,Philippines,0,110
3026,2013,Philippines,1,541
3027,2013,Republic of the Congo,1,1
3028,2013,Russia,0,31
3029,2013,Russia,1,113
3030,2013,Rwanda,1,4
3031,2013,Saudi Arabia,1,6
3032,2013,Senegal,1,3
3033,2013,Somalia,0,24
3034,2013,Somalia,1,318
3035,2013,South Africa,0,3
3036,2013,South Africa,1,10
3037,2013,South Sudan,1,13
3038,2013,Spain,0,1
3039,2013,Spain,1,4
3040,2013,Sri Lanka,0,4
3041,2013,Sri Lanka,1,10
3042,2013,Sudan,0,1
3043,2013,Sudan,1,45
3044,2013,Switzerland,1,2
3045,2013,Syria,0,3
3046,2013,Syria,1,282
3047,2013,Taiwan,0,2
3048,2013,Tanzania,1,7
3049,2013,Thailand,0,33
3050,2013,Thailand,1,439
3051,2013,Trinidad and Tobago,1,3
3052,2013,Tunisia,0,4
3053,2013,Tunisia,1,25
3054,2013,Turkey,0,5
3055,2013,Turkey,1,37
3056,2013,Ukraine,1,5
3057,2013,United Arab Emirates,1,1
3058,2013,United Kingdom,0,69
3059,2013,United Kingdom,1,68
3060,2013,United States,0,7
3061,2013,United States,1,13
3062,2013,Venezuela,1,1
3063,2013,West Bank and Gaza Strip,0,26
3064,2013,West Bank and Gaza Strip,1,38
3065,2013,Yemen,0,74
3066,2013,Yemen,1,351
3067,2013,Zimbabwe,1,3
3068,2014,Afghanistan,0,159
3069,2014,Afghanistan,1,1665
3070,2014,Albania,1,2
3071,2014,Algeria,0,1
3072,2014,Algeria,1,12
3073,2014,Argentina,1,1
3074,2014,Australia,1,8
3075,2014,Azerbaijan,1,3
3076,2014,Bahrain,0,7
3077,2014,Bahrain,1,35
3078,2014,Bangladesh,0,5
3079,2014,Bangladesh,1,125
3080,2014,Belgium,1,2
3081,2014,Bhutan,1,1
3082,2014,Bosnia-Herzegovina,0,2
3083,2014,Bosnia-Herzegovina,1,1
3084,2014,Brazil,1,3
3085,2014,Bulgaria,1,1
3086,2014,Burundi,1,5
3087,2014,Cameroon,0,2
3088,2014,Cameroon,1,66
3089,2014,Canada,1,3
3090,2014,Central African Republic,0,3
3091,2014,Central African Republic,1,91
3092,2014,Chad,1,1
3093,2014,Chile,0,3
3094,2014,Chile,1,14
3095,2014,China,0,4
3096,2014,China,1,33
3097,2014,Colombia,0,32
3098,2014,Colombia,1,199
3099,2014,Cyprus,0,1
3100,2014,Cyprus,1,4
3101,2014,Czech Republic,0,2
3102,2014,Czech Republic,1,3
3103,2014,Democratic Republic of the Congo,0,3
3104,2014,Democratic Republic of the Congo,1,107
3105,2014,Djibouti,1,1
3106,2014,Dominican Republic,1,1
3107,2014,Egypt,0,56
3108,2014,Egypt,1,298
3109,2014,Ethiopia,1,2
3110,2014,France,1,14
3111,2014,Georgia,0,1
3112,2014,Georgia,1,1
3113,2014,Germany,0,2
3114,2014,Germany,1,11
3115,2014,Ghana,0,1
3116,2014,Greece,0,4
3117,2014,Greece,1,22
3118,2014,Honduras,0,1
3119,2014,Hungary,1,1
3120,2014,Iceland,1,1
3121,2014,India,0,187
3122,2014,India,1,673
3123,2014,Indonesia,0,3
3124,2014,Indonesia,1,32
3125,2014,Iran,1,9
3126,2014,Iraq,0,277
3127,2014,Iraq,1,3656
3128,2014,Ireland,0,24
3129,2014,Ireland,1,9
3130,2014,Israel,0,142
3131,2014,Israel,1,151
3132,2014,Italy,0,1
3133,2014,Italy,1,6
3134,2014,Ivory Coast,1,1
3135,2014,Jamaica,0,1
3136,2014,Japan,1,5
3137,2014,Jordan,0,1
3138,2014,Jordan,1,2
3139,2014,Kenya,0,12
3140,2014,Kenya,1,103
3141,2014,Kosovo,0,1
3142,2014,Kosovo,1,3
3143,2014,Kyrgyzstan,0,1
3144,2014,Kyrgyzstan,1,1
3145,2014,Lebanon,0,36
3146,2014,Lebanon,1,168
3147,2014,Liberia,1,1
3148,2014,Libya,0,67
3149,2014,Libya,1,661
3150,2014,Macedonia,1,3
3151,2014,Madagascar,1,1
3152,2014,Malaysia,0,3
3153,2014,Malaysia,1,9
3154,2014,Maldives,1,9
3155,2014,Mali,0,3
3156,2014,Mali,1,66
3157,2014,Malta,1,1
3158,2014,Mexico,0,1
3159,2014,Mexico,1,4
3160,2014,Mozambique,1,22
3161,2014,Myanmar,0,1
3162,2014,Myanmar,1,14
3163,2014,Nepal,0,3
3164,2014,Nepal,1,4
3165,2014,Netherlands,0,1
3166,2014,New Zealand,1,1
3167,2014,Nicaragua,1,2
3168,2014,Niger,0,1
3169,2014,Niger,1,4
3170,2014,Nigeria,0,45
3171,2014,Nigeria,1,669
3172,2014,Pakistan,0,307
3173,2014,Pakistan,1,1844
3174,2014,Paraguay,1,15
3175,2014,Peru,0,2
3176,2014,Peru,1,10
3177,2014,Philippines,0,100
3178,2014,Philippines,1,497
3179,2014,Russia,0,5
3180,2014,Russia,1,43
3181,2014,Rwanda,1,2
3182,2014,Saudi Arabia,0,1
3183,2014,Saudi Arabia,1,13
3184,2014,Senegal,1,2
3185,2014,Somalia,0,48
3186,2014,Somalia,1,824
3187,2014,South Africa,0,1
3188,2014,South Africa,1,19
3189,2014,South Sudan,0,1
3190,2014,South Sudan,1,39
3191,2014,Spain,0,1
3192,2014,Spain,1,3
3193,2014,Sri Lanka,0,1
3194,2014,Sri Lanka,1,15
3195,2014,Sudan,0,2
3196,2014,Sudan,1,155
3197,2014,Sweden,1,5
3198,2014,Syria,0,5
3199,2014,Syria,1,326
3200,2014,Taiwan,0,1
3201,2014,Tajikistan,1,1
3202,2014,Tanzania,0,1
3203,2014,Tanzania,1,10
3204,2014,Thailand,0,31
3205,2014,Thailand,1,392
3206,2014,Tunisia,0,2
3207,2014,Tunisia,1,21
3208,2014,Turkey,0,10
3209,2014,Turkey,1,84
3210,2014,Turkmenistan,1,1
3211,2014,Uganda,0,1
3212,2014,Uganda,1,5
3213,2014,Ukraine,0,94
3214,2014,Ukraine,1,801
3215,2014,United Arab Emirates,0,1
3216,2014,United Arab Emirates,1,1
3217,2014,United Kingdom,0,39
3218,2014,United Kingdom,1,64
3219,2014,United States,0,3
3220,2014,United States,1,26
3221,2014,Venezuela,1,4
3222,2014,West Bank and Gaza Strip,0,27
3223,2014,West Bank and Gaza Strip,1,106
3224,2014,Yemen,0,104
3225,2014,Yemen,1,659
3226,2014,Zimbabwe,1,1
3227,2015,Afghanistan,0,301
3228,2015,Afghanistan,1,1627
3229,2015,Albania,0,3
3230,2015,Albania,1,1
3231,2015,Algeria,0,3
3232,2015,Algeria,1,13
3233,2015,Argentina,0,1
3234,2015,Armenia,0,1
3235,2015,Armenia,1,1
3236,2015,Australia,0,1
3237,2015,Australia,1,13
3238,2015,Bahrain,0,2
3239,2015,Bahrain,1,16
3240,2015,Bangladesh,0,56
3241,2015,Bangladesh,1,413
3242,2015,Bosnia-Herzegovina,1,6
3243,2015,Brazil,0,1
3244,2015,Brazil,1,4
3245,2015,Bulgaria,1,2
3246,2015,Burkina Faso,1,6
3247,2015,Burundi,0,7
3248,2015,Burundi,1,95
3249,2015,Cameroon,0,4
3250,2015,Cameroon,1,79
3251,2015,Canada,1,5
3252,2015,Central African Republic,0,3
3253,2015,Central African Republic,1,45
3254,2015,Chad,1,27
3255,2015,Chile,1,1
3256,2015,China,0,3
3257,2015,China,1,14
3258,2015,Colombia,0,12
3259,2015,Colombia,1,124
3260,2015,Cyprus,1,3
3261,2015,Czech Republic,1,4
3262,2015,Democratic Republic of the Congo,0,7
3263,2015,Democratic Republic of the Congo,1,136
3264,2015,Denmark,1,4
3265,2015,Djibouti,1,1
3266,2015,Ecuador,1,1
3267,2015,Egypt,0,159
3268,2015,Egypt,1,488
3269,2015,Estonia,1,2
3270,2015,Ethiopia,1,7
3271,2015,Finland,0,1
3272,2015,Finland,1,8
3273,2015,France,0,2
3274,2015,France,1,35
3275,2015,Georgia,0,1
3276,2015,Germany,0,6
3277,2015,Germany,1,59
3278,2015,Greece,0,4
3279,2015,Greece,1,27
3280,2015,Guinea,0,1
3281,2015,Guinea,1,1
3282,2015,Hungary,0,1
3283,2015,India,0,221
3284,2015,India,1,663
3285,2015,Indonesia,0,4
3286,2015,Indonesia,1,25
3287,2015,Iran,0,1
3288,2015,Iran,1,8
3289,2015,Iraq,0,382
3290,2015,Iraq,1,2369
3291,2015,Ireland,0,22
3292,2015,Ireland,1,6
3293,2015,Israel,0,14
3294,2015,Israel,1,44
3295,2015,Italy,0,1
3296,2015,Italy,1,4
3297,2015,Ivory Coast,1,4
3298,2015,Japan,1,10
3299,2015,Jordan,1,4
3300,2015,Kenya,0,15
3301,2015,Kenya,1,56
3302,2015,Kosovo,1,2
3303,2015,Kuwait,1,1
3304,2015,Kyrgyzstan,0,1
3305,2015,Kyrgyzstan,1,2
3306,2015,Laos,0,1
3307,2015,Laos,1,1
3308,2015,Lebanon,0,11
3309,2015,Lebanon,1,33
3310,2015,Lesotho,1,1
3311,2015,Libya,0,54
3312,2015,Libya,1,489
3313,2015,Macedonia,1,4
3314,2015,Malaysia,1,5
3315,2015,Maldives,0,2
3316,2015,Mali,0,10
3317,2015,Mali,1,111
3318,2015,Malta,1,1
3319,2015,Mexico,0,5
3320,2015,Mexico,1,14
3321,2015,Montenegro,1,1
3322,2015,Morocco,1,1
3323,2015,Mozambique,0,3
3324,2015,Mozambique,1,5
3325,2015,Myanmar,0,1
3326,2015,Myanmar,1,36
3327,2015,Nepal,0,12
3328,2015,Nepal,1,36
3329,2015,Netherlands,0,2
3330,2015,Netherlands,1,1
3331,2015,Niger,0,4
3332,2015,Niger,1,37
3333,2015,Nigeria,0,56
3334,2015,Nigeria,1,582
3335,2015,Pakistan,0,271
3336,2015,Pakistan,1,972
3337,2015,Paraguay,0,5
3338,2015,Paraguay,1,14
3339,2015,Peru,0,3
3340,2015,Peru,1,7
3341,2015,Philippines,0,160
3342,2015,Philippines,1,561
3343,2015,Qatar,1,1
3344,2015,Russia,0,5
3345,2015,Russia,1,16
3346,2015,Saudi Arabia,0,6
3347,2015,Saudi Arabia,1,97
3348,2015,Senegal,1,2
3349,2015,Somalia,0,44
3350,2015,Somalia,1,374
3351,2015,South Africa,1,5
3352,2015,South Korea,0,1
3353,2015,South Sudan,0,9
3354,2015,South Sudan,1,45
3355,2015,Spain,1,1
3356,2015,Sri Lanka,0,2
3357,2015,Sri Lanka,1,9
3358,2015,Sudan,0,6
3359,2015,Sudan,1,152
3360,2015,Sweden,0,3
3361,2015,Sweden,1,29
3362,2015,Syria,0,16
3363,2015,Syria,1,475
3364,2015,Tajikistan,1,3
3365,2015,Tanzania,0,1
3366,2015,Tanzania,1,13
3367,2015,Thailand,0,26
3368,2015,Thailand,1,252
3369,2015,Trinidad and Tobago,0,1
3370,2015,Tunisia,0,2
3371,2015,Tunisia,1,15
3372,2015,Turkey,0,64
3373,2015,Turkey,1,358
3374,2015,Uganda,0,3
3375,2015,Uganda,1,7
3376,2015,Ukraine,0,51
3377,2015,Ukraine,1,586
3378,2015,United Kingdom,0,49
3379,2015,United Kingdom,1,65
3380,2015,United States,0,3
3381,2015,United States,1,35
3382,2015,Uzbekistan,0,1
3383,2015,Venezuela,1,3
3384,2015,West Bank and Gaza Strip,0,72
3385,2015,West Bank and Gaza Strip,1,174
3386,2015,Yemen,0,83
3387,2015,Yemen,1,581
3388,2016,Afghanistan,0,407
3389,2016,Afghanistan,1,1210
3390,2016,Albania,0,1
3391,2016,Albania,1,1
3392,2016,Algeria,0,3
3393,2016,Algeria,1,6
3394,2016,Angola,0,1
3395,2016,Angola,1,1
3396,2016,Argentina,1,2
3397,2016,Armenia,1,2
3398,2016,Australia,1,9
3399,2016,Austria,1,3
3400,2016,Azerbaijan,0,1
3401,2016,Azerbaijan,1,1
3402,2016,Bahrain,0,1
3403,2016,Bahrain,1,2
3404,2016,Bangladesh,0,2
3405,2016,Bangladesh,1,86
3406,2016,Belgium,0,1
3407,2016,Belgium,1,5
3408,2016,Brazil,1,2
3409,2016,Bulgaria,1,1
3410,2016,Burkina Faso,1,10
3411,2016,Burundi,0,8
3412,2016,Burundi,1,75
3413,2016,Cameroon,0,9
3414,2016,Cameroon,1,47
3415,2016,Canada,1,6
3416,2016,Central African Republic,0,5
3417,2016,Central African Republic,1,33
3418,2016,Chad,0,1
3419,2016,Chad,1,4
3420,2016,Chile,0,2
3421,2016,Chile,1,16
3422,2016,China,1,5
3423,2016,Colombia,0,14
3424,2016,Colombia,1,95
3425,2016,Cyprus,0,1
3426,2016,Cyprus,1,1
3427,2016,Czech Republic,0,1
3428,2016,Czech Republic,1,1
3429,2016,Democratic Republic of the Congo,0,23
3430,2016,Democratic Republic of the Congo,1,146
3431,2016,Denmark,1,1
3432,2016,Ecuador,1,2
3433,2016,Egypt,0,95
3434,2016,Egypt,1,281
3435,2016,Ethiopia,1,13
3436,2016,Finland,1,3
3437,2016,France,0,3
3438,2016,France,1,23
3439,2016,Georgia,0,1
3440,2016,Georgia,1,3
3441,2016,Germany,0,3
3442,2016,Germany,1,41
3443,2016,Ghana,0,1
3444,2016,Greece,0,7
3445,2016,Greece,1,24
3446,2016,Guinea,1,1
3447,2016,Guyana,0,1
3448,2016,Haiti,1,1
3449,2016,Honduras,1,1
3450,2016,Hungary,1,1
3451,2016,India,0,272
3452,2016,India,1,753
3453,2016,Indonesia,0,6
3454,2016,Indonesia,1,13
3455,2016,Iran,0,2
3456,2016,Iran,1,8
3457,2016,Iraq,0,727
3458,2016,Iraq,1,2633
3459,2016,Ireland,0,10
3460,2016,Ireland,1,5
3461,2016,Israel,0,7
3462,2016,Israel,1,43
3463,2016,Italy,0,5
3464,2016,Italy,1,6
3465,2016,Ivory Coast,1,1
3466,2016,Japan,1,1
3467,2016,Jordan,0,1
3468,2016,Jordan,1,8
3469,2016,Kazakhstan,1,3
3470,2016,Kenya,0,9
3471,2016,Kenya,1,56
3472,2016,Kosovo,0,3
3473,2016,Kosovo,1,5
3474,2016,Kuwait,0,1
3475,2016,Kuwait,1,1
3476,2016,Kyrgyzstan,0,2
3477,2016,Kyrgyzstan,1,2
3478,2016,Laos,1,4
3479,2016,Lebanon,0,6
3480,2016,Lebanon,1,35
3481,2016,Libya,0,54
3482,2016,Libya,1,368
3483,2016,Madagascar,1,1
3484,2016,Malaysia,0,2
3485,2016,Malaysia,1,17
3486,2016,Maldives,1,1
3487,2016,Mali,0,9
3488,2016,Mali,1,90
3489,2016,Mexico,0,1
3490,2016,Mexico,1,4
3491,2016,Moldova,0,1
3492,2016,Mozambique,0,10
3493,2016,Mozambique,1,69
3494,2016,Myanmar,0,12
3495,2016,Myanmar,1,62
3496,2016,Nepal,0,8
3497,2016,Nepal,1,35
3498,2016,Netherlands,1,6
3499,2016,New Zealand,1,1
3500,2016,Niger,0,1
3501,2016,Niger,1,24
3502,2016,Nigeria,0,38
3503,2016,Nigeria,1,495
3504,2016,Pakistan,0,196
3505,2016,Pakistan,1,668
3506,2016,Panama,1,1
3507,2016,Paraguay,0,1
3508,2016,Paraguay,1,14
3509,2016,Peru,1,3
3510,2016,Philippines,0,143
3511,2016,Philippines,1,489
3512,2016,Poland,0,1
3513,2016,Poland,1,1
3514,2016,Republic of the Congo,1,15
3515,2016,Russia,0,16
3516,2016,Russia,1,39
3517,2016,Rwanda,0,1
3518,2016,Saudi Arabia,0,26
3519,2016,Saudi Arabia,1,98
3520,2016,Sierra Leone,1,1
3521,2016,Slovak Republic,1,1
3522,2016,Somalia,0,76
3523,2016,Somalia,1,526
3524,2016,South Africa,0,3
3525,2016,South Africa,1,24
3526,2016,South Korea,1,1
3527,2016,South Sudan,0,5
3528,2016,South Sudan,1,54
3529,2016,Spain,1,3
3530,2016,Sri Lanka,1,1
3531,2016,Sudan,0,7
3532,2016,Sudan,1,166
3533,2016,Sweden,0,2
3534,2016,Sweden,1,14
3535,2016,Switzerland,0,1
3536,2016,Syria,0,20
3537,2016,Syria,1,453
3538,2016,Taiwan,1,1
3539,2016,Tajikistan,1,2
3540,2016,Tanzania,0,1
3541,2016,Tanzania,1,2
3542,2016,Thailand,0,25
3543,2016,Thailand,1,304
3544,2016,Tunisia,0,2
3545,2016,Tunisia,1,10
3546,2016,Turkey,0,61
3547,2016,Turkey,1,481
3548,2016,Uganda,0,4
3549,2016,Uganda,1,11
3550,2016,Ukraine,0,12
3551,2016,Ukraine,1,49
3552,2016,United Kingdom,0,34
3553,2016,United Kingdom,1,71
3554,2016,United States,0,7
3555,2016,United States,1,57
3556,2016,Uruguay,1,1
3557,2016,Venezuela,1,6
3558,2016,West Bank and Gaza Strip,0,71
3559,2016,West Bank and Gaza Strip,1,86
3560,2016,Yemen,0,118
3561,2016,Yemen,1,407
3562,2017,Afghanistan,0,305
3563,2017,Afghanistan,1,1109
3564,2017,Albania,1,1
3565,2017,Algeria,0,7
3566,2017,Algeria,1,7
3567,2017,Angola,1,6
3568,2017,Argentina,1,3
3569,2017,Australia,0,1
3570,2017,Australia,1,3
3571,2017,Austria,1,1
3572,2017,Azerbaijan,1,2
3573,2017,Bahrain,1,21
3574,2017,Bangladesh,0,5
3575,2017,Bangladesh,1,36
3576,2017,Belgium,0,1
3577,2017,Belgium,1,2
3578,2017,Brazil,1,2
3579,2017,Burkina Faso,0,5
3580,2017,Burkina Faso,1,27
3581,2017,Burundi,0,1
3582,2017,Burundi,1,20
3583,2017,Cameroon,0,8
3584,2017,Cameroon,1,86
3585,2017,Canada,1,12
3586,2017,Central African Republic,0,5
3587,2017,Central African Republic,1,38
3588,2017,Chad,1,6
3589,2017,Chile,0,1
3590,2017,Chile,1,11
3591,2017,China,1,6
3592,2017,Colombia,0,4
3593,2017,Colombia,1,113
3594,2017,Czech Republic,1,3
3595,2017,Democratic Republic of the Congo,0,18
3596,2017,Democratic Republic of the Congo,1,125
3597,2017,Djibouti,1,1
3598,2017,Dominican Republic,1,1
3599,2017,Ecuador,0,2
3600,2017,Ecuador,1,1
3601,2017,Egypt,0,36
3602,2017,Egypt,1,188
3603,2017,Ethiopia,0,1
3604,2017,Ethiopia,1,26
3605,2017,Finland,1,2
3606,2017,France,0,7
3607,2017,France,1,34
3608,2017,Gabon,0,1
3609,2017,Gabon,1,3
3610,2017,Georgia,0,1
3611,2017,Germany,0,6
3612,2017,Germany,1,21
3613,2017,Greece,0,10
3614,2017,Greece,1,33
3615,2017,Honduras,1,1
3616,2017,India,0,180
3617,2017,India,1,786
3618,2017,Indonesia,0,5
3619,2017,Indonesia,1,22
3620,2017,Iran,0,1
3621,2017,Iran,1,10
3622,2017,Iraq,0,711
3623,2017,Iraq,1,1755
3624,2017,Ireland,0,13
3625,2017,Ireland,1,4
3626,2017,Israel,0,9
3627,2017,Israel,1,23
3628,2017,Italy,0,1
3629,2017,Italy,1,7
3630,2017,Ivory Coast,0,5
3631,2017,Ivory Coast,1,8
3632,2017,Jamaica,1,2
3633,2017,Jordan,1,8
3634,2017,Kenya,0,5
3635,2017,Kenya,1,92
3636,2017,Kosovo,0,1
3637,2017,Kosovo,1,7
3638,2017,Kyrgyzstan,1,2
3639,2017,Laos,1,1
3640,2017,Latvia,1,1
3641,2017,Lebanon,0,6
3642,2017,Lebanon,1,17
3643,2017,Liberia,0,1
3644,2017,Libya,0,40
3645,2017,Libya,1,150
3646,2017,Macedonia,1,1
3647,2017,Malawi,1,1
3648,2017,Malaysia,0,2
3649,2017,Malaysia,1,2
3650,2017,Maldives,1,2
3651,2017,Mali,0,17
3652,2017,Mali,1,124
3653,2017,Malta,1,3
3654,2017,Mexico,0,4
3655,2017,Mexico,1,16
3656,2017,Mozambique,0,1
3657,2017,Mozambique,1,10
3658,2017,Myanmar,0,12
3659,2017,Myanmar,1,103
3660,2017,Nepal,0,136
3661,2017,Nepal,1,111
3662,2017,Netherlands,1,1
3663,2017,Niger,1,13
3664,2017,Nigeria,0,49
3665,2017,Nigeria,1,435
3666,2017,Norway,0,1
3667,2017,Pakistan,0,164
3668,2017,Pakistan,1,555
3669,2017,Papua New Guinea,0,2
3670,2017,Papua New Guinea,1,6
3671,2017,Paraguay,1,10
3672,2017,Peru,0,2
3673,2017,Peru,1,6
3674,2017,Philippines,0,131
3675,2017,Philippines,1,561
3676,2017,Poland,1,1
3677,2017,Russia,0,5
3678,2017,Russia,1,28
3679,2017,Rwanda,1,2
3680,2017,Saudi Arabia,0,13
3681,2017,Saudi Arabia,1,41
3682,2017,Serbia,1,1
3683,2017,Sierra Leone,1,3
3684,2017,Somalia,0,69
3685,2017,Somalia,1,545
3686,2017,South Africa,0,4
3687,2017,South Africa,1,25
3688,2017,South Sudan,0,16
3689,2017,South Sudan,1,38
3690,2017,Spain,1,4
3691,2017,Sri Lanka,0,3
3692,2017,Sri Lanka,1,38
3693,2017,Sudan,0,3
3694,2017,Sudan,1,103
3695,2017,Sweden,0,5
3696,2017,Sweden,1,13
3697,2017,Syria,0,20
3698,2017,Syria,1,223
3699,2017,Taiwan,1,1
3700,2017,Tajikistan,1,2
3701,2017,Tanzania,0,2
3702,2017,Tanzania,1,4
3703,2017,Thailand,0,13
3704,2017,Thailand,1,166
3705,2017,Tunisia,1,4
3706,2017,Turkey,0,37
3707,2017,Turkey,1,144
3708,2017,Uganda,0,8
3709,2017,Uganda,1,5
3710,2017,Ukraine,0,9
3711,2017,Ukraine,1,52
3712,2017,United Kingdom,0,29
3713,2017,United Kingdom,1,93
3714,2017,United States,0,5
3715,2017,United States,1,60
3716,2017,Venezuela,0,4
3717,2017,Venezuela,1,13
3718,2017,Vietnam,0,1
3719,2017,Vietnam,1,1
3720,2017,West Bank and Gaza Strip,0,33
3721,2017,West Bank and Gaza Strip,1,50
3722,2017,Yemen,0,44
3723,2017,Yemen,1,182
3724,2017,Zambia,0,1
3725,2017,Zambia,1,1
3726,2017,Zimbabwe,1,3
