,iyear,country_txt,sum_nkill,sum_wound
0,2000,Afghanistan,38.0,11.0
1,2000,Albania,0.0,0.0
2,2000,Algeria,528.0,275.0
3,2000,Angola,178.0,43.0
4,2000,Armenia,0.0,0.0
5,2000,Australia,0.0,0.0
6,2000,Azerbaijan,0.0,3.0
7,2000,Bangladesh,11.0,34.0
8,2000,Belize,0.0,0.0
9,2000,Bosnia-Herzegovina,1.0,3.0
10,2000,Brazil,0.0,0.0
11,2000,Bulgaria,4.0,0.0
12,2000,Burundi,97.0,23.0
13,2000,Cambodia,12.0,23.0
14,2000,Canada,0.0,30.0
15,2000,Central African Republic,1.0,0.0
16,2000,Chile,0.0,0.0
17,2000,China,1.0,2.0
18,2000,Colombia,426.0,181.0
19,2000,Croatia,3.0,8.0
20,2000,Cyprus,0.0,0.0
21,2000,Democratic Republic of the Congo,40.0,9.0
22,2000,East Timor,1.0,1.0
23,2000,Ecuador,0.0,1.0
24,2000,Ethiopia,3.0,0.0
25,2000,Fiji,7.0,17.0
26,2000,France,4.0,1.0
27,2000,Gambia,0.0,2.0
28,2000,Georgia,3.0,5.0
29,2000,Germany,1.0,29.0
30,2000,Greece,1.0,0.0
31,2000,Guatemala,2.0,0.0
32,2000,Guinea,206.0,32.0
33,2000,Haiti,5.0,15.0
34,2000,Hong Kong,0.0,17.0
35,2000,India,671.0,761.0
36,2000,Indonesia,146.0,336.0
37,2000,Iran,5.0,29.0
38,2000,Iraq,10.0,29.0
39,2000,Israel,11.0,119.0
40,2000,Italy,0.0,3.0
41,2000,Ivory Coast,4.0,6.0
42,2000,Japan,0.0,0.0
43,2000,Jordan,0.0,2.0
44,2000,Kazakhstan,2.0,0.0
45,2000,Kenya,26.0,5.0
46,2000,Kosovo,23.0,84.0
47,2000,Kyrgyzstan,2.0,4.0
48,2000,Laos,1.0,47.0
49,2000,Latvia,1.0,34.0
50,2000,Lebanon,12.0,12.0
51,2000,Liberia,0.0,8.0
52,2000,Macedonia,3.0,0.0
53,2000,Malaysia,2.0,0.0
54,2000,Mexico,5.0,3.0
55,2000,Moldova,0.0,0.0
56,2000,Mozambique,1.0,2.0
57,2000,Namibia,24.0,85.0
58,2000,Nepal,91.0,160.0
59,2000,Netherlands,0.0,0.0
60,2000,Nicaragua,2.0,1.0
61,2000,Nigeria,0.0,2.0
62,2000,Pakistan,118.0,448.0
63,2000,Panama,0.0,0.0
64,2000,Paraguay,0.0,3.0
65,2000,Peru,4.0,6.0
66,2000,Philippines,290.0,643.0
67,2000,Qatar,0.0,0.0
68,2000,Russia,362.0,568.0
69,2000,Rwanda,4.0,0.0
70,2000,Saudi Arabia,1.0,5.0
71,2000,Senegal,4.0,12.0
72,2000,Sierra Leone,60.0,31.0
73,2000,Slovak Republic,0.0,4.0
74,2000,Slovenia,0.0,0.0
75,2000,Solomon Islands,0.0,0.0
76,2000,Somalia,36.0,39.0
77,2000,South Africa,18.0,45.0
78,2000,Spain,29.0,93.0
79,2000,Sri Lanka,449.0,950.0
80,2000,St. Lucia,2.0,12.0
81,2000,Sudan,27.0,180.0
82,2000,Sweden,0.0,1.0
83,2000,Switzerland,0.0,0.0
84,2000,Tajikistan,11.0,77.0
85,2000,Tanzania,0.0,0.0
86,2000,Thailand,7.0,4.0
87,2000,Tunisia,5.0,0.0
88,2000,Turkey,12.0,27.0
89,2000,Uganda,297.0,90.0
90,2000,Ukraine,0.0,0.0
91,2000,United Kingdom,7.0,28.0
92,2000,United States,0.0,7.0
93,2000,West Bank and Gaza Strip,21.0,48.0
94,2000,Yemen,19.0,40.0
95,2000,Yugoslavia,5.0,9.0
96,2000,Zambia,0.0,2.0
97,2000,Zimbabwe,0.0,0.0
98,2001,Afghanistan,174.0,59.0
99,2001,Albania,0.0,0.0
100,2001,Algeria,624.0,253.0
101,2001,Angola,846.0,474.0
102,2001,Argentina,0.0,1.0
103,2001,Armenia,1.0,0.0
104,2001,Australia,0.0,0.0
105,2001,Azerbaijan,1.0,6.0
106,2001,Bangladesh,57.0,258.0
107,2001,Belarus,0.0,0.0
108,2001,Bosnia-Herzegovina,0.0,0.0
109,2001,Brazil,1.0,0.0
110,2001,Bulgaria,0.0,0.0
111,2001,Burundi,166.0,49.0
112,2001,Cambodia,4.0,13.0
113,2001,Central African Republic,7.0,0.0
114,2001,Chile,0.0,0.0
115,2001,China,7.0,37.0
116,2001,Colombia,576.0,435.0
117,2001,Costa Rica,1.0,0.0
118,2001,Croatia,0.0,0.0
119,2001,Cyprus,0.0,0.0
120,2001,Czech Republic,0.0,0.0
121,2001,Democratic Republic of the Congo,15.0,5.0
122,2001,Ecuador,0.0,0.0
123,2001,Estonia,1.0,0.0
124,2001,Fiji,0.0,0.0
125,2001,France,0.0,16.0
126,2001,Georgia,6.0,9.0
127,2001,Germany,3.0,6.0
128,2001,Greece,0.0,3.0
129,2001,Guatemala,1.0,1.0
130,2001,Guinea-Bissau,0.0,0.0
131,2001,Guyana,0.0,0.0
132,2001,Haiti,0.0,2.0
133,2001,Hong Kong,0.0,0.0
134,2001,Hungary,1.0,1.0
135,2001,India,660.0,1144.0
136,2001,Indonesia,134.0,176.0
137,2001,Iran,0.0,0.0
138,2001,Iraq,9.0,30.0
139,2001,Ireland,0.0,2.0
140,2001,Israel,141.0,905.0
141,2001,Italy,0.0,4.0
142,2001,Ivory Coast,12.0,0.0
143,2001,Japan,0.0,0.0
144,2001,Jordan,1.0,0.0
145,2001,Kazakhstan,0.0,1.0
146,2001,Kenya,13.0,8.0
147,2001,Kosovo,20.0,59.0
148,2001,Kuwait,2.0,1.0
149,2001,Kyrgyzstan,0.0,0.0
150,2001,Laos,0.0,9.0
151,2001,Lebanon,0.0,3.0
152,2001,Liberia,1.0,0.0
153,2001,Macedonia,35.0,29.0
154,2001,Malaysia,0.0,2.0
155,2001,Mexico,13.0,5.0
156,2001,Montenegro,1.0,0.0
157,2001,Myanmar,8.0,5.0
158,2001,Namibia,1.0,9.0
159,2001,Nepal,172.0,59.0
160,2001,Netherlands,0.0,3.0
161,2001,New Zealand,0.0,0.0
162,2001,Nigeria,3.0,3.0
163,2001,Norway,1.0,0.0
164,2001,Pakistan,109.0,265.0
165,2001,Peru,16.0,9.0
166,2001,Philippines,154.0,274.0
167,2001,Poland,0.0,4.0
168,2001,Qatar,1.0,0.0
169,2001,Republic of the Congo,0.0,0.0
170,2001,Russia,228.0,454.0
171,2001,Rwanda,2.0,1.0
172,2001,Saudi Arabia,2.0,7.0
173,2001,Senegal,28.0,19.0
174,2001,Somalia,3.0,0.0
175,2001,South Korea,0.0,2.0
176,2001,Spain,14.0,174.0
177,2001,Sri Lanka,195.0,503.0
178,2001,Sudan,13.0,3.0
179,2001,Switzerland,14.0,18.0
180,2001,Taiwan,2.0,18.0
181,2001,Tajikistan,8.0,11.0
182,2001,Tanzania,2.0,0.0
183,2001,Thailand,11.0,59.0
184,2001,Tunisia,3.0,0.0
185,2001,Turkey,17.0,40.0
186,2001,Uganda,56.0,83.0
187,2001,United Kingdom,8.0,33.0
188,2001,United States,3008.0,16515.0
189,2001,Venezuela,0.0,1.0
190,2001,Vietnam,0.0,0.0
191,2001,West Bank and Gaza Strip,105.0,182.0
192,2001,Yemen,2.0,3.0
193,2001,Yugoslavia,8.0,11.0
194,2001,Zimbabwe,1.0,0.0
195,2002,Afghanistan,74.0,297.0
196,2002,Algeria,615.0,320.0
197,2002,Angola,59.0,17.0
198,2002,Azerbaijan,0.0,1.0
199,2002,Bangladesh,21.0,440.0
200,2002,Belgium,0.0,0.0
201,2002,Bosnia-Herzegovina,0.0,0.0
202,2002,Brazil,0.0,0.0
203,2002,Bulgaria,1.0,0.0
204,2002,Burundi,67.0,56.0
205,2002,Cambodia,4.0,1.0
206,2002,Chad,21.0,1.0
207,2002,Chile,0.0,1.0
208,2002,China,1.0,18.0
209,2002,Colombia,356.0,648.0
210,2002,Democratic Republic of the Congo,16.0,32.0
211,2002,Ecuador,0.0,3.0
212,2002,Ethiopia,1.0,37.0
213,2002,France,0.0,4.0
214,2002,Georgia,1.0,15.0
215,2002,Germany,0.0,2.0
216,2002,Greece,0.0,2.0
217,2002,Guyana,4.0,6.0
218,2002,Haiti,0.0,1.0
219,2002,Honduras,0.0,0.0
220,2002,India,599.0,1186.0
221,2002,Indonesia,246.0,535.0
222,2002,International,1.0,12.0
223,2002,Iraq,10.0,4.0
224,2002,Israel,337.0,1519.0
225,2002,Italy,1.0,0.0
226,2002,Ivory Coast,3.0,0.0
227,2002,Japan,0.0,0.0
228,2002,Jordan,3.0,0.0
229,2002,Kenya,16.0,0.0
230,2002,Kosovo,1.0,32.0
231,2002,Kuwait,4.0,0.0
232,2002,Kyrgyzstan,2.0,1.0
233,2002,Lebanon,2.0,4.0
234,2002,Liberia,3.0,0.0
235,2002,Macedonia,3.0,4.0
236,2002,Madagascar,0.0,0.0
237,2002,Malawi,1.0,0.0
238,2002,Myanmar,5.0,33.0
239,2002,Nepal,486.0,161.0
240,2002,Netherlands,1.0,0.0
241,2002,Nigeria,28.0,11.0
242,2002,Pakistan,105.0,331.0
243,2002,Papua New Guinea,0.0,0.0
244,2002,Peru,9.0,32.0
245,2002,Philippines,125.0,342.0
246,2002,Republic of the Congo,17.0,42.0
247,2002,Russia,512.0,426.0
248,2002,Saudi Arabia,1.0,0.0
249,2002,Senegal,8.0,19.0
250,2002,Solomon Islands,1.0,0.0
251,2002,Somalia,6.0,6.0
252,2002,South Africa,1.0,1.0
253,2002,Spain,5.0,73.0
254,2002,Sri Lanka,3.0,0.0
255,2002,Sudan,589.0,23.0
256,2002,Tanzania,24.0,0.0
257,2002,Thailand,16.0,45.0
258,2002,Tunisia,21.0,30.0
259,2002,Turkey,0.0,0.0
260,2002,Turkmenistan,0.0,1.0
261,2002,Uganda,173.0,44.0
262,2002,Ukraine,1.0,2.0
263,2002,United Kingdom,2.0,13.0
264,2002,United States,4.0,11.0
265,2002,Venezuela,0.0,0.0
266,2002,West Bank and Gaza Strip,177.0,262.0
267,2002,Yemen,4.0,6.0
268,2002,Yugoslavia,0.0,0.0
269,2002,Zambia,0.0,0.0
270,2002,Zimbabwe,8.0,49.0
271,2003,Afghanistan,163.0,186.0
272,2003,Albania,0.0,0.0
273,2003,Algeria,269.0,112.0
274,2003,Argentina,0.0,0.0
275,2003,Bahrain,0.0,0.0
276,2003,Bangladesh,3.0,13.0
277,2003,Belgium,0.0,20.0
278,2003,Bolivia,0.0,0.0
279,2003,Bosnia-Herzegovina,0.0,0.0
280,2003,Brazil,0.0,0.0
281,2003,Burundi,116.0,24.0
282,2003,Cambodia,1.0,0.0
283,2003,Chile,0.0,0.0
284,2003,China,1.0,16.0
285,2003,Colombia,184.0,557.0
286,2003,Czech Republic,0.0,0.0
287,2003,Democratic Republic of the Congo,154.0,1.0
288,2003,East Timor,5.0,5.0
289,2003,Ecuador,0.0,4.0
290,2003,Ethiopia,2.0,9.0
291,2003,France,0.0,21.0
292,2003,Georgia,0.0,1.0
293,2003,Germany,0.0,0.0
294,2003,Greece,0.0,2.0
295,2003,Guatemala,1.0,5.0
296,2003,Guinea-Bissau,1.0,0.0
297,2003,Guyana,0.0,0.0
298,2003,Haiti,4.0,1.0
299,2003,India,472.0,1183.0
300,2003,Indonesia,26.0,166.0
301,2003,Iran,0.0,0.0
302,2003,Iraq,391.0,1441.0
303,2003,Ireland,0.0,0.0
304,2003,Israel,156.0,570.0
305,2003,Italy,0.0,51.0
306,2003,Japan,0.0,0.0
307,2003,Kenya,3.0,0.0
308,2003,Kosovo,7.0,4.0
309,2003,Kuwait,1.0,18.0
310,2003,Kyrgyzstan,1.0,0.0
311,2003,Laos,10.0,0.0
312,2003,Lebanon,3.0,1.0
313,2003,Liberia,2.0,0.0
314,2003,Macedonia,0.0,1.0
315,2003,Mexico,2.0,1.0
316,2003,Morocco,45.0,100.0
317,2003,Myanmar,18.0,51.0
318,2003,Nepal,22.0,34.0
319,2003,Netherlands,0.0,0.0
320,2003,New Zealand,0.0,0.0
321,2003,Nigeria,28.0,44.0
322,2003,Norway,0.0,0.0
323,2003,Pakistan,119.0,181.0
324,2003,Peru,7.0,10.0
325,2003,Philippines,288.0,531.0
326,2003,Republic of the Congo,11.0,0.0
327,2003,Russia,328.0,812.0
328,2003,Saudi Arabia,55.0,128.0
329,2003,Serbia-Montenegro,2.0,4.0
330,2003,Solomon Islands,1.0,0.0
331,2003,Somalia,7.0,0.0
332,2003,South Korea,0.0,60.0
333,2003,Spain,3.0,25.0
334,2003,Sri Lanka,23.0,7.0
335,2003,Swaziland,0.0,0.0
336,2003,Switzerland,0.0,0.0
337,2003,Thailand,6.0,6.0
338,2003,Turkey,67.0,778.0
339,2003,Uganda,231.0,72.0
340,2003,Ukraine,0.0,1.0
341,2003,United Kingdom,2.0,11.0
342,2003,United States,0.0,0.0
343,2003,Venezuela,0.0,4.0
344,2003,West Bank and Gaza Strip,60.0,95.0
345,2003,Yemen,16.0,9.0
346,2003,Zimbabwe,0.0,8.0
347,2004,Afghanistan,275.0,263.0
348,2004,Algeria,166.0,187.0
349,2004,Bangladesh,43.0,384.0
350,2004,Burundi,18.0,0.0
351,2004,Canada,0.0,0.0
352,2004,China,4.0,5.0
353,2004,Colombia,83.0,213.0
354,2004,Cyprus,0.0,0.0
355,2004,Democratic Republic of the Congo,22.0,11.0
356,2004,Djibouti,0.0,7.0
357,2004,Ecuador,0.0,0.0
358,2004,Egypt,37.0,171.0
359,2004,Ethiopia,1.0,16.0
360,2004,France,0.0,10.0
361,2004,Georgia,0.0,1.0
362,2004,Germany,1.0,25.0
363,2004,Greece,0.0,3.0
364,2004,Guatemala,3.0,0.0
365,2004,Haiti,7.0,30.0
366,2004,Honduras,28.0,14.0
367,2004,India,334.0,949.0
368,2004,Indonesia,42.0,238.0
369,2004,Iraq,2171.0,4212.0
370,2004,Israel,59.0,248.0
371,2004,Italy,1.0,0.0
372,2004,Ivory Coast,12.0,0.0
373,2004,Kosovo,0.0,5.0
374,2004,Lebanon,1.0,2.0
375,2004,Mauritania,0.0,0.0
376,2004,Mexico,0.0,3.0
377,2004,Myanmar,1.0,3.0
378,2004,Nepal,630.0,397.0
379,2004,Netherlands,1.0,2.0
380,2004,Nigeria,41.0,6.0
381,2004,Pakistan,304.0,671.0
382,2004,Peru,6.0,5.0
383,2004,Philippines,206.0,160.0
384,2004,Russia,607.0,1171.0
385,2004,Saudi Arabia,64.0,293.0
386,2004,Serbia-Montenegro,1.0,0.0
387,2004,Somalia,2.0,1.0
388,2004,Spain,193.0,1811.0
389,2004,Sri Lanka,30.0,46.0
390,2004,Sudan,28.0,13.0
391,2004,Syria,4.0,2.0
392,2004,Taiwan,0.0,2.0
393,2004,Tanzania,0.0,0.0
394,2004,Thailand,32.0,150.0
395,2004,Turkey,25.0,92.0
396,2004,Uganda,193.0,107.0
397,2004,United Kingdom,0.0,2.0
398,2004,United States,0.0,0.0
399,2004,Uzbekistan,36.0,31.0
400,2004,West Bank and Gaza Strip,31.0,60.0
401,2005,Afghanistan,367.0,411.0
402,2005,Algeria,228.0,228.0
403,2005,Argentina,0.0,0.0
404,2005,Bangladesh,44.0,404.0
405,2005,Bolivia,0.0,0.0
406,2005,Bosnia-Herzegovina,0.0,1.0
407,2005,Burundi,13.0,17.0
408,2005,China,12.0,2.0
409,2005,Colombia,145.0,106.0
410,2005,Croatia,0.0,1.0
411,2005,Democratic Republic of the Congo,31.0,36.0
412,2005,East Timor,0.0,0.0
413,2005,Egypt,92.0,117.0
414,2005,Ethiopia,9.0,37.0
415,2005,France,0.0,11.0
416,2005,Georgia,8.0,32.0
417,2005,Germany,2.0,0.0
418,2005,Greece,0.0,5.0
419,2005,Guinea,0.0,0.0
420,2005,Guinea-Bissau,3.0,15.0
421,2005,Haiti,1.0,0.0
422,2005,Hong Kong,0.0,1.0
423,2005,India,466.0,1216.0
424,2005,Indonesia,66.0,171.0
425,2005,Iran,13.0,191.0
426,2005,Iraq,3384.0,6067.0
427,2005,Israel,45.0,251.0
428,2005,Italy,1.0,7.0
429,2005,Ivory Coast,41.0,64.0
430,2005,Jordan,62.0,101.0
431,2005,Kenya,56.0,0.0
432,2005,Kosovo,1.0,0.0
433,2005,Kuwait,2.0,0.0
434,2005,Kyrgyzstan,0.0,0.0
435,2005,Lebanon,22.0,58.0
436,2005,Mali,0.0,0.0
437,2005,Mauritania,23.0,20.0
438,2005,Mexico,2.0,0.0
439,2005,Myanmar,21.0,178.0
440,2005,Nepal,211.0,249.0
441,2005,Nigeria,19.0,36.0
442,2005,Pakistan,152.0,284.0
443,2005,Peru,7.0,2.0
444,2005,Philippines,49.0,149.0
445,2005,Qatar,2.0,12.0
446,2005,Russia,157.0,350.0
447,2005,Rwanda,30.0,0.0
448,2005,Saudi Arabia,1.0,0.0
449,2005,Senegal,0.0,0.0
450,2005,Serbia-Montenegro,0.0,0.0
451,2005,Somalia,20.0,56.0
452,2005,Spain,0.0,82.0
453,2005,Sri Lanka,125.0,319.0
454,2005,Sudan,54.0,26.0
455,2005,Sweden,0.0,0.0
456,2005,Tajikistan,0.0,0.0
457,2005,Thailand,130.0,348.0
458,2005,Togo,0.0,0.0
459,2005,Trinidad and Tobago,0.0,14.0
460,2005,Turkey,35.0,140.0
461,2005,Uganda,80.0,43.0
462,2005,United Kingdom,57.0,837.0
463,2005,United States,0.0,0.0
464,2005,Uruguay,0.0,0.0
465,2005,Uzbekistan,10.0,34.0
466,2005,West Bank and Gaza Strip,20.0,48.0
467,2005,Yemen,12.0,7.0
468,2006,Afghanistan,732.0,922.0
469,2006,Algeria,185.0,266.0
470,2006,Australia,0.0,0.0
471,2006,Austria,0.0,0.0
472,2006,Bahrain,0.0,0.0
473,2006,Bangladesh,19.0,57.0
474,2006,Belarus,0.0,1.0
475,2006,Bhutan,4.0,0.0
476,2006,Bosnia-Herzegovina,0.0,0.0
477,2006,Brazil,1.0,11.0
478,2006,Burundi,21.0,54.0
479,2006,Canada,0.0,0.0
480,2006,Central African Republic,4.0,1.0
481,2006,Chad,103.0,3.0
482,2006,Chile,0.0,1.0
483,2006,Colombia,79.0,94.0
484,2006,Democratic Republic of the Congo,23.0,1.0
485,2006,Egypt,19.0,100.0
486,2006,Ethiopia,12.0,56.0
487,2006,France,1.0,3.0
488,2006,Georgia,5.0,4.0
489,2006,Germany,2.0,0.0
490,2006,Greece,0.0,2.0
491,2006,Guatemala,5.0,0.0
492,2006,Guinea-Bissau,11.0,12.0
493,2006,Guyana,6.0,0.0
494,2006,Haiti,2.0,1.0
495,2006,India,722.0,2138.0
496,2006,Indonesia,6.0,6.0
497,2006,Iran,48.0,41.0
498,2006,Iraq,4616.0,8263.0
499,2006,Ireland,1.0,0.0
500,2006,Israel,57.0,160.0
501,2006,Italy,0.0,2.0
502,2006,Ivory Coast,20.0,12.0
503,2006,Jordan,1.0,6.0
504,2006,Kenya,18.0,6.0
505,2006,Kosovo,0.0,4.0
506,2006,Kyrgyzstan,1.0,2.0
507,2006,Lebanon,17.0,10.0
508,2006,Lesotho,0.0,1.0
509,2006,Macedonia,0.0,0.0
510,2006,Madagascar,0.0,0.0
511,2006,Maldives,0.0,1.0
512,2006,Mexico,7.0,34.0
513,2006,Moldova,2.0,10.0
514,2006,Myanmar,0.0,0.0
515,2006,Nepal,133.0,93.0
516,2006,Nigeria,254.0,21.0
517,2006,Norway,0.0,0.0
518,2006,Pakistan,315.0,669.0
519,2006,Peru,7.0,0.0
520,2006,Philippines,60.0,163.0
521,2006,Russia,57.0,59.0
522,2006,Saudi Arabia,4.0,8.0
523,2006,Serbia-Montenegro,0.0,1.0
524,2006,Somalia,22.0,35.0
525,2006,South Korea,0.0,1.0
526,2006,Spain,2.0,24.0
527,2006,Sri Lanka,1012.0,1262.0
528,2006,Sudan,484.0,153.0
529,2006,Swaziland,0.0,0.0
530,2006,Sweden,0.0,0.0
531,2006,Syria,5.0,0.0
532,2006,Thailand,194.0,413.0
533,2006,Turkey,46.0,316.0
534,2006,United Kingdom,0.0,0.0
535,2006,United States,1.0,14.0
536,2006,West Bank and Gaza Strip,20.0,19.0
537,2006,Yemen,14.0,9.0
538,2006,Zimbabwe,0.0,5.0
539,2007,Afghanistan,1199.0,1152.0
540,2007,Algeria,241.0,697.0
541,2007,Armenia,0.0,0.0
542,2007,Austria,0.0,0.0
543,2007,Azerbaijan,0.0,0.0
544,2007,Bangladesh,1.0,10.0
545,2007,Belgium,0.0,0.0
546,2007,Benin,0.0,4.0
547,2007,Bolivia,0.0,0.0
548,2007,Bosnia-Herzegovina,1.0,2.0
549,2007,Burundi,3.0,2.0
550,2007,Cameroon,31.0,0.0
551,2007,Central African Republic,1.0,0.0
552,2007,Chad,136.0,138.0
553,2007,Chile,0.0,0.0
554,2007,Colombia,64.0,103.0
555,2007,Cuba,1.0,0.0
556,2007,Cyprus,0.0,0.0
557,2007,Democratic Republic of the Congo,72.0,53.0
558,2007,East Timor,1.0,0.0
559,2007,Eritrea,0.0,0.0
560,2007,Ethiopia,204.0,52.0
561,2007,Finland,9.0,13.0
562,2007,France,3.0,8.0
563,2007,Germany,1.0,1.0
564,2007,Greece,0.0,3.0
565,2007,Haiti,1.0,1.0
566,2007,India,626.0,1187.0
567,2007,Indonesia,0.0,1.0
568,2007,Iran,24.0,5.0
569,2007,Iraq,6667.0,13283.0
570,2007,Ireland,0.0,0.0
571,2007,Israel,17.0,27.0
572,2007,Ivory Coast,0.0,2.0
573,2007,Jamaica,0.0,1.0
574,2007,Kenya,33.0,48.0
575,2007,Kosovo,1.0,0.0
576,2007,Kyrgyzstan,0.0,1.0
577,2007,Latvia,0.0,1.0
578,2007,Lebanon,40.0,148.0
579,2007,Libya,0.0,0.0
580,2007,Macedonia,0.0,1.0
581,2007,Maldives,0.0,12.0
582,2007,Mali,20.0,0.0
583,2007,Mexico,25.0,6.0
584,2007,Montenegro,0.0,0.0
585,2007,Morocco,13.0,26.0
586,2007,Mozambique,6.0,3.0
587,2007,Myanmar,10.0,5.0
588,2007,Nepal,44.0,59.0
589,2007,Niger,66.0,52.0
590,2007,Nigeria,82.0,40.0
591,2007,Pakistan,1406.0,2343.0
592,2007,Papua New Guinea,0.0,0.0
593,2007,Peru,18.0,52.0
594,2007,Philippines,115.0,404.0
595,2007,Russia,55.0,140.0
596,2007,Saudi Arabia,3.0,1.0
597,2007,Senegal,1.0,13.0
598,2007,Somalia,408.0,554.0
599,2007,South Africa,1.0,1.0
600,2007,Spain,0.0,5.0
601,2007,Sri Lanka,410.0,561.0
602,2007,Sudan,317.0,111.0
603,2007,Switzerland,0.0,1.0
604,2007,Tajikistan,1.0,0.0
605,2007,Thailand,264.0,647.0
606,2007,Tunisia,14.0,0.0
607,2007,Turkey,25.0,122.0
608,2007,Uganda,2.0,1.0
609,2007,Ukraine,0.0,0.0
610,2007,United Kingdom,4.0,13.0
611,2007,United States,0.0,0.0
612,2007,Venezuela,1.0,8.0
613,2007,West Bank and Gaza Strip,112.0,351.0
614,2007,Western Sahara,0.0,3.0
615,2007,Yemen,24.0,46.0
616,2007,Zimbabwe,0.0,0.0
617,2008,Afghanistan,1092.0,1331.0
618,2008,Algeria,249.0,328.0
619,2008,Australia,0.0,0.0
620,2008,Austria,0.0,0.0
621,2008,Azerbaijan,5.0,13.0
622,2008,Bahrain,1.0,2.0
623,2008,Bangladesh,9.0,48.0
624,2008,Belarus,0.0,50.0
625,2008,Bhutan,5.0,3.0
626,2008,Bosnia-Herzegovina,2.0,10.0
627,2008,Bulgaria,0.0,0.0
628,2008,Burundi,28.0,46.0
629,2008,Cambodia,1.0,2.0
630,2008,Cameroon,3.0,0.0
631,2008,Canada,0.0,9.0
632,2008,Central African Republic,1.0,0.0
633,2008,Chad,172.0,1011.0
634,2008,Chile,0.0,0.0
635,2008,China,39.0,150.0
636,2008,Colombia,85.0,238.0
637,2008,Croatia,0.0,0.0
638,2008,Czech Republic,0.0,20.0
639,2008,Democratic Republic of the Congo,319.0,26.0
640,2008,Denmark,0.0,2.0
641,2008,East Timor,2.0,1.0
642,2008,Ecuador,0.0,3.0
643,2008,Egypt,0.0,0.0
644,2008,Eritrea,4.0,10.0
645,2008,Ethiopia,27.0,82.0
646,2008,Finland,0.0,1.0
647,2008,France,0.0,1.0
648,2008,Georgia,13.0,62.0
649,2008,Germany,0.0,2.0
650,2008,Greece,0.0,3.0
651,2008,Guyana,23.0,12.0
652,2008,Hong Kong,0.0,46.0
653,2008,Hungary,0.0,0.0
654,2008,India,824.0,1759.0
655,2008,Indonesia,0.0,0.0
656,2008,Iran,26.0,220.0
657,2008,Iraq,2864.0,6709.0
658,2008,Ireland,0.0,0.0
659,2008,Israel,34.0,240.0
660,2008,Italy,0.0,0.0
661,2008,Japan,0.0,0.0
662,2008,Kazakhstan,2.0,2.0
663,2008,Kenya,103.0,3.0
664,2008,Kosovo,0.0,5.0
665,2008,Lebanon,142.0,490.0
666,2008,Liberia,12.0,0.0
667,2008,Libya,0.0,0.0
668,2008,Macedonia,2.0,11.0
669,2008,Malaysia,0.0,0.0
670,2008,Maldives,0.0,0.0
671,2008,Mali,55.0,53.0
672,2008,Mauritania,12.0,0.0
673,2008,Mexico,21.0,104.0
674,2008,Myanmar,14.0,33.0
675,2008,Nepal,50.0,326.0
676,2008,Netherlands,0.0,0.0
677,2008,New Zealand,0.0,0.0
678,2008,Niger,6.0,6.0
679,2008,Nigeria,72.0,28.0
680,2008,Pakistan,1184.0,1901.0
681,2008,Peru,0.0,0.0
682,2008,Philippines,220.0,388.0
683,2008,Romania,0.0,1.0
684,2008,Russia,95.0,233.0
685,2008,Rwanda,0.0,4.0
686,2008,Senegal,10.0,22.0
687,2008,Serbia,2.0,0.0
688,2008,Somalia,436.0,564.0
689,2008,South Africa,0.0,0.0
690,2008,Spain,3.0,59.0
691,2008,Sri Lanka,353.0,1059.0
692,2008,Sudan,205.0,29.0
693,2008,Swaziland,0.0,0.0
694,2008,Sweden,0.0,0.0
695,2008,Syria,18.0,14.0
696,2008,Taiwan,0.0,1.0
697,2008,Tanzania,0.0,2.0
698,2008,Thailand,166.0,636.0
699,2008,Tunisia,0.0,0.0
700,2008,Turkey,42.0,274.0
701,2008,Uganda,3.0,11.0
702,2008,Ukraine,0.0,2.0
703,2008,United Kingdom,0.0,8.0
704,2008,United States,2.0,13.0
705,2008,Venezuela,1.0,0.0
706,2008,West Bank and Gaza Strip,17.0,91.0
707,2008,Yemen,74.0,177.0
708,2008,Zimbabwe,7.0,8.0
709,2009,Afghanistan,1065.0,1604.0
710,2009,Albania,0.0,0.0
711,2009,Algeria,204.0,211.0
712,2009,Angola,2.0,0.0
713,2009,Argentina,0.0,0.0
714,2009,Armenia,1.0,0.0
715,2009,Australia,0.0,0.0
716,2009,Austria,1.0,9.0
717,2009,Azerbaijan,1.0,2.0
718,2009,Bangladesh,18.0,46.0
719,2009,Belgium,0.0,0.0
720,2009,Bolivia,0.0,7.0
721,2009,Bosnia-Herzegovina,0.0,0.0
722,2009,Cameroon,0.0,0.0
723,2009,Canada,0.0,0.0
724,2009,Central African Republic,38.0,14.0
725,2009,Chad,0.0,1.0
726,2009,Chile,0.0,1.0
727,2009,China,186.0,56.0
728,2009,Colombia,107.0,226.0
729,2009,Croatia,0.0,3.0
730,2009,Czech Republic,0.0,4.0
731,2009,Democratic Republic of the Congo,824.0,155.0
732,2009,Ecuador,0.0,0.0
733,2009,Egypt,1.0,25.0
734,2009,Equatorial Guinea,1.0,3.0
735,2009,Eritrea,2.0,8.0
736,2009,Ethiopia,13.0,0.0
737,2009,France,0.0,11.0
738,2009,Georgia,5.0,21.0
739,2009,Germany,0.0,0.0
740,2009,Greece,1.0,10.0
741,2009,Guinea-Bissau,1.0,0.0
742,2009,Honduras,2.0,1.0
743,2009,Hungary,2.0,0.0
744,2009,India,774.0,854.0
745,2009,Indonesia,15.0,62.0
746,2009,Iran,97.0,83.0
747,2009,Iraq,2585.0,9389.0
748,2009,Israel,1.0,40.0
749,2009,Italy,0.0,2.0
750,2009,Japan,0.0,0.0
751,2009,Kenya,0.0,0.0
752,2009,Kosovo,0.0,0.0
753,2009,Lebanon,17.0,21.0
754,2009,Lesotho,0.0,0.0
755,2009,Macedonia,0.0,1.0
756,2009,Madagascar,2.0,0.0
757,2009,Malaysia,0.0,1.0
758,2009,Mali,30.0,0.0
759,2009,Mauritania,2.0,4.0
760,2009,Mexico,2.0,3.0
761,2009,Moldova,0.0,39.0
762,2009,Myanmar,46.0,15.0
763,2009,Nepal,20.0,135.0
764,2009,Netherlands,7.0,12.0
765,2009,Niger,18.0,3.0
766,2009,Nigeria,316.0,16.0
767,2009,Pakistan,1487.0,3541.0
768,2009,Panama,1.0,0.0
769,2009,Peru,19.0,9.0
770,2009,Philippines,151.0,354.0
771,2009,Russia,141.0,218.0
772,2009,Rwanda,4.0,52.0
773,2009,Saudi Arabia,5.0,13.0
774,2009,Senegal,9.0,4.0
775,2009,Serbia,0.0,2.0
776,2009,Somalia,381.0,605.0
777,2009,Spain,3.0,48.0
778,2009,Sri Lanka,201.0,549.0
779,2009,Sudan,77.0,36.0
780,2009,Sweden,0.0,0.0
781,2009,Tajikistan,0.0,1.0
782,2009,Thailand,270.0,460.0
783,2009,Turkey,18.0,48.0
784,2009,Uganda,11.0,0.0
785,2009,Ukraine,0.0,8.0
786,2009,United Kingdom,3.0,12.0
787,2009,United States,18.0,41.0
788,2009,Uzbekistan,3.0,6.0
789,2009,Venezuela,10.0,1.0
790,2009,West Bank and Gaza Strip,7.0,3.0
791,2009,Yemen,47.0,29.0
792,2010,Afghanistan,1157.0,1701.0
793,2010,Algeria,109.0,220.0
794,2010,Angola,4.0,7.0
795,2010,Argentina,0.0,0.0
796,2010,Australia,0.0,0.0
797,2010,Bahrain,0.0,0.0
798,2010,Bangladesh,15.0,28.0
799,2010,Belarus,0.0,0.0
800,2010,Bosnia-Herzegovina,1.0,6.0
801,2010,Burundi,14.0,55.0
802,2010,Cameroon,5.0,2.0
803,2010,Canada,0.0,0.0
804,2010,Central African Republic,46.0,23.0
805,2010,Chad,0.0,0.0
806,2010,Chile,0.0,1.0
807,2010,China,7.0,14.0
808,2010,Colombia,56.0,141.0
809,2010,Democratic Republic of the Congo,118.0,12.0
810,2010,Denmark,0.0,1.0
811,2010,Egypt,0.0,0.0
812,2010,Eritrea,17.0,20.0
813,2010,Ethiopia,8.0,20.0
814,2010,France,0.0,0.0
815,2010,Georgia,4.0,14.0
816,2010,Germany,0.0,0.0
817,2010,Greece,4.0,5.0
818,2010,India,812.0,660.0
819,2010,Indonesia,0.0,6.0
820,2010,Iran,115.0,450.0
821,2010,Iraq,2074.0,6917.0
822,2010,Ireland,0.0,8.0
823,2010,Israel,4.0,17.0
824,2010,Italy,0.0,3.0
825,2010,Ivory Coast,10.0,13.0
826,2010,Jordan,1.0,4.0
827,2010,Kenya,19.0,159.0
828,2010,Kosovo,1.0,11.0
829,2010,Kyrgyzstan,0.0,4.0
830,2010,Lebanon,2.0,6.0
831,2010,Mali,1.0,0.0
832,2010,Mauritania,1.0,0.0
833,2010,Mexico,0.0,0.0
834,2010,Myanmar,13.0,84.0
835,2010,Nepal,10.0,42.0
836,2010,Netherlands,0.0,0.0
837,2010,Niger,9.0,0.0
838,2010,Nigeria,117.0,191.0
839,2010,Norway,0.0,1.0
840,2010,Pakistan,1699.0,2961.0
841,2010,Paraguay,2.0,7.0
842,2010,Philippines,155.0,231.0
843,2010,Poland,1.0,1.0
844,2010,Russia,231.0,609.0
845,2010,Rwanda,6.0,85.0
846,2010,Senegal,3.0,2.0
847,2010,Serbia,0.0,4.0
848,2010,Somalia,295.0,395.0
849,2010,Spain,0.0,0.0
850,2010,Sri Lanka,2.0,4.0
851,2010,Sudan,81.0,86.0
852,2010,Sweden,1.0,2.0
853,2010,Tajikistan,4.0,25.0
854,2010,Tanzania,0.0,0.0
855,2010,Thailand,154.0,313.0
856,2010,Trinidad and Tobago,0.0,0.0
857,2010,Turkey,13.0,7.0
858,2010,Uganda,75.0,71.0
859,2010,Ukraine,1.0,8.0
860,2010,United Arab Emirates,0.0,1.0
861,2010,United Kingdom,0.0,22.0
862,2010,United States,4.0,17.0
863,2010,West Bank and Gaza Strip,0.0,16.0
864,2010,Yemen,345.0,233.0
865,2010,Zimbabwe,1.0,1.0
866,2011,Afghanistan,1525.0,1941.0
867,2011,Algeria,25.0,34.0
868,2011,Argentina,0.0,0.0
869,2011,Austria,0.0,0.0
870,2011,Bahrain,0.0,0.0
871,2011,Bangladesh,9.0,6.0
872,2011,Belarus,13.0,161.0
873,2011,Bhutan,0.0,2.0
874,2011,Bosnia-Herzegovina,0.0,1.0
875,2011,Bulgaria,0.0,0.0
876,2011,Burundi,47.0,30.0
877,2011,Cameroon,4.0,0.0
878,2011,Central African Republic,35.0,3.0
879,2011,Chile,0.0,1.0
880,2011,China,19.0,32.0
881,2011,Colombia,43.0,85.0
882,2011,Czech Republic,0.0,0.0
883,2011,Democratic Republic of the Congo,50.0,8.0
884,2011,Ecuador,0.0,0.0
885,2011,Egypt,28.0,109.0
886,2011,Eritrea,17.0,5.0
887,2011,Estonia,1.0,0.0
888,2011,Ethiopia,2.0,3.0
889,2011,France,0.0,4.0
890,2011,Georgia,1.0,1.0
891,2011,Germany,2.0,2.0
892,2011,Greece,0.0,5.0
893,2011,Honduras,2.0,0.0
894,2011,India,499.0,730.0
895,2011,Indonesia,20.0,70.0
896,2011,Iran,18.0,13.0
897,2011,Iraq,1870.0,5041.0
898,2011,Ireland,1.0,0.0
899,2011,Israel,21.0,77.0
900,2011,Italy,2.0,5.0
901,2011,Ivory Coast,23.0,3.0
902,2011,Kazakhstan,12.0,2.0
903,2011,Kenya,42.0,112.0
904,2011,Kosovo,0.0,0.0
905,2011,Kuwait,0.0,0.0
906,2011,Kyrgyzstan,0.0,0.0
907,2011,Lebanon,1.0,23.0
908,2011,Libya,0.0,2.0
909,2011,Madagascar,0.0,0.0
910,2011,Mali,5.0,2.0
911,2011,Mauritania,1.0,4.0
912,2011,Mexico,0.0,1.0
913,2011,Morocco,17.0,24.0
914,2011,Myanmar,0.0,0.0
915,2011,Nepal,16.0,80.0
916,2011,Netherlands,0.0,0.0
917,2011,Niger,4.0,6.0
918,2011,Nigeria,447.0,619.0
919,2011,Norway,77.0,75.0
920,2011,Pakistan,1676.0,2649.0
921,2011,Paraguay,0.0,4.0
922,2011,Philippines,127.0,225.0
923,2011,Portugal,0.0,0.0
924,2011,Russia,160.0,433.0
925,2011,Rwanda,2.0,49.0
926,2011,Saudi Arabia,3.0,15.0
927,2011,Senegal,21.0,6.0
928,2011,Somalia,344.0,640.0
929,2011,Sudan,193.0,123.0
930,2011,Sweden,0.0,0.0
931,2011,Switzerland,0.0,2.0
932,2011,Syria,163.0,215.0
933,2011,Thailand,152.0,435.0
934,2011,Tunisia,4.0,0.0
935,2011,Turkey,25.0,110.0
936,2011,Ukraine,0.0,0.0
937,2011,United Kingdom,1.0,3.0
938,2011,United States,0.0,2.0
939,2011,West Bank and Gaza Strip,15.0,11.0
940,2011,Yemen,461.0,415.0
941,2011,Zimbabwe,0.0,0.0
942,2012,Afghanistan,3521.0,4661.0
943,2012,Algeria,30.0,105.0
944,2012,Argentina,0.0,0.0
945,2012,Bahrain,4.0,37.0
946,2012,Bangladesh,8.0,32.0
947,2012,Belarus,0.0,0.0
948,2012,Belgium,1.0,1.0
949,2012,Bolivia,0.0,2.0
950,2012,Brazil,1.0,0.0
951,2012,Bulgaria,8.0,30.0
952,2012,Burundi,6.0,22.0
953,2012,Canada,0.0,0.0
954,2012,Central African Republic,14.0,16.0
955,2012,Chile,0.0,0.0
956,2012,China,27.0,38.0
957,2012,Colombia,168.0,456.0
958,2012,Cyprus,0.0,0.0
959,2012,Democratic Republic of the Congo,288.0,165.0
960,2012,Ecuador,0.0,0.0
961,2012,Egypt,44.0,87.0
962,2012,Ethiopia,25.0,8.0
963,2012,France,8.0,8.0
964,2012,Georgia,1.0,2.0
965,2012,Germany,0.0,0.0
966,2012,Greece,0.0,3.0
967,2012,Guatemala,2.0,1.0
968,2012,Guinea-Bissau,1.0,0.0
969,2012,Iceland,0.0,0.0
970,2012,India,264.0,651.0
971,2012,Indonesia,15.0,20.0
972,2012,Iran,12.0,11.0
973,2012,Iraq,2686.0,6995.0
974,2012,Ireland,0.0,0.0
975,2012,Israel,14.0,90.0
976,2012,Italy,0.0,1.0
977,2012,Ivory Coast,45.0,11.0
978,2012,Jordan,1.0,16.0
979,2012,Kazakhstan,2.0,3.0
980,2012,Kenya,107.0,421.0
981,2012,Kosovo,3.0,4.0
982,2012,Laos,0.0,0.0
983,2012,Lebanon,9.0,92.0
984,2012,Liberia,0.0,0.0
985,2012,Libya,33.0,37.0
986,2012,Macedonia,5.0,0.0
987,2012,Madagascar,0.0,3.0
988,2012,Malaysia,2.0,1.0
989,2012,Maldives,0.0,1.0
990,2012,Mali,53.0,45.0
991,2012,Mexico,17.0,8.0
992,2012,Moldova,0.0,0.0
993,2012,Mozambique,1.0,4.0
994,2012,Myanmar,16.0,10.0
995,2012,Nepal,9.0,29.0
996,2012,Niger,1.0,0.0
997,2012,Nigeria,1508.0,913.0
998,2012,Pakistan,2784.0,4265.0
999,2012,Paraguay,1.0,2.0
1000,2012,Peru,10.0,8.0
1001,2012,Philippines,211.0,440.0
1002,2012,Russia,161.0,260.0
1003,2012,Rwanda,10.0,40.0
1004,2012,Saudi Arabia,4.0,10.0
1005,2012,Senegal,16.0,40.0
1006,2012,Serbia,1.0,2.0
1007,2012,Somalia,783.0,727.0
1008,2012,South Africa,5.0,4.0
1009,2012,South Sudan,68.0,22.0
1010,2012,Spain,0.0,0.0
1011,2012,Sri Lanka,0.0,1.0
1012,2012,Sudan,60.0,95.0
1013,2012,Sweden,0.0,0.0
1014,2012,Syria,877.0,1927.0
1015,2012,Tajikistan,3.0,6.0
1016,2012,Thailand,209.0,1055.0
1017,2012,Tunisia,4.0,46.0
1018,2012,Turkey,247.0,463.0
1019,2012,Uganda,5.0,0.0
1020,2012,Ukraine,1.0,36.0
1021,2012,United Kingdom,2.0,2.0
1022,2012,United States,7.0,7.0
1023,2012,Venezuela,0.0,2.0
1024,2012,West Bank and Gaza Strip,12.0,20.0
1025,2012,Yemen,1056.0,925.0
1026,2013,Afghanistan,3709.0,4322.0
1027,2013,Albania,0.0,0.0
1028,2013,Algeria,101.0,48.0
1029,2013,Argentina,0.0,2.0
1030,2013,Armenia,0.0,1.0
1031,2013,Australia,0.0,0.0
1032,2013,Austria,0.0,2.0
1033,2013,Bahamas,0.0,0.0
1034,2013,Bahrain,3.0,39.0
1035,2013,Bangladesh,16.0,117.0
1036,2013,Belize,0.0,0.0
1037,2013,Bosnia-Herzegovina,0.0,0.0
1038,2013,Brazil,2.0,0.0
1039,2013,Bulgaria,0.0,0.0
1040,2013,Burkina Faso,1.0,0.0
1041,2013,Burundi,5.0,12.0
1042,2013,Cambodia,0.0,0.0
1043,2013,Cameroon,7.0,0.0
1044,2013,Canada,0.0,0.0
1045,2013,Central African Republic,120.0,71.0
1046,2013,Chile,2.0,1.0
1047,2013,China,60.0,71.0
1048,2013,Colombia,137.0,263.0
1049,2013,Croatia,0.0,1.0
1050,2013,Cyprus,0.0,0.0
1051,2013,Czech Republic,1.0,0.0
1052,2013,Democratic Republic of the Congo,150.0,72.0
1053,2013,Denmark,0.0,0.0
1054,2013,Dominican Republic,0.0,0.0
1055,2013,Ecuador,1.0,0.0
1056,2013,Egypt,243.0,623.0
1057,2013,Ethiopia,17.0,0.0
1058,2013,France,0.0,5.0
1059,2013,Georgia,2.0,0.0
1060,2013,Greece,3.0,7.0
1061,2013,Guatemala,4.0,3.0
1062,2013,Guinea,0.0,0.0
1063,2013,Honduras,5.0,0.0
1064,2013,India,467.0,771.0
1065,2013,Indonesia,23.0,16.0
1066,2013,Iran,39.0,17.0
1067,2013,Iraq,7041.0,15710.0
1068,2013,Ireland,0.0,2.0
1069,2013,Israel,2.0,8.0
1070,2013,Italy,0.0,4.0
1071,2013,Ivory Coast,4.0,3.0
1072,2013,Japan,0.0,0.0
1073,2013,Jordan,0.0,0.0
1074,2013,Kazakhstan,0.0,1.0
1075,2013,Kenya,207.0,446.0
1076,2013,Kosovo,1.0,4.0
1077,2013,Lebanon,190.0,1048.0
1078,2013,Libya,232.0,618.0
1079,2013,Madagascar,0.0,0.0
1080,2013,Malaysia,2.0,1.0
1081,2013,Maldives,0.0,2.0
1082,2013,Mali,137.0,138.0
1083,2013,Mexico,47.0,110.0
1084,2013,Montenegro,0.0,0.0
1085,2013,Mozambique,37.0,80.0
1086,2013,Myanmar,11.0,29.0
1087,2013,Nepal,3.0,88.0
1088,2013,Niger,26.0,33.0
1089,2013,Nigeria,2014.0,528.0
1090,2013,Pakistan,2875.0,5769.0
1091,2013,Paraguay,12.0,15.0
1092,2013,Peru,6.0,4.0
1093,2013,Philippines,432.0,666.0
1094,2013,Republic of the Congo,2.0,5.0
1095,2013,Russia,148.0,288.0
1096,2013,Rwanda,6.0,62.0
1097,2013,Saudi Arabia,1.0,2.0
1098,2013,Senegal,7.0,1.0
1099,2013,Somalia,660.0,604.0
1100,2013,South Africa,2.0,5.0
1101,2013,South Sudan,226.0,113.0
1102,2013,Spain,0.0,1.0
1103,2013,Sri Lanka,0.0,29.0
1104,2013,Sudan,220.0,150.0
1105,2013,Switzerland,0.0,0.0
1106,2013,Syria,1568.0,2237.0
1107,2013,Taiwan,0.0,0.0
1108,2013,Tanzania,8.0,83.0
1109,2013,Thailand,255.0,680.0
1110,2013,Trinidad and Tobago,0.0,0.0
1111,2013,Tunisia,25.0,28.0
1112,2013,Turkey,83.0,192.0
1113,2013,Ukraine,1.0,3.0
1114,2013,United Arab Emirates,0.0,0.0
1115,2013,United Kingdom,4.0,64.0
1116,2013,United States,23.0,436.0
1117,2013,Venezuela,0.0,7.0
1118,2013,West Bank and Gaza Strip,12.0,27.0
1119,2013,Yemen,624.0,899.0
1120,2013,Zimbabwe,1.0,1.0
1121,2014,Afghanistan,5414.0,5111.0
1122,2014,Albania,1.0,2.0
1123,2014,Algeria,37.0,30.0
1124,2014,Argentina,0.0,0.0
1125,2014,Australia,4.0,7.0
1126,2014,Azerbaijan,0.0,1.0
1127,2014,Bahrain,9.0,39.0
1128,2014,Bangladesh,38.0,114.0
1129,2014,Belgium,4.0,3.0
1130,2014,Bhutan,0.0,0.0
1131,2014,Bosnia-Herzegovina,0.0,4.0
1132,2014,Brazil,2.0,0.0
1133,2014,Bulgaria,0.0,0.0
1134,2014,Burundi,4.0,1.0
1135,2014,Cameroon,789.0,19.0
1136,2014,Canada,7.0,6.0
1137,2014,Central African Republic,751.0,298.0
1138,2014,Chad,6.0,0.0
1139,2014,Chile,1.0,26.0
1140,2014,China,322.0,478.0
1141,2014,Colombia,143.0,314.0
1142,2014,Cyprus,0.0,0.0
1143,2014,Czech Republic,1.0,1.0
1144,2014,Democratic Republic of the Congo,366.0,170.0
1145,2014,Djibouti,5.0,15.0
1146,2014,Dominican Republic,0.0,35.0
1147,2014,Egypt,343.0,548.0
1148,2014,Ethiopia,9.0,6.0
1149,2014,France,1.0,15.0
1150,2014,Georgia,0.0,1.0
1151,2014,Germany,0.0,0.0
1152,2014,Ghana,0.0,3.0
1153,2014,Greece,0.0,4.0
1154,2014,Honduras,0.0,1.0
1155,2014,Hungary,0.0,0.0
1156,2014,Iceland,0.0,0.0
1157,2014,India,490.0,776.0
1158,2014,Indonesia,20.0,30.0
1159,2014,Iran,13.0,5.0
1160,2014,Iraq,13965.0,16804.0
1161,2014,Ireland,0.0,1.0
1162,2014,Israel,49.0,152.0
1163,2014,Italy,0.0,3.0
1164,2014,Ivory Coast,4.0,0.0
1165,2014,Jamaica,0.0,1.0
1166,2014,Japan,0.0,0.0
1167,2014,Jordan,1.0,7.0
1168,2014,Kenya,315.0,408.0
1169,2014,Kosovo,2.0,3.0
1170,2014,Kyrgyzstan,1.0,1.0
1171,2014,Lebanon,134.0,532.0
1172,2014,Liberia,0.0,0.0
1173,2014,Libya,694.0,895.0
1174,2014,Macedonia,0.0,5.0
1175,2014,Madagascar,1.0,31.0
1176,2014,Malaysia,1.0,4.0
1177,2014,Maldives,0.0,0.0
1178,2014,Mali,125.0,225.0
1179,2014,Malta,0.0,0.0
1180,2014,Mexico,1.0,2.0
1181,2014,Mozambique,22.0,60.0
1182,2014,Myanmar,17.0,43.0
1183,2014,Nepal,0.0,7.0
1184,2014,Netherlands,0.0,0.0
1185,2014,New Zealand,0.0,0.0
1186,2014,Nicaragua,5.0,28.0
1187,2014,Niger,11.0,9.0
1188,2014,Nigeria,7781.0,2283.0
1189,2014,Pakistan,2413.0,3388.0
1190,2014,Paraguay,6.0,2.0
1191,2014,Peru,4.0,12.0
1192,2014,Philippines,472.0,723.0
1193,2014,Russia,67.0,88.0
1194,2014,Rwanda,1.0,16.0
1195,2014,Saudi Arabia,20.0,23.0
1196,2014,Senegal,7.0,3.0
1197,2014,Somalia,1589.0,780.0
1198,2014,South Africa,9.0,8.0
1199,2014,South Sudan,908.0,602.0
1200,2014,Spain,0.0,0.0
1201,2014,Sri Lanka,3.0,65.0
1202,2014,Sudan,546.0,320.0
1203,2014,Sweden,0.0,1.0
1204,2014,Syria,3312.0,2014.0
1205,2014,Taiwan,0.0,0.0
1206,2014,Tajikistan,1.0,2.0
1207,2014,Tanzania,4.0,43.0
1208,2014,Thailand,192.0,651.0
1209,2014,Tunisia,43.0,64.0
1210,2014,Turkey,39.0,89.0
1211,2014,Turkmenistan,3.0,2.0
1212,2014,Uganda,98.0,16.0
1213,2014,Ukraine,1396.0,1226.0
1214,2014,United Arab Emirates,1.0,0.0
1215,2014,United Kingdom,0.0,4.0
1216,2014,United States,26.0,19.0
1217,2014,Venezuela,1.0,1.0
1218,2014,West Bank and Gaza Strip,67.0,94.0
1219,2014,Yemen,1353.0,1305.0
1220,2014,Zimbabwe,0.0,0.0
1221,2015,Afghanistan,6216.0,6987.0
1222,2015,Albania,0.0,0.0
1223,2015,Algeria,21.0,19.0
1224,2015,Argentina,0.0,0.0
1225,2015,Armenia,0.0,1.0
1226,2015,Australia,2.0,0.0
1227,2015,Bahrain,5.0,22.0
1228,2015,Bangladesh,86.0,720.0
1229,2015,Bosnia-Herzegovina,4.0,6.0
1230,2015,Brazil,3.0,0.0
1231,2015,Bulgaria,0.0,0.0
1232,2015,Burkina Faso,16.0,132.0
1233,2015,Burundi,223.0,220.0
1234,2015,Cameroon,931.0,463.0
1235,2015,Canada,0.0,2.0
1236,2015,Central African Republic,171.0,91.0
1237,2015,Chad,306.0,427.0
1238,2015,Chile,0.0,0.0
1239,2015,China,123.0,83.0
1240,2015,Colombia,104.0,138.0
1241,2015,Cyprus,0.0,0.0
1242,2015,Czech Republic,0.0,0.0
1243,2015,Democratic Republic of the Congo,371.0,244.0
1244,2015,Denmark,2.0,5.0
1245,2015,Djibouti,0.0,0.0
1246,2015,Ecuador,0.0,0.0
1247,2015,Egypt,829.0,1047.0
1248,2015,Estonia,0.0,0.0
1249,2015,Ethiopia,48.0,43.0
1250,2015,Finland,0.0,1.0
1251,2015,France,162.0,443.0
1252,2015,Georgia,0.0,0.0
1253,2015,Germany,1.0,47.0
1254,2015,Greece,1.0,2.0
1255,2015,Guinea,1.0,4.0
1256,2015,Hungary,0.0,0.0
1257,2015,India,387.0,649.0
1258,2015,Indonesia,22.0,17.0
1259,2015,Iran,38.0,11.0
1260,2015,Iraq,8885.0,13326.0
1261,2015,Ireland,0.0,0.0
1262,2015,Israel,20.0,118.0
1263,2015,Italy,0.0,1.0
1264,2015,Ivory Coast,14.0,10.0
1265,2015,Japan,0.0,0.0
1266,2015,Jordan,7.0,11.0
1267,2015,Kenya,281.0,205.0
1268,2015,Kosovo,0.0,0.0
1269,2015,Kuwait,28.0,227.0
1270,2015,Kyrgyzstan,1.0,1.0
1271,2015,Laos,0.0,0.0
1272,2015,Lebanon,111.0,347.0
1273,2015,Lesotho,1.0,2.0
1274,2015,Libya,689.0,841.0
1275,2015,Macedonia,0.0,2.0
1276,2015,Malaysia,1.0,1.0
1277,2015,Maldives,0.0,3.0
1278,2015,Mali,269.0,251.0
1279,2015,Malta,0.0,0.0
1280,2015,Mexico,9.0,10.0
1281,2015,Montenegro,0.0,0.0
1282,2015,Morocco,0.0,0.0
1283,2015,Mozambique,12.0,3.0
1284,2015,Myanmar,60.0,153.0
1285,2015,Nepal,0.0,11.0
1286,2015,Netherlands,0.0,0.0
1287,2015,Niger,666.0,116.0
1288,2015,Nigeria,5559.0,2863.0
1289,2015,Pakistan,1608.0,1849.0
1290,2015,Paraguay,14.0,0.0
1291,2015,Peru,6.0,7.0
1292,2015,Philippines,447.0,752.0
1293,2015,Qatar,0.0,1.0
1294,2015,Russia,21.0,24.0
1295,2015,Saudi Arabia,213.0,281.0
1296,2015,Senegal,0.0,4.0
1297,2015,Somalia,1447.0,806.0
1298,2015,South Africa,5.0,32.0
1299,2015,South Korea,0.0,1.0
1300,2015,South Sudan,218.0,137.0
1301,2015,Spain,0.0,0.0
1302,2015,Sri Lanka,3.0,14.0
1303,2015,Sudan,210.0,329.0
1304,2015,Sweden,4.0,4.0
1305,2015,Syria,3924.0,2978.0
1306,2015,Tajikistan,12.0,10.0
1307,2015,Tanzania,10.0,14.0
1308,2015,Thailand,116.0,463.0
1309,2015,Trinidad and Tobago,0.0,0.0
1310,2015,Tunisia,103.0,121.0
1311,2015,Turkey,490.0,1103.0
1312,2015,Uganda,4.0,1.0
1313,2015,Ukraine,765.0,1401.0
1314,2015,United Kingdom,1.0,23.0
1315,2015,United States,54.0,58.0
1316,2015,Uzbekistan,0.0,0.0
1317,2015,Venezuela,1.0,0.0
1318,2015,West Bank and Gaza Strip,117.0,239.0
1319,2015,Yemen,2374.0,3065.0
1320,2016,Afghanistan,6142.0,6485.0
1321,2016,Albania,0.0,0.0
1322,2016,Algeria,9.0,2.0
1323,2016,Angola,0.0,0.0
1324,2016,Argentina,0.0,2.0
1325,2016,Armenia,6.0,1.0
1326,2016,Australia,0.0,1.0
1327,2016,Austria,0.0,0.0
1328,2016,Azerbaijan,1.0,1.0
1329,2016,Bahrain,1.0,2.0
1330,2016,Bangladesh,76.0,90.0
1331,2016,Belgium,36.0,276.0
1332,2016,Brazil,1.0,0.0
1333,2016,Bulgaria,0.0,1.0
1334,2016,Burkina Faso,62.0,40.0
1335,2016,Burundi,74.0,213.0
1336,2016,Cameroon,269.0,324.0
1337,2016,Canada,1.0,34.0
1338,2016,Central African Republic,189.0,174.0
1339,2016,Chad,22.0,68.0
1340,2016,Chile,2.0,4.0
1341,2016,China,13.0,18.0
1342,2016,Colombia,52.0,72.0
1343,2016,Cyprus,0.0,0.0
1344,2016,Czech Republic,0.0,1.0
1345,2016,Democratic Republic of the Congo,532.0,176.0
1346,2016,Denmark,1.0,3.0
1347,2016,Ecuador,1.0,14.0
1348,2016,Egypt,609.0,633.0
1349,2016,Ethiopia,279.0,83.0
1350,2016,Finland,0.0,0.0
1351,2016,France,95.0,470.0
1352,2016,Georgia,1.0,7.0
1353,2016,Germany,27.0,117.0
1354,2016,Ghana,0.0,0.0
1355,2016,Greece,66.0,2.0
1356,2016,Guinea,1.0,0.0
1357,2016,Guyana,0.0,0.0
1358,2016,Haiti,7.0,0.0
1359,2016,Honduras,2.0,0.0
1360,2016,Hungary,0.0,2.0
1361,2016,India,467.0,788.0
1362,2016,Indonesia,22.0,35.0
1363,2016,Iran,12.0,8.0
1364,2016,Iraq,12207.0,14288.0
1365,2016,Ireland,2.0,3.0
1366,2016,Israel,16.0,175.0
1367,2016,Italy,1.0,1.0
1368,2016,Ivory Coast,22.0,33.0
1369,2016,Japan,19.0,26.0
1370,2016,Jordan,35.0,65.0
1371,2016,Kazakhstan,10.0,11.0
1372,2016,Kenya,72.0,69.0
1373,2016,Kosovo,0.0,0.0
1374,2016,Kuwait,1.0,1.0
1375,2016,Kyrgyzstan,1.0,5.0
1376,2016,Laos,3.0,15.0
1377,2016,Lebanon,25.0,74.0
1378,2016,Libya,634.0,744.0
1379,2016,Madagascar,3.0,91.0
1380,2016,Malaysia,6.0,9.0
1381,2016,Maldives,0.0,3.0
1382,2016,Mali,181.0,220.0
1383,2016,Mexico,4.0,0.0
1384,2016,Moldova,0.0,0.0
1385,2016,Mozambique,62.0,84.0
1386,2016,Myanmar,73.0,58.0
1387,2016,Nepal,5.0,15.0
1388,2016,Netherlands,1.0,3.0
1389,2016,New Zealand,0.0,0.0
1390,2016,Niger,190.0,143.0
1391,2016,Nigeria,2165.0,1162.0
1392,2016,Pakistan,1113.0,1894.0
1393,2016,Panama,0.0,0.0
1394,2016,Paraguay,10.0,2.0
1395,2016,Peru,11.0,7.0
1396,2016,Philippines,415.0,718.0
1397,2016,Poland,0.0,1.0
1398,2016,Republic of the Congo,31.0,1.0
1399,2016,Russia,64.0,61.0
1400,2016,Rwanda,0.0,0.0
1401,2016,Saudi Arabia,162.0,196.0
1402,2016,Sierra Leone,1.0,0.0
1403,2016,Slovak Republic,0.0,1.0
1404,2016,Somalia,1583.0,1325.0
1405,2016,South Africa,21.0,11.0
1406,2016,South Korea,0.0,0.0
1407,2016,South Sudan,633.0,191.0
1408,2016,Spain,0.0,4.0
1409,2016,Sri Lanka,0.0,2.0
1410,2016,Sudan,182.0,213.0
1411,2016,Sweden,0.0,1.0
1412,2016,Switzerland,0.0,0.0
1413,2016,Syria,2810.0,2982.0
1414,2016,Taiwan,0.0,0.0
1415,2016,Tajikistan,2.0,0.0
1416,2016,Tanzania,3.0,2.0
1417,2016,Thailand,120.0,385.0
1418,2016,Tunisia,71.0,26.0
1419,2016,Turkey,1006.0,2772.0
1420,2016,Uganda,75.0,19.0
1421,2016,Ukraine,48.0,40.0
1422,2016,United Kingdom,9.0,20.0
1423,2016,United States,68.0,139.0
1424,2016,Uruguay,1.0,1.0
1425,2016,Venezuela,9.0,77.0
1426,2016,West Bank and Gaza Strip,90.0,124.0
1427,2016,Yemen,1517.0,1341.0
1428,2017,Afghanistan,6092.0,6027.0
1429,2017,Albania,0.0,0.0
1430,2017,Algeria,12.0,19.0
1431,2017,Angola,7.0,411.0
1432,2017,Argentina,0.0,0.0
1433,2017,Australia,4.0,21.0
1434,2017,Austria,2.0,0.0
1435,2017,Azerbaijan,5.0,2.0
1436,2017,Bahrain,6.0,26.0
1437,2017,Bangladesh,25.0,73.0
1438,2017,Belgium,2.0,2.0
1439,2017,Brazil,0.0,0.0
1440,2017,Burkina Faso,53.0,45.0
1441,2017,Burundi,20.0,127.0
1442,2017,Cameroon,228.0,243.0
1443,2017,Canada,6.0,25.0
1444,2017,Central African Republic,601.0,239.0
1445,2017,Chad,62.0,1.0
1446,2017,Chile,0.0,2.0
1447,2017,China,16.0,76.0
1448,2017,Colombia,84.0,117.0
1449,2017,Czech Republic,0.0,0.0
1450,2017,Democratic Republic of the Congo,596.0,193.0
1451,2017,Djibouti,0.0,0.0
1452,2017,Dominican Republic,2.0,1.0
1453,2017,Ecuador,0.0,0.0
1454,2017,Egypt,877.0,626.0
1455,2017,Ethiopia,67.0,53.0
1456,2017,Finland,2.0,10.0
1457,2017,France,7.0,28.0
1458,2017,Gabon,0.0,2.0
1459,2017,Georgia,0.0,5.0
1460,2017,Germany,1.0,10.0
1461,2017,Greece,0.0,7.0
1462,2017,Honduras,2.0,0.0
1463,2017,India,465.0,702.0
1464,2017,Indonesia,20.0,27.0
1465,2017,Iran,39.0,67.0
1466,2017,Iraq,6476.0,4916.0
1467,2017,Ireland,0.0,0.0
1468,2017,Israel,3.0,15.0
1469,2017,Italy,0.0,8.0
1470,2017,Ivory Coast,3.0,2.0
1471,2017,Jamaica,0.0,0.0
1472,2017,Jordan,4.0,1.0
1473,2017,Kenya,126.0,97.0
1474,2017,Kosovo,0.0,4.0
1475,2017,Kyrgyzstan,0.0,0.0
1476,2017,Laos,1.0,0.0
1477,2017,Latvia,0.0,0.0
1478,2017,Lebanon,17.0,49.0
1479,2017,Liberia,0.0,0.0
1480,2017,Libya,289.0,171.0
1481,2017,Macedonia,0.0,0.0
1482,2017,Malawi,0.0,0.0
1483,2017,Malaysia,4.0,2.0
1484,2017,Maldives,1.0,0.0
1485,2017,Mali,361.0,347.0
1486,2017,Malta,1.0,0.0
1487,2017,Mexico,23.0,6.0
1488,2017,Mozambique,22.0,11.0
1489,2017,Myanmar,218.0,35.0
1490,2017,Nepal,4.0,94.0
1491,2017,Netherlands,0.0,0.0
1492,2017,Niger,148.0,72.0
1493,2017,Nigeria,1805.0,1031.0
1494,2017,Norway,0.0,0.0
1495,2017,Pakistan,1076.0,2091.0
1496,2017,Papua New Guinea,0.0,3.0
1497,2017,Paraguay,4.0,1.0
1498,2017,Peru,8.0,4.0
1499,2017,Philippines,496.0,674.0
1500,2017,Poland,0.0,0.0
1501,2017,Russia,61.0,114.0
1502,2017,Rwanda,2.0,8.0
1503,2017,Saudi Arabia,31.0,69.0
1504,2017,Serbia,0.0,1.0
1505,2017,Sierra Leone,0.0,0.0
1506,2017,Somalia,1912.0,1287.0
1507,2017,South Africa,21.0,7.0
1508,2017,South Sudan,581.0,258.0
1509,2017,Spain,21.0,111.0
1510,2017,Sri Lanka,1.0,3.0
1511,2017,Sudan,82.0,176.0
1512,2017,Sweden,5.0,32.0
1513,2017,Syria,2026.0,1303.0
1514,2017,Taiwan,0.0,1.0
1515,2017,Tajikistan,1.0,0.0
1516,2017,Tanzania,8.0,4.0
1517,2017,Thailand,72.0,270.0
1518,2017,Tunisia,5.0,5.0
1519,2017,Turkey,222.0,328.0
1520,2017,Uganda,7.0,2.0
1521,2017,Ukraine,40.0,64.0
1522,2017,United Kingdom,42.0,301.0
1523,2017,United States,95.0,932.0
1524,2017,Venezuela,5.0,32.0
1525,2017,Vietnam,0.0,0.0
1526,2017,West Bank and Gaza Strip,50.0,75.0
1527,2017,Yemen,762.0,722.0
1528,2017,Zambia,0.0,0.0
1529,2017,Zimbabwe,0.0,1.0
