,iyear,country_txt,suicide,frequency
0,1990,Afghanistan,0,2
1,1990,Albania,0,1
2,1990,Algeria,0,2
3,1990,Angola,0,205
4,1990,Argentina,0,31
5,1990,Austria,0,1
6,1990,Bangladesh,0,22
7,1990,Belgium,0,2
8,1990,Bolivia,0,11
9,1990,Botswana,0,1
10,1990,Brazil,0,7
11,1990,Bulgaria,0,5
12,1990,Cambodia,0,2
13,1990,Chile,0,161
14,1990,China,0,1
15,1990,Colombia,0,349
16,1990,Costa Rica,0,1
17,1990,Cyprus,0,11
18,1990,Czechoslovakia,0,1
19,1990,Djibouti,0,1
20,1990,Dominican Republic,0,2
21,1990,East Germany (GDR),0,3
22,1990,Ecuador,0,8
23,1990,Egypt,0,13
24,1990,El Salvador,0,184
25,1990,Ethiopia,0,10
26,1990,France,0,30
27,1990,Germany,0,1
28,1990,Greece,0,55
29,1990,Guatemala,0,83
30,1990,Guyana,0,5
31,1990,Haiti,0,3
32,1990,Honduras,0,13
33,1990,Hong Kong,0,1
34,1990,India,0,349
35,1990,Indonesia,0,3
36,1990,Iran,0,11
37,1990,Ireland,0,2
38,1990,Israel,0,98
39,1990,Italy,0,6
40,1990,Japan,0,93
41,1990,Jordan,0,3
42,1990,Laos,0,1
43,1990,Lebanon,0,83
44,1990,Lebanon,1,1
45,1990,Liberia,0,4
46,1990,Malaysia,0,3
47,1990,Mali,0,1
48,1990,Mexico,0,5
49,1990,Mozambique,0,23
50,1990,Myanmar,0,9
51,1990,Namibia,0,2
52,1990,Netherlands,0,6
53,1990,Nicaragua,0,15
54,1990,Pakistan,0,87
55,1990,Panama,0,15
56,1990,Papua New Guinea,0,18
57,1990,Peru,0,495
58,1990,Philippines,0,320
59,1990,Poland,0,7
60,1990,Republic of the Congo,0,1
61,1990,Senegal,0,11
62,1990,Somalia,0,12
63,1990,South Africa,0,154
64,1990,South Korea,0,3
65,1990,Soviet Union,0,36
66,1990,Spain,0,113
67,1990,Sri Lanka,0,140
68,1990,Sri Lanka,1,1
69,1990,Sudan,0,1
70,1990,Suriname,0,7
71,1990,Sweden,0,6
72,1990,Switzerland,0,1
73,1990,Taiwan,0,1
74,1990,Thailand,0,10
75,1990,Turkey,0,195
76,1990,Uganda,0,14
77,1990,United Kingdom,0,147
78,1990,United States,0,32
79,1990,Uruguay,0,1
80,1990,Venezuela,0,1
81,1990,West Bank and Gaza Strip,0,88
82,1990,West Germany (FRG),0,9
83,1990,Yugoslavia,0,5
84,1990,Zambia,0,4
85,1990,Zimbabwe,0,6
86,1991,Afghanistan,0,30
87,1991,Albania,0,1
88,1991,Algeria,0,30
89,1991,Angola,0,16
90,1991,Argentina,0,27
91,1991,Armenia,0,1
92,1991,Australia,0,4
93,1991,Austria,0,3
94,1991,Azerbaijan,0,3
95,1991,Bahrain,0,1
96,1991,Bangladesh,0,42
97,1991,Belgium,0,6
98,1991,Belize,0,3
99,1991,Bolivia,0,28
100,1991,Brazil,0,24
101,1991,Bulgaria,0,3
102,1991,Burkina Faso,0,2
103,1991,Burundi,0,7
104,1991,Cambodia,0,3
105,1991,Cameroon,0,4
106,1991,Central African Republic,0,4
107,1991,Chad,0,2
108,1991,Chile,0,127
109,1991,China,0,1
110,1991,Colombia,0,420
111,1991,Costa Rica,0,2
112,1991,Croatia,0,26
113,1991,Cuba,0,1
114,1991,Cyprus,0,11
115,1991,Czechoslovakia,0,1
116,1991,Denmark,0,1
117,1991,Djibouti,0,1
118,1991,Dominican Republic,0,8
119,1991,Ecuador,0,17
120,1991,Egypt,0,10
121,1991,El Salvador,0,500
122,1991,Ethiopia,0,5
123,1991,Fiji,0,3
124,1991,France,0,137
125,1991,Georgia,0,3
126,1991,Germany,0,65
127,1991,Greece,0,57
128,1991,Guadeloupe,0,1
129,1991,Guatemala,0,77
130,1991,Haiti,0,17
131,1991,Honduras,0,21
132,1991,Hong Kong,0,1
133,1991,Hungary,0,3
134,1991,India,0,338
135,1991,India,1,1
136,1991,Indonesia,0,7
137,1991,Iran,0,9
138,1991,Iraq,0,3
139,1991,Ireland,0,16
140,1991,Israel,0,64
141,1991,Italy,0,31
142,1991,Jamaica,0,1
143,1991,Japan,0,19
144,1991,Jordan,0,11
145,1991,Kenya,0,5
146,1991,Kuwait,0,5
147,1991,Lebanon,0,91
148,1991,Liberia,0,1
149,1991,Lithuania,0,1
150,1991,Madagascar,0,1
151,1991,Malaysia,0,3
152,1991,Mali,0,12
153,1991,Martinique,0,1
154,1991,Mexico,0,10
155,1991,Moldova,0,1
156,1991,Morocco,0,3
157,1991,Mozambique,0,35
158,1991,Myanmar,0,22
159,1991,Namibia,0,1
160,1991,Nepal,0,1
161,1991,Netherlands,0,8
162,1991,New Zealand,0,1
163,1991,Nicaragua,0,80
164,1991,Niger,0,6
165,1991,Nigeria,0,3
166,1991,Norway,0,2
167,1991,Pakistan,0,150
168,1991,Panama,0,16
169,1991,Papua New Guinea,0,2
170,1991,Peru,0,658
171,1991,Philippines,0,162
172,1991,Romania,0,1
173,1991,Rwanda,0,3
174,1991,Saudi Arabia,0,2
175,1991,Senegal,0,4
176,1991,Sierra Leone,0,9
177,1991,Singapore,0,1
178,1991,Somalia,0,8
179,1991,South Africa,0,127
180,1991,South Korea,0,6
181,1991,Soviet Union,0,34
182,1991,Spain,0,89
183,1991,Sri Lanka,0,113
184,1991,Sri Lanka,1,2
185,1991,Sudan,0,3
186,1991,Suriname,0,1
187,1991,Swaziland,0,1
188,1991,Sweden,0,6
189,1991,Switzerland,0,2
190,1991,Taiwan,0,2
191,1991,Thailand,0,8
192,1991,Togo,0,2
193,1991,Trinidad and Tobago,0,1
194,1991,Tunisia,0,2
195,1991,Turkey,0,293
196,1991,Uganda,0,2
197,1991,Ukraine,0,2
198,1991,United Kingdom,0,262
199,1991,United States,0,30
200,1991,Uruguay,0,3
201,1991,Venezuela,0,17
202,1991,West Bank and Gaza Strip,0,83
203,1991,Yemen,0,5
204,1991,Yugoslavia,0,11
205,1991,Zaire,0,6
206,1991,Zimbabwe,0,1
207,1992,Afghanistan,0,36
208,1992,Albania,0,3
209,1992,Algeria,0,215
210,1992,Angola,0,50
211,1992,Antigua and Barbuda,0,1
212,1992,Argentina,0,40
213,1992,Argentina,1,1
214,1992,Armenia,0,2
215,1992,Australia,0,4
216,1992,Austria,0,8
217,1992,Azerbaijan,0,12
218,1992,Bangladesh,0,76
219,1992,Barbados,0,1
220,1992,Belgium,0,9
221,1992,Belize,0,2
222,1992,Benin,0,1
223,1992,Bolivia,0,38
224,1992,Bosnia-Herzegovina,0,22
225,1992,Brazil,0,24
226,1992,Brunei,0,1
227,1992,Bulgaria,0,2
228,1992,Burundi,0,2
229,1992,Cambodia,0,67
230,1992,Cameroon,0,6
231,1992,Canada,0,3
232,1992,Central African Republic,0,1
233,1992,Chad,0,4
234,1992,Chile,0,116
235,1992,China,0,5
236,1992,Colombia,0,523
237,1992,Comoros,0,1
238,1992,Costa Rica,0,2
239,1992,Croatia,0,4
240,1992,Cuba,0,4
241,1992,Cyprus,0,6
242,1992,Czechoslovakia,0,3
243,1992,Denmark,0,4
244,1992,Djibouti,0,6
245,1992,Dominican Republic,0,11
246,1992,Ecuador,0,23
247,1992,Egypt,0,79
248,1992,El Salvador,0,29
249,1992,Equatorial Guinea,0,1
250,1992,Estonia,0,2
251,1992,Ethiopia,0,13
252,1992,Fiji,0,1
253,1992,Finland,0,1
254,1992,France,0,126
255,1992,Georgia,0,39
256,1992,Germany,0,156
257,1992,Ghana,0,8
258,1992,Greece,0,35
259,1992,Guatemala,0,48
260,1992,Guinea,0,2
261,1992,Guyana,0,4
262,1992,Haiti,0,27
263,1992,Honduras,0,12
264,1992,Hong Kong,0,6
265,1992,Hungary,0,1
266,1992,India,0,237
267,1992,Indonesia,0,4
268,1992,Iran,0,16
269,1992,Iraq,0,35
270,1992,Ireland,0,7
271,1992,Israel,0,78
272,1992,Italy,0,37
273,1992,Ivory Coast,0,3
274,1992,Jamaica,0,6
275,1992,Japan,0,40
276,1992,Jordan,0,2
277,1992,Kazakhstan,0,5
278,1992,Kenya,0,30
279,1992,Kuwait,0,15
280,1992,Laos,0,4
281,1992,Latvia,0,2
282,1992,Lebanon,0,91
283,1992,Liberia,0,10
284,1992,Libya,0,1
285,1992,Lithuania,0,1
286,1992,Madagascar,0,7
287,1992,Malawi,0,3
288,1992,Malaysia,0,2
289,1992,Mali,0,3
290,1992,Malta,0,1
291,1992,Martinique,0,1
292,1992,Mexico,0,6
293,1992,Moldova,0,11
294,1992,Morocco,0,1
295,1992,Mozambique,0,19
296,1992,Myanmar,0,12
297,1992,Nepal,0,8
298,1992,Netherlands,0,12
299,1992,New Caledonia,0,2
300,1992,Nicaragua,0,30
301,1992,Niger,0,16
302,1992,Nigeria,0,11
303,1992,Norway,0,2
304,1992,Pakistan,0,85
305,1992,Panama,0,37
306,1992,Papua New Guinea,0,10
307,1992,Paraguay,0,4
308,1992,Peru,0,383
309,1992,Philippines,0,162
310,1992,Poland,0,5
311,1992,Portugal,0,1
312,1992,Romania,0,1
313,1992,Russia,0,21
314,1992,Rwanda,0,18
315,1992,Senegal,0,15
316,1992,Sierra Leone,0,4
317,1992,Singapore,0,1
318,1992,Somalia,0,21
319,1992,South Africa,0,271
320,1992,South Korea,0,3
321,1992,Spain,0,72
322,1992,Sri Lanka,0,102
323,1992,Sri Lanka,1,1
324,1992,Sudan,0,7
325,1992,Suriname,0,5
326,1992,Swaziland,0,1
327,1992,Sweden,0,12
328,1992,Switzerland,0,6
329,1992,Taiwan,0,20
330,1992,Tajikistan,0,17
331,1992,Thailand,0,25
332,1992,Togo,0,27
333,1992,Trinidad and Tobago,0,1
334,1992,Turkey,0,514
335,1992,Uganda,0,3
336,1992,Ukraine,0,1
337,1992,United Arab Emirates,0,1
338,1992,United Kingdom,0,274
339,1992,United States,0,32
340,1992,Uruguay,0,11
341,1992,Uzbekistan,0,2
342,1992,Venezuela,0,32
343,1992,Vietnam,0,1
344,1992,West Bank and Gaza Strip,0,119
345,1992,Western Sahara,0,1
346,1992,Yemen,0,24
347,1992,Yugoslavia,0,12
348,1992,Zaire,0,5
349,1992,Zimbabwe,0,1
350,1994,Afghanistan,0,9
351,1994,Albania,0,2
352,1994,Algeria,0,227
353,1994,Angola,0,9
354,1994,Argentina,0,13
355,1994,Argentina,1,1
356,1994,Armenia,0,4
357,1994,Australia,0,9
358,1994,Austria,0,5
359,1994,Azerbaijan,0,11
360,1994,Bahrain,0,1
361,1994,Bangladesh,0,68
362,1994,Belarus,0,1
363,1994,Belgium,0,5
364,1994,Benin,0,3
365,1994,Bolivia,0,8
366,1994,Bosnia-Herzegovina,0,9
367,1994,Brazil,0,19
368,1994,Bulgaria,0,2
369,1994,Burundi,0,16
370,1994,Cambodia,0,39
371,1994,Cameroon,0,6
372,1994,Canada,0,4
373,1994,Central African Republic,0,1
374,1994,Chad,0,1
375,1994,Chile,0,15
376,1994,China,0,13
377,1994,Colombia,0,201
378,1994,Comoros,0,1
379,1994,Costa Rica,0,1
380,1994,Croatia,0,4
381,1994,Cuba,0,9
382,1994,Cyprus,0,6
383,1994,Czech Republic,0,1
384,1994,Djibouti,0,2
385,1994,Dominican Republic,0,7
386,1994,Ecuador,0,6
387,1994,Egypt,0,143
388,1994,El Salvador,0,21
389,1994,Estonia,0,6
390,1994,Ethiopia,0,4
391,1994,Finland,0,1
392,1994,France,0,97
393,1994,Gabon,0,1
394,1994,Gambia,0,1
395,1994,Georgia,0,18
396,1994,Germany,0,79
397,1994,Ghana,0,4
398,1994,Greece,0,42
399,1994,Guatemala,0,84
400,1994,Guinea,0,2
401,1994,Haiti,0,27
402,1994,Honduras,0,6
403,1994,Hong Kong,0,4
404,1994,Hungary,0,2
405,1994,India,0,107
406,1994,Indonesia,0,5
407,1994,Iran,0,43
408,1994,Iraq,0,18
409,1994,Ireland,0,10
410,1994,Israel,0,51
411,1994,Israel,1,4
412,1994,Italy,0,18
413,1994,Ivory Coast,0,2
414,1994,Jamaica,0,2
415,1994,Japan,0,9
416,1994,Jordan,0,6
417,1994,Kazakhstan,0,1
418,1994,Kenya,0,5
419,1994,Kuwait,0,2
420,1994,Laos,0,1
421,1994,Latvia,0,2
422,1994,Lebanon,0,67
423,1994,Lesotho,0,3
424,1994,Liberia,0,3
425,1994,Luxembourg,0,3
426,1994,Macedonia,0,1
427,1994,Mali,0,13
428,1994,Mexico,0,42
429,1994,Moldova,0,1
430,1994,Morocco,0,2
431,1994,Mozambique,0,3
432,1994,Myanmar,0,8
433,1994,Namibia,0,1
434,1994,Nepal,0,3
435,1994,Netherlands,0,3
436,1994,New Zealand,0,1
437,1994,Nicaragua,0,19
438,1994,Niger,0,8
439,1994,Nigeria,0,8
440,1994,North Korea,0,1
441,1994,Norway,0,2
442,1994,Pakistan,0,154
443,1994,Panama,0,2
444,1994,Panama,1,1
445,1994,Papua New Guinea,0,3
446,1994,Paraguay,0,2
447,1994,Peru,0,91
448,1994,Philippines,0,72
449,1994,Poland,0,4
450,1994,Portugal,0,1
451,1994,Republic of the Congo,0,8
452,1994,Russia,0,47
453,1994,Rwanda,0,33
454,1994,Saudi Arabia,0,2
455,1994,Senegal,0,2
456,1994,Sierra Leone,0,22
457,1994,Singapore,0,1
458,1994,Slovak Republic,0,1
459,1994,Slovenia,0,1
460,1994,Somalia,0,57
461,1994,South Africa,0,174
462,1994,South Korea,0,2
463,1994,Spain,0,55
464,1994,Sri Lanka,0,32
465,1994,Sri Lanka,1,3
466,1994,Sudan,0,5
467,1994,Suriname,0,1
468,1994,Sweden,0,1
469,1994,Taiwan,0,5
470,1994,Tajikistan,0,31
471,1994,Tanzania,0,1
472,1994,Thailand,0,24
473,1994,Togo,0,13
474,1994,Trinidad and Tobago,0,1
475,1994,Tunisia,0,1
476,1994,Turkey,0,300
477,1994,Uganda,0,13
478,1994,Ukraine,0,10
479,1994,United Kingdom,0,256
480,1994,United States,0,55
481,1994,Uruguay,0,4
482,1994,Venezuela,0,12
483,1994,Vietnam,0,1
484,1994,Wallis and Futuna,0,1
485,1994,West Bank and Gaza Strip,0,163
486,1994,West Bank and Gaza Strip,1,2
487,1994,Yemen,0,19
488,1994,Yugoslavia,0,1
489,1994,Zaire,0,6
490,1994,Zimbabwe,0,1
491,1995,Afghanistan,0,6
492,1995,Algeria,0,183
493,1995,Algeria,1,2
494,1995,Angola,0,10
495,1995,Argentina,0,16
496,1995,Armenia,0,1
497,1995,Australia,0,5
498,1995,Austria,0,12
499,1995,Azerbaijan,0,2
500,1995,Bahrain,0,8
501,1995,Bangladesh,0,74
502,1995,Belgium,0,1
503,1995,Benin,0,1
504,1995,Bolivia,0,2
505,1995,Bosnia-Herzegovina,0,6
506,1995,Botswana,0,1
507,1995,Brazil,0,23
508,1995,Bulgaria,0,2
509,1995,Burundi,0,83
510,1995,Cambodia,0,56
511,1995,Cameroon,0,2
512,1995,Canada,0,5
513,1995,Chad,0,3
514,1995,Chile,0,17
515,1995,China,0,8
516,1995,Colombia,0,123
517,1995,Croatia,1,1
518,1995,Cyprus,0,3
519,1995,Czech Republic,0,3
520,1995,Denmark,0,6
521,1995,Djibouti,0,2
522,1995,Ecuador,0,6
523,1995,Egypt,0,102
524,1995,El Salvador,0,9
525,1995,Eritrea,0,2
526,1995,Estonia,0,2
527,1995,Ethiopia,0,5
528,1995,Finland,0,1
529,1995,France,0,71
530,1995,French Polynesia,0,3
531,1995,Gambia,0,1
532,1995,Georgia,0,17
533,1995,Germany,0,147
534,1995,Ghana,0,1
535,1995,Greece,0,8
536,1995,Guatemala,0,82
537,1995,Haiti,0,34
538,1995,Honduras,0,12
539,1995,Hong Kong,0,1
540,1995,India,0,179
541,1995,Indonesia,0,24
542,1995,Iran,0,8
543,1995,Iraq,0,17
544,1995,Ireland,0,3
545,1995,Israel,0,11
546,1995,Israel,1,2
547,1995,Italy,0,1
548,1995,Ivory Coast,0,7
549,1995,Jamaica,0,1
550,1995,Japan,0,20
551,1995,Jordan,0,3
552,1995,Kenya,0,4
553,1995,Latvia,0,1
554,1995,Lebanon,0,38
555,1995,Libya,0,1
556,1995,Lithuania,0,2
557,1995,Macau,0,1
558,1995,Macedonia,0,1
559,1995,Madagascar,0,3
560,1995,Mali,0,1
561,1995,Malta,0,2
562,1995,Mexico,0,29
563,1995,Morocco,0,1
564,1995,Mozambique,0,3
565,1995,Myanmar,0,12
566,1995,Netherlands,0,7
567,1995,Nicaragua,0,18
568,1995,Niger,0,2
569,1995,Nigeria,0,1
570,1995,Pakistan,0,664
571,1995,Pakistan,1,2
572,1995,Panama,0,6
573,1995,Papua New Guinea,0,10
574,1995,Paraguay,0,12
575,1995,Peru,0,44
576,1995,Philippines,0,63
577,1995,Poland,0,4
578,1995,Portugal,0,3
579,1995,Romania,0,1
580,1995,Russia,0,37
581,1995,Rwanda,0,17
582,1995,Saudi Arabia,0,3
583,1995,Senegal,0,8
584,1995,Sierra Leone,0,14
585,1995,Slovak Republic,0,3
586,1995,Somalia,0,13
587,1995,South Africa,0,32
588,1995,South Korea,0,4
589,1995,Spain,0,44
590,1995,Sri Lanka,0,115
591,1995,Sri Lanka,1,11
592,1995,St. Kitts and Nevis,0,2
593,1995,Sudan,0,4
594,1995,Swaziland,0,1
595,1995,Sweden,0,1
596,1995,Switzerland,0,5
597,1995,Taiwan,0,4
598,1995,Tajikistan,0,34
599,1995,Tanzania,0,1
600,1995,Thailand,0,12
601,1995,Togo,0,1
602,1995,Trinidad and Tobago,0,4
603,1995,Tunisia,0,1
604,1995,Turkey,0,133
605,1995,Uganda,0,7
606,1995,Ukraine,0,2
607,1995,United Arab Emirates,0,2
608,1995,United Kingdom,0,22
609,1995,United States,0,59
610,1995,United States,1,1
611,1995,Uruguay,0,1
612,1995,Uzbekistan,0,1
613,1995,Venezuela,0,11
614,1995,Vietnam,0,1
615,1995,West Bank and Gaza Strip,0,64
616,1995,West Bank and Gaza Strip,1,3
617,1995,Yemen,0,8
618,1995,Yugoslavia,0,3
619,1995,Zaire,0,6
620,1995,Zambia,0,1
621,1995,Zimbabwe,0,2
622,1996,Afghanistan,0,4
623,1996,Albania,0,6
624,1996,Algeria,0,129
625,1996,Angola,0,4
626,1996,Argentina,0,19
627,1996,Armenia,0,1
628,1996,Australia,0,5
629,1996,Austria,0,4
630,1996,Azerbaijan,0,2
631,1996,Bahrain,0,16
632,1996,Bangladesh,0,161
633,1996,Benin,0,2
634,1996,Bolivia,0,1
635,1996,Bosnia-Herzegovina,0,33
636,1996,Brazil,0,18
637,1996,Bulgaria,0,12
638,1996,Burundi,0,35
639,1996,Cambodia,0,33
640,1996,Canada,0,1
641,1996,Central African Republic,0,1
642,1996,Chad,0,1
643,1996,Chile,0,8
644,1996,China,0,62
645,1996,Colombia,0,409
646,1996,Costa Rica,0,1
647,1996,Croatia,0,3
648,1996,Cuba,0,1
649,1996,Cyprus,0,10
650,1996,Czech Republic,0,3
651,1996,Dominican Republic,0,3
652,1996,Ecuador,0,5
653,1996,Egypt,0,51
654,1996,El Salvador,0,7
655,1996,Eritrea,0,1
656,1996,Estonia,0,1
657,1996,Ethiopia,0,7
658,1996,France,0,270
659,1996,French Guiana,0,2
660,1996,Gabon,0,1
661,1996,Georgia,0,3
662,1996,Germany,0,52
663,1996,Ghana,0,2
664,1996,Greece,0,20
665,1996,Guatemala,0,26
666,1996,Guinea,0,1
667,1996,Haiti,0,27
668,1996,Honduras,0,19
669,1996,Hong Kong,0,3
670,1996,Hungary,0,13
671,1996,India,0,213
672,1996,Indonesia,0,65
673,1996,Iran,0,3
674,1996,Iraq,0,12
675,1996,Ireland,0,1
676,1996,Israel,0,14
677,1996,Israel,1,5
678,1996,Italy,0,8
679,1996,Ivory Coast,0,2
680,1996,Jamaica,0,1
681,1996,Japan,0,8
682,1996,Jordan,0,2
683,1996,Kenya,0,3
684,1996,Kyrgyzstan,0,5
685,1996,Laos,0,1
686,1996,Lebanon,0,38
687,1996,Lebanon,1,1
688,1996,Liberia,0,1
689,1996,Libya,0,4
690,1996,Lithuania,0,3
691,1996,Macau,0,10
692,1996,Madagascar,0,2
693,1996,Mauritania,0,1
694,1996,Mexico,0,75
695,1996,Moldova,0,2
696,1996,Morocco,0,2
697,1996,Myanmar,0,13
698,1996,Nepal,0,5
699,1996,Netherlands,0,6
700,1996,New Zealand,0,2
701,1996,Nicaragua,0,26
702,1996,Niger,0,1
703,1996,Nigeria,0,11
704,1996,Norway,0,1
705,1996,Pakistan,0,180
706,1996,Panama,0,2
707,1996,Papua New Guinea,0,10
708,1996,Peru,0,42
709,1996,Philippines,0,61
710,1996,Poland,0,6
711,1996,Qatar,0,1
712,1996,Republic of the Congo,0,1
713,1996,Russia,0,66
714,1996,Rwanda,0,15
715,1996,Saudi Arabia,0,1
716,1996,Sierra Leone,0,5
717,1996,Slovak Republic,0,5
718,1996,Slovenia,0,3
719,1996,Somalia,0,16
720,1996,South Africa,0,47
721,1996,South Korea,0,1
722,1996,Spain,0,63
723,1996,Sri Lanka,0,170
724,1996,Sri Lanka,1,6
725,1996,Sudan,0,10
726,1996,Sweden,0,1
727,1996,Switzerland,0,4
728,1996,Syria,0,2
729,1996,Taiwan,0,5
730,1996,Tajikistan,0,22
731,1996,Thailand,0,19
732,1996,Togo,0,1
733,1996,Trinidad and Tobago,0,3
734,1996,Turkey,0,51
735,1996,Turkey,1,3
736,1996,Uganda,0,29
737,1996,Ukraine,0,3
738,1996,United Kingdom,0,36
739,1996,United States,0,35
740,1996,Uruguay,0,1
741,1996,Vanuatu,0,2
742,1996,Venezuela,0,12
743,1996,Vietnam,0,1
744,1996,West Bank and Gaza Strip,0,30
745,1996,Yemen,0,8
746,1996,Yugoslavia,0,16
747,1996,Zaire,0,13
748,1996,Zambia,0,4
749,1997,Afghanistan,0,1
750,1997,Albania,0,41
751,1997,Algeria,0,344
752,1997,Angola,0,7
753,1997,Argentina,0,11
754,1997,Australia,0,4
755,1997,Austria,0,1
756,1997,Azerbaijan,0,1
757,1997,Bahamas,0,2
758,1997,Bahrain,0,11
759,1997,Bangladesh,0,17
760,1997,Belarus,0,2
761,1997,Belgium,0,2
762,1997,Bolivia,0,4
763,1997,Bosnia-Herzegovina,0,42
764,1997,Brazil,0,39
765,1997,Bulgaria,0,3
766,1997,Burundi,0,79
767,1997,Cambodia,0,18
768,1997,Canada,0,2
769,1997,Chad,0,1
770,1997,Chile,0,6
771,1997,China,0,17
772,1997,China,1,1
773,1997,Colombia,0,598
774,1997,Comoros,0,3
775,1997,Costa Rica,0,1
776,1997,Croatia,0,8
777,1997,Cuba,0,14
778,1997,Czech Republic,0,4
779,1997,Democratic Republic of the Congo,0,1
780,1997,Djibouti,0,1
781,1997,Dominica,0,1
782,1997,Dominican Republic,0,12
783,1997,Ecuador,0,4
784,1997,Egypt,0,22
785,1997,El Salvador,0,2
786,1997,Ethiopia,0,6
787,1997,France,0,130
788,1997,French Guiana,0,2
789,1997,Gabon,0,1
790,1997,Georgia,0,6
791,1997,Germany,0,12
792,1997,Ghana,0,1
793,1997,Greece,0,21
794,1997,Guatemala,0,26
795,1997,Guyana,0,1
796,1997,Haiti,0,16
797,1997,Honduras,0,22
798,1997,Hungary,0,17
799,1997,India,0,193
800,1997,Indonesia,0,27
801,1997,Iraq,0,21
802,1997,Ireland,0,4
803,1997,Israel,0,11
804,1997,Israel,1,2
805,1997,Italy,0,8
806,1997,Ivory Coast,0,1
807,1997,Jamaica,0,8
808,1997,Japan,0,5
809,1997,Jordan,0,3
810,1997,Kazakhstan,0,2
811,1997,Kenya,0,17
812,1997,Kuwait,0,2
813,1997,Latvia,0,2
814,1997,Lebanon,0,45
815,1997,Lebanon,1,1
816,1997,Lithuania,0,1
817,1997,Macau,0,16
818,1997,Macedonia,0,2
819,1997,Madagascar,0,1
820,1997,Mali,0,3
821,1997,Malta,0,1
822,1997,Mexico,0,95
823,1997,Moldova,0,1
824,1997,Myanmar,0,35
825,1997,Nepal,0,9
826,1997,Netherlands,0,1
827,1997,New Zealand,0,1
828,1997,Nicaragua,0,7
829,1997,Niger,0,3
830,1997,Nigeria,0,20
831,1997,Pakistan,0,206
832,1997,Panama,0,6
833,1997,Papua New Guinea,0,2
834,1997,Paraguay,0,6
835,1997,Peru,0,58
836,1997,Philippines,0,57
837,1997,Poland,0,3
838,1997,Republic of the Congo,0,2
839,1997,Russia,0,77
840,1997,Rwanda,0,33
841,1997,Senegal,0,26
842,1997,Sierra Leone,0,3
843,1997,Slovak Republic,0,4
844,1997,Slovenia,0,1
845,1997,Somalia,0,19
846,1997,South Africa,0,17
847,1997,Spain,0,86
848,1997,Sri Lanka,0,59
849,1997,Sri Lanka,1,5
850,1997,Sudan,0,3
851,1997,Suriname,0,2
852,1997,Swaziland,0,1
853,1997,Sweden,0,4
854,1997,Switzerland,0,1
855,1997,Syria,0,1
856,1997,Taiwan,0,1
857,1997,Tajikistan,0,40
858,1997,Tanzania,0,1
859,1997,Thailand,0,20
860,1997,Turkey,0,44
861,1997,Uganda,0,24
862,1997,Ukraine,0,2
863,1997,United Kingdom,0,78
864,1997,United States,0,40
865,1997,Uruguay,0,2
866,1997,Venezuela,0,41
867,1997,Vietnam,0,2
868,1997,West Bank and Gaza Strip,0,20
869,1997,West Bank and Gaza Strip,1,2
870,1997,Yemen,0,19
871,1997,Yugoslavia,0,38
872,1997,Zaire,0,5
873,1998,Afghanistan,0,1
874,1998,Albania,0,7
875,1998,Algeria,0,151
876,1998,Angola,0,20
877,1998,Armenia,0,2
878,1998,Australia,0,6
879,1998,Austria,0,1
880,1998,Bangladesh,0,2
881,1998,Belgium,0,3
882,1998,Bosnia-Herzegovina,0,9
883,1998,Brazil,0,2
884,1998,Bulgaria,0,2
885,1998,Burundi,0,13
886,1998,Cambodia,0,7
887,1998,Cameroon,0,1
888,1998,Canada,0,4
889,1998,Chad,0,1
890,1998,Chile,0,1
891,1998,China,0,2
892,1998,Colombia,0,94
893,1998,Cyprus,0,1
894,1998,Democratic Republic of the Congo,0,4
895,1998,Ecuador,0,3
896,1998,Egypt,0,3
897,1998,France,0,12
898,1998,Georgia,0,12
899,1998,Germany,0,6
900,1998,Greece,0,28
901,1998,Guyana,0,2
902,1998,Haiti,0,1
903,1998,Hungary,0,2
904,1998,India,0,59
905,1998,India,1,2
906,1998,Indonesia,0,3
907,1998,Iran,0,5
908,1998,Iraq,0,7
909,1998,Ireland,0,3
910,1998,Israel,0,13
911,1998,Israel,1,1
912,1998,Italy,0,6
913,1998,Japan,0,1
914,1998,Jordan,0,1
915,1998,Kenya,0,1
916,1998,Kenya,1,1
917,1998,Latvia,0,4
918,1998,Lebanon,0,22
919,1998,Lebanon,1,1
920,1998,Macau,0,6
921,1998,Macedonia,0,5
922,1998,Mexico,0,2
923,1998,Nigeria,0,2
924,1998,Pakistan,0,36
925,1998,Pakistan,1,1
926,1998,Peru,0,5
927,1998,Philippines,0,18
928,1998,Poland,0,2
929,1998,Russia,0,26
930,1998,Rwanda,0,9
931,1998,Senegal,0,1
932,1998,Sierra Leone,0,7
933,1998,Slovak Republic,0,2
934,1998,Somalia,0,1
935,1998,South Africa,0,6
936,1998,Spain,0,17
937,1998,Sri Lanka,0,26
938,1998,Sri Lanka,1,9
939,1998,Swaziland,0,1
940,1998,Switzerland,0,1
941,1998,Syria,0,1
942,1998,Tajikistan,0,11
943,1998,Tanzania,1,1
944,1998,Thailand,0,4
945,1998,Turkey,0,20
946,1998,Turkey,1,3
947,1998,Uganda,0,18
948,1998,United Kingdom,0,63
949,1998,United States,0,31
950,1998,Venezuela,0,1
951,1998,West Bank and Gaza Strip,0,10
952,1998,West Bank and Gaza Strip,1,2
953,1998,Yemen,0,7
954,1998,Yugoslavia,0,46
955,1999,Afghanistan,0,9
956,1999,Albania,0,3
957,1999,Algeria,0,106
958,1999,Angola,0,34
959,1999,Argentina,0,1
960,1999,Armenia,0,2
961,1999,Bangladesh,0,11
962,1999,Belarus,0,1
963,1999,Belgium,0,2
964,1999,Bosnia-Herzegovina,0,5
965,1999,Brazil,0,1
966,1999,Bulgaria,0,1
967,1999,Burundi,0,13
968,1999,Cambodia,0,8
969,1999,Canada,0,2
970,1999,Chad,0,1
971,1999,Chile,0,3
972,1999,China,0,2
973,1999,Colombia,0,116
974,1999,Cyprus,0,1
975,1999,Democratic Republic of the Congo,0,3
976,1999,Denmark,0,1
977,1999,Ecuador,0,2
978,1999,Egypt,0,1
979,1999,Estonia,0,1
980,1999,Ethiopia,0,2
981,1999,Fiji,0,3
982,1999,France,0,46
983,1999,Georgia,0,7
984,1999,Germany,0,13
985,1999,Greece,0,35
986,1999,Guatemala,0,1
987,1999,Haiti,0,5
988,1999,India,0,111
989,1999,India,1,1
990,1999,Indonesia,0,60
991,1999,Iran,0,8
992,1999,Iraq,0,11
993,1999,Iraq,1,1
994,1999,Ireland,0,3
995,1999,Israel,0,6
996,1999,Israel,1,2
997,1999,Italy,0,7
998,1999,Japan,0,2
999,1999,Jordan,0,2
1000,1999,Kosovo,0,39
1001,1999,Kyrgyzstan,0,3
1002,1999,Latvia,0,1
1003,1999,Lebanon,0,41
1004,1999,Lebanon,1,1
1005,1999,Liberia,0,2
1006,1999,Macedonia,0,3
1007,1999,Mexico,0,1
1008,1999,Mozambique,0,1
1009,1999,Myanmar,0,4
1010,1999,Namibia,0,1
1011,1999,Nepal,0,8
1012,1999,Netherlands,0,1
1013,1999,Nicaragua,0,1
1014,1999,Niger,0,2
1015,1999,Nigeria,0,18
1016,1999,Pakistan,0,39
1017,1999,Panama,0,1
1018,1999,Paraguay,0,1
1019,1999,Peru,0,5
1020,1999,Philippines,0,31
1021,1999,Republic of the Congo,0,3
1022,1999,Russia,0,54
1023,1999,Senegal,0,1
1024,1999,Sierra Leone,0,9
1025,1999,Slovak Republic,0,1
1026,1999,Solomon Islands,0,1
1027,1999,Somalia,0,4
1028,1999,South Africa,0,17
1029,1999,Spain,0,47
1030,1999,Sri Lanka,0,35
1031,1999,Sri Lanka,1,11
1032,1999,Sudan,0,5
1033,1999,Swaziland,0,1
1034,1999,Sweden,0,2
1035,1999,Switzerland,0,2
1036,1999,Tajikistan,0,4
1037,1999,Thailand,0,4
1038,1999,Turkey,0,98
1039,1999,Turkey,1,11
1040,1999,Uganda,0,19
1041,1999,Ukraine,0,6
1042,1999,United Kingdom,0,76
1043,1999,United States,0,52
1044,1999,United States,1,1
1045,1999,Uzbekistan,0,8
1046,1999,Venezuela,0,5
1047,1999,West Bank and Gaza Strip,0,11
1048,1999,Yemen,0,17
1049,1999,Yugoslavia,0,23
1050,1999,Zambia,0,7
1051,2000,Afghanistan,0,14
1052,2000,Albania,0,2
1053,2000,Algeria,0,138
1054,2000,Angola,0,22
1055,2000,Armenia,0,2
1056,2000,Australia,0,1
1057,2000,Azerbaijan,0,1
1058,2000,Bangladesh,0,23
1059,2000,Belize,0,1
1060,2000,Bosnia-Herzegovina,0,6
1061,2000,Brazil,0,2
1062,2000,Bulgaria,0,2
1063,2000,Burundi,0,17
1064,2000,Cambodia,0,4
1065,2000,Canada,0,5
1066,2000,Central African Republic,0,1
1067,2000,Chile,0,2
1068,2000,China,0,3
1069,2000,China,1,1
1070,2000,Colombia,0,137
1071,2000,Croatia,0,2
1072,2000,Cyprus,0,2
1073,2000,Democratic Republic of the Congo,0,3
1074,2000,East Timor,0,4
1075,2000,Ecuador,0,4
1076,2000,Ethiopia,0,1
1077,2000,Fiji,0,4
1078,2000,France,0,28
1079,2000,Gambia,0,1
1080,2000,Georgia,0,7
1081,2000,Germany,0,8
1082,2000,Greece,0,28
1083,2000,Guatemala,0,1
1084,2000,Guinea,0,12
1085,2000,Haiti,0,9
1086,2000,Hong Kong,0,2
1087,2000,India,0,179
1088,2000,India,1,1
1089,2000,Indonesia,0,101
1090,2000,Iran,0,15
1091,2000,Iraq,0,10
1092,2000,Israel,0,15
1093,2000,Italy,0,8
1094,2000,Ivory Coast,0,2
1095,2000,Japan,0,13
1096,2000,Jordan,0,2
1097,2000,Kazakhstan,0,1
1098,2000,Kenya,0,4
1099,2000,Kosovo,0,60
1100,2000,Kyrgyzstan,0,4
1101,2000,Laos,0,8
1102,2000,Latvia,0,3
1103,2000,Lebanon,0,12
1104,2000,Liberia,0,1
1105,2000,Macedonia,0,3
1106,2000,Malaysia,0,3
1107,2000,Mexico,0,4
1108,2000,Moldova,0,1
1109,2000,Mozambique,0,3
1110,2000,Namibia,0,21
1111,2000,Nepal,0,23
1112,2000,Netherlands,0,1
1113,2000,Nicaragua,0,1
1114,2000,Nigeria,0,6
1115,2000,Pakistan,0,49
1116,2000,Panama,0,1
1117,2000,Paraguay,0,2
1118,2000,Peru,0,3
1119,2000,Philippines,0,129
1120,2000,Philippines,1,3
1121,2000,Qatar,0,1
1122,2000,Russia,0,128
1123,2000,Russia,1,10
1124,2000,Rwanda,0,1
1125,2000,Saudi Arabia,0,5
1126,2000,Senegal,0,4
1127,2000,Sierra Leone,0,24
1128,2000,Slovak Republic,0,1
1129,2000,Slovenia,0,1
1130,2000,Solomon Islands,0,1
1131,2000,Somalia,0,9
1132,2000,South Africa,0,21
1133,2000,Spain,0,112
1134,2000,Sri Lanka,0,52
1135,2000,Sri Lanka,1,16
1136,2000,St. Lucia,0,1
1137,2000,Sudan,0,7
1138,2000,Sweden,0,1
1139,2000,Switzerland,0,4
1140,2000,Tajikistan,0,6
1141,2000,Tanzania,0,2
1142,2000,Thailand,0,4
1143,2000,Tunisia,0,1
1144,2000,Turkey,0,34
1145,2000,Turkey,1,1
1146,2000,Uganda,0,20
1147,2000,Ukraine,0,1
1148,2000,United Kingdom,0,61
1149,2000,United States,0,32
1150,2000,West Bank and Gaza Strip,0,25
1151,2000,West Bank and Gaza Strip,1,3
1152,2000,Yemen,0,8
1153,2000,Yemen,1,2
1154,2000,Yugoslavia,0,14
1155,2000,Zambia,0,8
1156,2000,Zimbabwe,0,1
1157,2001,Afghanistan,0,13
1158,2001,Afghanistan,1,1
1159,2001,Albania,0,1
1160,2001,Algeria,0,113
1161,2001,Angola,0,40
1162,2001,Argentina,0,2
1163,2001,Armenia,0,2
1164,2001,Australia,0,2
1165,2001,Azerbaijan,0,4
1166,2001,Bangladesh,0,14
1167,2001,Bangladesh,1,1
1168,2001,Belarus,0,1
1169,2001,Bosnia-Herzegovina,0,2
1170,2001,Brazil,0,3
1171,2001,Bulgaria,0,1
1172,2001,Burundi,0,37
1173,2001,Cambodia,0,7
1174,2001,Central African Republic,0,1
1175,2001,Chile,0,3
1176,2001,China,0,11
1177,2001,China,1,1
1178,2001,Colombia,0,207
1179,2001,Costa Rica,0,1
1180,2001,Croatia,0,3
1181,2001,Cyprus,0,1
1182,2001,Czech Republic,0,1
1183,2001,Democratic Republic of the Congo,0,5
1184,2001,Ecuador,0,5
1185,2001,Estonia,0,1
1186,2001,Fiji,0,1
1187,2001,France,0,20
1188,2001,France,1,1
1189,2001,Georgia,0,4
1190,2001,Germany,0,8
1191,2001,Greece,0,14
1192,2001,Guatemala,0,2
1193,2001,Guinea-Bissau,0,1
1194,2001,Guyana,0,1
1195,2001,Haiti,0,5
1196,2001,Hong Kong,0,1
1197,2001,Hungary,0,1
1198,2001,India,0,228
1199,2001,India,1,6
1200,2001,Indonesia,0,104
1201,2001,Indonesia,1,1
1202,2001,Iran,0,4
1203,2001,Iraq,0,3
1204,2001,Ireland,0,2
1205,2001,Israel,0,54
1206,2001,Israel,1,25
1207,2001,Italy,0,11
1208,2001,Ivory Coast,0,1
1209,2001,Japan,0,3
1210,2001,Jordan,0,2
1211,2001,Kazakhstan,0,1
1212,2001,Kenya,0,7
1213,2001,Kosovo,0,17
1214,2001,Kuwait,0,2
1215,2001,Kyrgyzstan,0,1
1216,2001,Laos,0,1
1217,2001,Lebanon,0,5
1218,2001,Liberia,0,3
1219,2001,Macedonia,0,67
1220,2001,Malaysia,0,1
1221,2001,Mexico,0,7
1222,2001,Montenegro,0,1
1223,2001,Myanmar,0,3
1224,2001,Namibia,0,6
1225,2001,Nepal,0,33
1226,2001,Netherlands,0,1
1227,2001,New Zealand,0,1
1228,2001,Nigeria,0,5
1229,2001,Norway,0,1
1230,2001,Pakistan,0,53
1231,2001,Peru,0,3
1232,2001,Philippines,0,50
1233,2001,Poland,0,1
1234,2001,Qatar,0,1
1235,2001,Republic of the Congo,0,1
1236,2001,Russia,0,133
1237,2001,Russia,1,2
1238,2001,Rwanda,0,2
1239,2001,Saudi Arabia,0,3
1240,2001,Senegal,0,8
1241,2001,Somalia,0,5
1242,2001,South Korea,0,1
1243,2001,Spain,0,79
1244,2001,Sri Lanka,0,30
1245,2001,Sri Lanka,1,6
1246,2001,Sudan,0,9
1247,2001,Switzerland,0,2
1248,2001,Taiwan,0,2
1249,2001,Tajikistan,0,6
1250,2001,Tanzania,0,4
1251,2001,Thailand,0,14
1252,2001,Tunisia,0,1
1253,2001,Turkey,0,17
1254,2001,Turkey,1,2
1255,2001,Uganda,0,24
1256,2001,United Kingdom,0,94
1257,2001,United States,0,37
1258,2001,United States,1,4
1259,2001,Venezuela,0,5
1260,2001,Vietnam,0,4
1261,2001,West Bank and Gaza Strip,0,119
1262,2001,West Bank and Gaza Strip,1,4
1263,2001,Yemen,0,7
1264,2001,Yugoslavia,0,20
1265,2001,Zimbabwe,0,3
1266,2002,Afghanistan,0,36
1267,2002,Afghanistan,1,2
1268,2002,Algeria,0,132
1269,2002,Angola,0,6
1270,2002,Azerbaijan,0,1
1271,2002,Bangladesh,0,5
1272,2002,Belgium,0,3
1273,2002,Bosnia-Herzegovina,0,3
1274,2002,Brazil,0,1
1275,2002,Bulgaria,0,1
1276,2002,Burundi,0,18
1277,2002,Cambodia,0,3
1278,2002,Chad,0,4
1279,2002,Chile,0,1
1280,2002,China,0,1
1281,2002,China,1,1
1282,2002,Colombia,0,150
1283,2002,Democratic Republic of the Congo,0,7
1284,2002,Ecuador,0,2
1285,2002,Ethiopia,0,3
1286,2002,France,0,32
1287,2002,Georgia,0,2
1288,2002,Germany,0,3
1289,2002,Greece,0,11
1290,2002,Guyana,0,1
1291,2002,Haiti,0,2
1292,2002,Honduras,0,1
1293,2002,India,0,180
1294,2002,India,1,4
1295,2002,Indonesia,0,41
1296,2002,Indonesia,1,2
1297,2002,International,1,1
1298,2002,Iraq,0,6
1299,2002,Israel,0,30
1300,2002,Israel,1,45
1301,2002,Italy,0,7
1302,2002,Ivory Coast,0,1
1303,2002,Japan,0,2
1304,2002,Jordan,0,2
1305,2002,Kenya,0,1
1306,2002,Kenya,1,1
1307,2002,Kosovo,0,5
1308,2002,Kuwait,0,1
1309,2002,Kyrgyzstan,0,2
1310,2002,Lebanon,0,8
1311,2002,Liberia,0,3
1312,2002,Macedonia,0,8
1313,2002,Madagascar,0,5
1314,2002,Malawi,0,1
1315,2002,Myanmar,0,4
1316,2002,Nepal,0,58
1317,2002,Netherlands,0,2
1318,2002,Nigeria,0,6
1319,2002,Pakistan,0,44
1320,2002,Pakistan,1,2
1321,2002,Papua New Guinea,0,1
1322,2002,Peru,0,2
1323,2002,Philippines,0,48
1324,2002,Republic of the Congo,0,3
1325,2002,Russia,0,86
1326,2002,Russia,1,3
1327,2002,Saudi Arabia,0,2
1328,2002,Senegal,0,3
1329,2002,Solomon Islands,0,1
1330,2002,Somalia,0,3
1331,2002,South Africa,0,8
1332,2002,Spain,0,41
1333,2002,Sri Lanka,0,3
1334,2002,Sudan,0,13
1335,2002,Tanzania,0,2
1336,2002,Thailand,0,12
1337,2002,Tunisia,1,1
1338,2002,Turkey,0,5
1339,2002,Turkmenistan,0,1
1340,2002,Uganda,0,24
1341,2002,Ukraine,0,3
1342,2002,United Kingdom,0,21
1343,2002,United States,0,32
1344,2002,United States,1,1
1345,2002,Venezuela,0,5
1346,2002,West Bank and Gaza Strip,0,71
1347,2002,West Bank and Gaza Strip,1,15
1348,2002,Yemen,0,7
1349,2002,Yugoslavia,0,3
1350,2002,Zambia,0,1
1351,2002,Zimbabwe,0,8
1352,2003,Afghanistan,0,99
1353,2003,Afghanistan,1,1
1354,2003,Albania,0,1
1355,2003,Algeria,0,75
1356,2003,Argentina,0,1
1357,2003,Bahrain,0,1
1358,2003,Bangladesh,0,4
1359,2003,Belgium,0,8
1360,2003,Bolivia,0,1
1361,2003,Bosnia-Herzegovina,0,1
1362,2003,Brazil,0,1
1363,2003,Burundi,0,18
1364,2003,Cambodia,0,1
1365,2003,Chile,0,2
1366,2003,China,0,3
1367,2003,Colombia,0,95
1368,2003,Colombia,1,3
1369,2003,Czech Republic,0,1
1370,2003,Democratic Republic of the Congo,0,6
1371,2003,East Timor,0,2
1372,2003,Ecuador,0,4
1373,2003,Ethiopia,0,1
1374,2003,France,0,34
1375,2003,Georgia,0,6
1376,2003,Germany,0,2
1377,2003,Greece,0,12
1378,2003,Guatemala,0,3
1379,2003,Guinea-Bissau,0,1
1380,2003,Guyana,0,1
1381,2003,Haiti,0,5
1382,2003,India,0,193
1383,2003,India,1,3
1384,2003,Indonesia,0,17
1385,2003,Indonesia,1,1
1386,2003,Iran,0,2
1387,2003,Iraq,0,82
1388,2003,Iraq,1,20
1389,2003,Ireland,0,1
1390,2003,Israel,0,20
1391,2003,Israel,1,18
1392,2003,Italy,0,15
1393,2003,Japan,0,2
1394,2003,Kenya,0,2
1395,2003,Kosovo,0,9
1396,2003,Kuwait,0,3
1397,2003,Kyrgyzstan,0,1
1398,2003,Laos,0,2
1399,2003,Lebanon,0,5
1400,2003,Liberia,0,2
1401,2003,Macedonia,0,5
1402,2003,Mexico,0,1
1403,2003,Morocco,1,5
1404,2003,Myanmar,0,9
1405,2003,Nepal,0,15
1406,2003,Netherlands,0,3
1407,2003,New Zealand,0,3
1408,2003,Nigeria,0,9
1409,2003,Norway,0,1
1410,2003,Pakistan,0,26
1411,2003,Pakistan,1,3
1412,2003,Peru,0,1
1413,2003,Philippines,0,105
1414,2003,Philippines,1,2
1415,2003,Republic of the Congo,0,1
1416,2003,Russia,0,66
1417,2003,Russia,1,10
1418,2003,Saudi Arabia,0,4
1419,2003,Saudi Arabia,1,4
1420,2003,Serbia-Montenegro,0,6
1421,2003,Solomon Islands,0,1
1422,2003,Somalia,0,1
1423,2003,South Korea,0,1
1424,2003,Spain,0,21
1425,2003,Sri Lanka,0,8
1426,2003,Sri Lanka,1,1
1427,2003,Swaziland,0,1
1428,2003,Switzerland,0,1
1429,2003,Thailand,0,6
1430,2003,Turkey,0,14
1431,2003,Turkey,1,5
1432,2003,Uganda,0,30
1433,2003,Ukraine,0,1
1434,2003,United Kingdom,0,23
1435,2003,United States,0,33
1436,2003,Venezuela,0,8
1437,2003,West Bank and Gaza Strip,0,32
1438,2003,West Bank and Gaza Strip,1,13
1439,2003,Yemen,0,7
1440,2003,Zimbabwe,0,1
1441,2004,Afghanistan,0,85
1442,2004,Afghanistan,1,3
1443,2004,Algeria,0,67
1444,2004,Bangladesh,0,11
1445,2004,Burundi,0,1
1446,2004,Canada,0,2
1447,2004,China,0,1
1448,2004,China,1,1
1449,2004,Colombia,0,36
1450,2004,Colombia,1,1
1451,2004,Cyprus,0,1
1452,2004,Democratic Republic of the Congo,0,5
1453,2004,Djibouti,0,1
1454,2004,Ecuador,0,2
1455,2004,Egypt,1,3
1456,2004,Ethiopia,0,2
1457,2004,France,0,11
1458,2004,Georgia,0,3
1459,2004,Germany,0,3
1460,2004,Greece,0,4
1461,2004,Guatemala,0,2
1462,2004,Haiti,0,2
1463,2004,Honduras,0,1
1464,2004,India,0,106
1465,2004,India,1,2
1466,2004,Indonesia,0,16
1467,2004,Indonesia,1,1
1468,2004,Iraq,0,250
1469,2004,Iraq,1,73
1470,2004,Israel,0,12
1471,2004,Israel,1,7
1472,2004,Italy,0,2
1473,2004,Italy,1,1
1474,2004,Ivory Coast,0,1
1475,2004,Kosovo,0,1
1476,2004,Lebanon,0,1
1477,2004,Mauritania,0,1
1478,2004,Mexico,0,1
1479,2004,Myanmar,0,2
1480,2004,Nepal,0,62
1481,2004,Netherlands,0,1
1482,2004,Nigeria,0,6
1483,2004,Pakistan,0,62
1484,2004,Pakistan,1,5
1485,2004,Peru,0,3
1486,2004,Philippines,0,32
1487,2004,Russia,0,36
1488,2004,Russia,1,8
1489,2004,Saudi Arabia,0,15
1490,2004,Saudi Arabia,1,2
1491,2004,Serbia-Montenegro,0,1
1492,2004,Somalia,0,1
1493,2004,Spain,0,31
1494,2004,Sri Lanka,0,32
1495,2004,Sri Lanka,1,1
1496,2004,Sudan,0,5
1497,2004,Syria,0,1
1498,2004,Taiwan,0,2
1499,2004,Tanzania,0,1
1500,2004,Thailand,0,44
1501,2004,Turkey,0,26
1502,2004,Turkey,1,1
1503,2004,Uganda,0,10
1504,2004,United Kingdom,0,5
1505,2004,United States,0,9
1506,2004,Uzbekistan,1,5
1507,2004,West Bank and Gaza Strip,0,26
1508,2004,West Bank and Gaza Strip,1,8
1509,2005,Afghanistan,0,142
1510,2005,Afghanistan,1,13
1511,2005,Algeria,0,104
1512,2005,Argentina,0,3
1513,2005,Bangladesh,0,17
1514,2005,Bangladesh,1,6
1515,2005,Bolivia,0,1
1516,2005,Bosnia-Herzegovina,0,1
1517,2005,Burundi,0,5
1518,2005,China,0,1
1519,2005,Colombia,0,42
1520,2005,Croatia,0,1
1521,2005,Democratic Republic of the Congo,0,5
1522,2005,East Timor,0,1
1523,2005,Egypt,1,2
1524,2005,Ethiopia,0,5
1525,2005,France,0,33
1526,2005,Georgia,0,6
1527,2005,Germany,0,3
1528,2005,Greece,0,6
1529,2005,Guinea,0,1
1530,2005,Guinea-Bissau,0,4
1531,2005,Haiti,0,1
1532,2005,Hong Kong,0,1
1533,2005,India,0,143
1534,2005,India,1,3
1535,2005,Indonesia,0,13
1536,2005,Indonesia,1,2
1537,2005,Iran,0,5
1538,2005,Iraq,0,451
1539,2005,Iraq,1,166
1540,2005,Israel,0,38
1541,2005,Israel,1,5
1542,2005,Italy,0,6
1543,2005,Ivory Coast,0,1
1544,2005,Jordan,0,1
1545,2005,Jordan,1,3
1546,2005,Kenya,0,2
1547,2005,Kosovo,0,8
1548,2005,Kuwait,0,2
1549,2005,Kyrgyzstan,0,2
1550,2005,Lebanon,0,17
1551,2005,Mali,0,1
1552,2005,Mauritania,0,1
1553,2005,Mexico,0,1
1554,2005,Myanmar,0,8
1555,2005,Nepal,0,70
1556,2005,Nigeria,0,9
1557,2005,Pakistan,0,72
1558,2005,Pakistan,1,5
1559,2005,Peru,0,2
1560,2005,Philippines,0,25
1561,2005,Qatar,1,1
1562,2005,Russia,0,64
1563,2005,Rwanda,0,1
1564,2005,Saudi Arabia,0,1
1565,2005,Senegal,0,1
1566,2005,Serbia-Montenegro,0,2
1567,2005,Somalia,0,6
1568,2005,Spain,0,24
1569,2005,Sri Lanka,0,133
1570,2005,Sudan,0,6
1571,2005,Sweden,0,3
1572,2005,Tajikistan,0,1
1573,2005,Thailand,0,155
1574,2005,Togo,0,1
1575,2005,Trinidad and Tobago,0,2
1576,2005,Turkey,0,40
1577,2005,Turkey,1,1
1578,2005,Uganda,0,11
1579,2005,United Kingdom,0,25
1580,2005,United Kingdom,1,4
1581,2005,United States,0,21
1582,2005,Uruguay,0,1
1583,2005,Uzbekistan,0,2
1584,2005,West Bank and Gaza Strip,0,36
1585,2005,West Bank and Gaza Strip,1,2
1586,2005,Yemen,0,7
1587,2006,Afghanistan,0,230
1588,2006,Afghanistan,1,52
1589,2006,Algeria,0,152
1590,2006,Australia,0,2
1591,2006,Austria,0,1
1592,2006,Bahrain,0,1
1593,2006,Bangladesh,0,23
1594,2006,Belarus,0,1
1595,2006,Bhutan,0,1
1596,2006,Bosnia-Herzegovina,0,1
1597,2006,Brazil,0,3
1598,2006,Burundi,0,5
1599,2006,Canada,0,2
1600,2006,Central African Republic,0,1
1601,2006,Chad,0,11
1602,2006,Chile,0,1
1603,2006,Colombia,0,43
1604,2006,Democratic Republic of the Congo,0,5
1605,2006,Egypt,0,5
1606,2006,Ethiopia,0,11
1607,2006,France,0,34
1608,2006,Georgia,0,3
1609,2006,Germany,0,4
1610,2006,Greece,0,23
1611,2006,Guatemala,0,4
1612,2006,Guinea-Bissau,0,1
1613,2006,Guyana,0,2
1614,2006,Haiti,0,1
1615,2006,India,0,165
1616,2006,India,1,2
1617,2006,Indonesia,0,10
1618,2006,Iran,0,14
1619,2006,Iraq,0,740
1620,2006,Iraq,1,98
1621,2006,Ireland,0,1
1622,2006,Israel,0,77
1623,2006,Israel,1,4
1624,2006,Italy,0,4
1625,2006,Ivory Coast,0,3
1626,2006,Jordan,0,1
1627,2006,Kenya,0,2
1628,2006,Kosovo,0,6
1629,2006,Kyrgyzstan,0,3
1630,2006,Lebanon,0,7
1631,2006,Lebanon,1,1
1632,2006,Lesotho,0,1
1633,2006,Macedonia,0,3
1634,2006,Madagascar,0,1
1635,2006,Maldives,0,1
1636,2006,Mexico,0,7
1637,2006,Moldova,0,1
1638,2006,Myanmar,0,2
1639,2006,Nepal,0,83
1640,2006,Nigeria,0,37
1641,2006,Norway,0,1
1642,2006,Pakistan,0,157
1643,2006,Pakistan,1,7
1644,2006,Peru,0,1
1645,2006,Philippines,0,58
1646,2006,Russia,0,54
1647,2006,Russia,1,2
1648,2006,Saudi Arabia,0,2
1649,2006,Saudi Arabia,1,1
1650,2006,Serbia-Montenegro,0,2
1651,2006,Somalia,0,8
1652,2006,Somalia,1,2
1653,2006,South Korea,0,1
1654,2006,Spain,0,23
1655,2006,Sri Lanka,0,208
1656,2006,Sri Lanka,1,9
1657,2006,Sudan,0,24
1658,2006,Swaziland,0,1
1659,2006,Sweden,0,1
1660,2006,Syria,0,1
1661,2006,Thailand,0,202
1662,2006,Turkey,0,41
1663,2006,Turkey,1,2
1664,2006,United Kingdom,0,6
1665,2006,United States,0,6
1666,2006,West Bank and Gaza Strip,0,33
1667,2006,West Bank and Gaza Strip,1,2
1668,2006,Yemen,0,4
1669,2006,Yemen,1,1
1670,2006,Zimbabwe,0,1
1671,2007,Afghanistan,0,265
1672,2007,Afghanistan,1,76
1673,2007,Algeria,0,119
1674,2007,Algeria,1,5
1675,2007,Armenia,0,1
1676,2007,Austria,0,1
1677,2007,Azerbaijan,0,1
1678,2007,Bangladesh,0,9
1679,2007,Belgium,0,1
1680,2007,Benin,0,1
1681,2007,Bolivia,0,3
1682,2007,Bosnia-Herzegovina,0,2
1683,2007,Burundi,0,3
1684,2007,Cameroon,0,1
1685,2007,Central African Republic,0,1
1686,2007,Chad,0,7
1687,2007,Chile,0,8
1688,2007,Colombia,0,30
1689,2007,Cuba,0,1
1690,2007,Cyprus,0,1
1691,2007,Democratic Republic of the Congo,0,11
1692,2007,East Timor,0,2
1693,2007,Eritrea,0,2
1694,2007,Ethiopia,0,5
1695,2007,Finland,1,1
1696,2007,France,0,16
1697,2007,Germany,0,3
1698,2007,Greece,0,15
1699,2007,Haiti,0,2
1700,2007,India,0,146
1701,2007,India,1,3
1702,2007,Indonesia,0,2
1703,2007,Iran,0,8
1704,2007,Iran,1,1
1705,2007,Iraq,0,839
1706,2007,Iraq,1,208
1707,2007,Ireland,0,1
1708,2007,Israel,0,52
1709,2007,Israel,1,1
1710,2007,Ivory Coast,0,1
1711,2007,Jamaica,0,1
1712,2007,Kenya,0,11
1713,2007,Kenya,1,1
1714,2007,Kosovo,0,5
1715,2007,Kyrgyzstan,0,1
1716,2007,Latvia,0,1
1717,2007,Lebanon,0,17
1718,2007,Lebanon,1,1
1719,2007,Libya,0,1
1720,2007,Macedonia,0,1
1721,2007,Maldives,0,1
1722,2007,Mali,0,5
1723,2007,Mexico,0,10
1724,2007,Montenegro,0,1
1725,2007,Morocco,1,6
1726,2007,Mozambique,0,1
1727,2007,Myanmar,0,3
1728,2007,Nepal,0,90
1729,2007,Niger,0,7
1730,2007,Nigeria,0,61
1731,2007,Pakistan,0,202
1732,2007,Pakistan,1,58
1733,2007,Papua New Guinea,0,1
1734,2007,Peru,0,4
1735,2007,Philippines,0,65
1736,2007,Russia,0,49
1737,2007,Russia,1,2
1738,2007,Saudi Arabia,0,1
1739,2007,Senegal,0,1
1740,2007,Somalia,0,153
1741,2007,Somalia,1,3
1742,2007,South Africa,0,2
1743,2007,Spain,0,11
1744,2007,Sri Lanka,0,126
1745,2007,Sri Lanka,1,6
1746,2007,Sudan,0,23
1747,2007,Switzerland,0,2
1748,2007,Tajikistan,0,1
1749,2007,Thailand,0,293
1750,2007,Tunisia,0,1
1751,2007,Turkey,0,29
1752,2007,Uganda,0,1
1753,2007,Ukraine,0,1
1754,2007,United Kingdom,0,19
1755,2007,United Kingdom,1,1
1756,2007,United States,0,8
1757,2007,Venezuela,0,2
1758,2007,West Bank and Gaza Strip,0,88
1759,2007,Western Sahara,0,1
1760,2007,Yemen,0,6
1761,2007,Yemen,1,1
1762,2007,Zimbabwe,0,1
1763,2008,Afghanistan,0,357
1764,2008,Afghanistan,1,57
1765,2008,Algeria,0,96
1766,2008,Algeria,1,11
1767,2008,Australia,0,3
1768,2008,Austria,0,7
1769,2008,Azerbaijan,0,2
1770,2008,Bahrain,0,1
1771,2008,Bangladesh,0,19
1772,2008,Belarus,0,1
1773,2008,Bhutan,0,3
1774,2008,Bosnia-Herzegovina,0,4
1775,2008,Bulgaria,0,2
1776,2008,Burundi,0,7
1777,2008,Cambodia,0,2
1778,2008,Cameroon,0,1
1779,2008,Canada,0,5
1780,2008,Central African Republic,0,2
1781,2008,Chad,0,8
1782,2008,Chile,0,4
1783,2008,China,0,18
1784,2008,China,1,2
1785,2008,Colombia,0,133
1786,2008,Croatia,0,2
1787,2008,Czech Republic,0,2
1788,2008,Democratic Republic of the Congo,0,20
1789,2008,Denmark,0,1
1790,2008,East Timor,0,1
1791,2008,Ecuador,0,2
1792,2008,Egypt,0,1
1793,2008,Eritrea,0,2
1794,2008,Ethiopia,0,8
1795,2008,Finland,0,1
1796,2008,France,0,13
1797,2008,Georgia,0,33
1798,2008,Germany,0,3
1799,2008,Greece,0,53
1800,2008,Guyana,0,3
1801,2008,Hong Kong,0,1
1802,2008,Hungary,0,2
1803,2008,India,0,528
1804,2008,India,1,6
1805,2008,Indonesia,0,13
1806,2008,Iran,0,7
1807,2008,Iran,1,1
1808,2008,Iraq,0,1000
1809,2008,Iraq,1,106
1810,2008,Ireland,0,5
1811,2008,Israel,0,131
1812,2008,Israel,1,3
1813,2008,Italy,0,2
1814,2008,Japan,0,3
1815,2008,Kazakhstan,0,1
1816,2008,Kenya,0,11
1817,2008,Kosovo,0,11
1818,2008,Lebanon,0,57
1819,2008,Lebanon,1,1
1820,2008,Liberia,0,1
1821,2008,Libya,0,1
1822,2008,Macedonia,0,9
1823,2008,Malaysia,0,2
1824,2008,Maldives,0,1
1825,2008,Mali,0,9
1826,2008,Mauritania,0,2
1827,2008,Mexico,0,7
1828,2008,Mexico,1,1
1829,2008,Myanmar,0,20
1830,2008,Nepal,0,120
1831,2008,Netherlands,0,1
1832,2008,New Zealand,0,5
1833,2008,Niger,0,9
1834,2008,Nigeria,0,76
1835,2008,Pakistan,0,531
1836,2008,Pakistan,1,37
1837,2008,Peru,0,1
1838,2008,Philippines,0,275
1839,2008,Philippines,1,1
1840,2008,Romania,0,1
1841,2008,Russia,0,169
1842,2008,Russia,1,1
1843,2008,Rwanda,0,1
1844,2008,Senegal,0,2
1845,2008,Serbia,0,4
1846,2008,Somalia,0,169
1847,2008,Somalia,1,3
1848,2008,South Africa,0,1
1849,2008,Spain,0,37
1850,2008,Sri Lanka,0,87
1851,2008,Sri Lanka,1,13
1852,2008,Sudan,0,32
1853,2008,Swaziland,0,3
1854,2008,Sweden,0,1
1855,2008,Syria,1,1
1856,2008,Taiwan,0,1
1857,2008,Tanzania,0,1
1858,2008,Thailand,0,200
1859,2008,Tunisia,0,2
1860,2008,Turkey,0,31
1861,2008,Turkey,1,1
1862,2008,Uganda,0,7
1863,2008,Ukraine,0,1
1864,2008,United Kingdom,0,39
1865,2008,United States,0,18
1866,2008,Venezuela,0,1
1867,2008,West Bank and Gaza Strip,0,63
1868,2008,Yemen,0,20
1869,2008,Yemen,1,2
1870,2008,Zimbabwe,0,5
1871,2009,Afghanistan,0,458
1872,2009,Afghanistan,1,45
1873,2009,Albania,0,1
1874,2009,Algeria,0,105
1875,2009,Algeria,1,3
1876,2009,Angola,0,1
1877,2009,Argentina,0,1
1878,2009,Armenia,0,1
1879,2009,Australia,0,1
1880,2009,Austria,0,3
1881,2009,Azerbaijan,0,2
1882,2009,Bangladesh,0,27
1883,2009,Belgium,0,1
1884,2009,Bolivia,0,3
1885,2009,Bosnia-Herzegovina,0,1
1886,2009,Cameroon,0,1
1887,2009,Canada,0,4
1888,2009,Central African Republic,0,5
1889,2009,Chad,0,3
1890,2009,Chile,0,8
1891,2009,China,0,6
1892,2009,China,1,1
1893,2009,Colombia,0,139
1894,2009,Croatia,0,1
1895,2009,Czech Republic,0,1
1896,2009,Democratic Republic of the Congo,0,54
1897,2009,Ecuador,0,1
1898,2009,Egypt,0,2
1899,2009,Equatorial Guinea,0,1
1900,2009,Eritrea,0,1
1901,2009,Ethiopia,0,2
1902,2009,France,0,9
1903,2009,Georgia,0,25
1904,2009,Germany,0,4
1905,2009,Greece,0,115
1906,2009,Guinea-Bissau,0,1
1907,2009,Honduras,0,8
1908,2009,Hungary,0,1
1909,2009,India,0,671
1910,2009,India,1,1
1911,2009,Indonesia,0,17
1912,2009,Indonesia,1,2
1913,2009,Iran,0,13
1914,2009,Iran,1,2
1915,2009,Iraq,0,1081
1916,2009,Iraq,1,56
1917,2009,Israel,0,36
1918,2009,Italy,0,4
1919,2009,Japan,0,1
1920,2009,Kenya,0,1
1921,2009,Kosovo,0,1
1922,2009,Lebanon,0,14
1923,2009,Lesotho,0,1
1924,2009,Macedonia,0,1
1925,2009,Madagascar,0,1
1926,2009,Malaysia,0,1
1927,2009,Mali,0,6
1928,2009,Mauritania,0,4
1929,2009,Mauritania,1,1
1930,2009,Mexico,0,1
1931,2009,Moldova,0,1
1932,2009,Myanmar,0,14
1933,2009,Nepal,0,39
1934,2009,Netherlands,0,1
1935,2009,Niger,0,4
1936,2009,Nigeria,0,42
1937,2009,Pakistan,0,620
1938,2009,Pakistan,1,47
1939,2009,Panama,0,1
1940,2009,Peru,0,4
1941,2009,Philippines,0,229
1942,2009,Russia,0,147
1943,2009,Russia,1,5
1944,2009,Rwanda,0,1
1945,2009,Saudi Arabia,0,2
1946,2009,Saudi Arabia,1,1
1947,2009,Senegal,0,3
1948,2009,Serbia,0,3
1949,2009,Somalia,0,120
1950,2009,Somalia,1,2
1951,2009,Spain,0,21
1952,2009,Sri Lanka,0,25
1953,2009,Sri Lanka,1,12
1954,2009,Sudan,0,26
1955,2009,Sweden,0,1
1956,2009,Tajikistan,0,1
1957,2009,Thailand,0,298
1958,2009,Turkey,0,12
1959,2009,Turkey,1,1
1960,2009,Uganda,0,2
1961,2009,Ukraine,0,2
1962,2009,United Kingdom,0,23
1963,2009,United States,0,10
1964,2009,United States,1,1
1965,2009,Uzbekistan,0,1
1966,2009,Uzbekistan,1,1
1967,2009,Venezuela,0,3
1968,2009,West Bank and Gaza Strip,0,10
1969,2009,Yemen,0,21
1970,2009,Yemen,1,2
1971,2010,Afghanistan,0,490
1972,2010,Afghanistan,1,52
1973,2010,Algeria,0,97
1974,2010,Algeria,1,3
1975,2010,Angola,0,2
1976,2010,Argentina,0,5
1977,2010,Australia,0,1
1978,2010,Bahrain,0,2
1979,2010,Bangladesh,0,21
1980,2010,Bangladesh,1,1
1981,2010,Belarus,0,2
1982,2010,Bosnia-Herzegovina,0,1
1983,2010,Burundi,0,29
1984,2010,Cameroon,0,3
1985,2010,Canada,0,2
1986,2010,Central African Republic,0,13
1987,2010,Chad,0,1
1988,2010,Chile,0,5
1989,2010,China,0,1
1990,2010,Colombia,0,136
1991,2010,Democratic Republic of the Congo,0,18
1992,2010,Denmark,0,1
1993,2010,Egypt,0,2
1994,2010,Eritrea,0,1
1995,2010,Ethiopia,0,2
1996,2010,France,0,3
1997,2010,Georgia,0,7
1998,2010,Germany,0,1
1999,2010,Greece,0,49
2000,2010,India,0,663
2001,2010,Indonesia,0,4
2002,2010,Iran,0,12
2003,2010,Iran,1,2
2004,2010,Iraq,0,1129
2005,2010,Iraq,1,50
2006,2010,Ireland,0,4
2007,2010,Israel,0,13
2008,2010,Israel,1,1
2009,2010,Italy,0,10
2010,2010,Ivory Coast,0,7
2011,2010,Jordan,0,2
2012,2010,Kenya,0,12
2013,2010,Kosovo,0,1
2014,2010,Kyrgyzstan,0,1
2015,2010,Lebanon,0,5
2016,2010,Mali,0,1
2017,2010,Mauritania,1,1
2018,2010,Mexico,0,5
2019,2010,Myanmar,0,10
2020,2010,Myanmar,1,1
2021,2010,Nepal,0,38
2022,2010,Netherlands,0,1
2023,2010,Niger,0,3
2024,2010,Nigeria,0,63
2025,2010,Norway,0,1
2026,2010,Pakistan,0,679
2027,2010,Pakistan,1,34
2028,2010,Paraguay,0,2
2029,2010,Philippines,0,204
2030,2010,Philippines,1,1
2031,2010,Poland,0,1
2032,2010,Russia,0,240
2033,2010,Russia,1,11
2034,2010,Rwanda,0,8
2035,2010,Senegal,0,1
2036,2010,Serbia,0,1
2037,2010,Somalia,0,126
2038,2010,Somalia,1,4
2039,2010,Spain,0,3
2040,2010,Sri Lanka,0,3
2041,2010,Sudan,0,28
2042,2010,Sweden,0,2
2043,2010,Sweden,1,1
2044,2010,Tajikistan,1,1
2045,2010,Tanzania,0,1
2046,2010,Thailand,0,253
2047,2010,Trinidad and Tobago,0,1
2048,2010,Turkey,0,20
2049,2010,Uganda,0,4
2050,2010,Uganda,1,2
2051,2010,Ukraine,0,4
2052,2010,United Arab Emirates,0,1
2053,2010,United Arab Emirates,1,1
2054,2010,United Kingdom,0,57
2055,2010,United States,0,15
2056,2010,United States,1,2
2057,2010,West Bank and Gaza Strip,0,11
2058,2010,Yemen,0,105
2059,2010,Yemen,1,7
2060,2010,Zimbabwe,0,1
2061,2011,Afghanistan,0,341
2062,2011,Afghanistan,1,80
2063,2011,Algeria,0,14
2064,2011,Algeria,1,1
2065,2011,Argentina,0,1
2066,2011,Austria,0,1
2067,2011,Bahrain,0,1
2068,2011,Bangladesh,0,13
2069,2011,Belarus,0,1
2070,2011,Bhutan,0,1
2071,2011,Bosnia-Herzegovina,0,1
2072,2011,Bulgaria,0,2
2073,2011,Burundi,0,8
2074,2011,Cameroon,0,3
2075,2011,Central African Republic,0,3
2076,2011,Chile,0,6
2077,2011,China,0,4
2078,2011,Colombia,0,94
2079,2011,Czech Republic,0,1
2080,2011,Democratic Republic of the Congo,0,16
2081,2011,Ecuador,0,1
2082,2011,Egypt,0,16
2083,2011,Egypt,1,2
2084,2011,Eritrea,0,1
2085,2011,Estonia,0,1
2086,2011,Ethiopia,0,3
2087,2011,France,0,8
2088,2011,Georgia,0,3
2089,2011,Germany,0,8
2090,2011,Greece,0,11
2091,2011,Honduras,0,1
2092,2011,India,0,645
2093,2011,Indonesia,0,19
2094,2011,Indonesia,1,2
2095,2011,Iran,0,13
2096,2011,Iraq,0,1262
2097,2011,Iraq,1,46
2098,2011,Ireland,0,4
2099,2011,Israel,0,50
2100,2011,Israel,1,1
2101,2011,Italy,0,5
2102,2011,Ivory Coast,0,3
2103,2011,Kazakhstan,0,3
2104,2011,Kazakhstan,1,2
2105,2011,Kenya,0,42
2106,2011,Kosovo,0,1
2107,2011,Kuwait,0,1
2108,2011,Kyrgyzstan,0,1
2109,2011,Lebanon,0,10
2110,2011,Libya,0,2
2111,2011,Madagascar,0,1
2112,2011,Mali,0,4
2113,2011,Mauritania,0,2
2114,2011,Mauritania,1,1
2115,2011,Mexico,0,2
2116,2011,Morocco,0,1
2117,2011,Myanmar,0,2
2118,2011,Nepal,0,46
2119,2011,Netherlands,0,2
2120,2011,Niger,0,2
2121,2011,Nigeria,0,171
2122,2011,Nigeria,1,4
2123,2011,Norway,0,3
2124,2011,Pakistan,0,969
2125,2011,Pakistan,1,43
2126,2011,Paraguay,0,4
2127,2011,Philippines,0,151
2128,2011,Portugal,0,2
2129,2011,Russia,0,182
2130,2011,Russia,1,6
2131,2011,Rwanda,0,2
2132,2011,Saudi Arabia,0,2
2133,2011,Senegal,0,4
2134,2011,Somalia,0,177
2135,2011,Somalia,1,8
2136,2011,Sudan,0,38
2137,2011,Sweden,0,1
2138,2011,Switzerland,0,3
2139,2011,Syria,0,47
2140,2011,Syria,1,2
2141,2011,Thailand,0,182
2142,2011,Tunisia,0,2
2143,2011,Tunisia,1,1
2144,2011,Turkey,0,49
2145,2011,Turkey,1,2
2146,2011,Ukraine,0,3
2147,2011,United Kingdom,0,47
2148,2011,United States,0,10
2149,2011,West Bank and Gaza Strip,0,20
2150,2011,Yemen,0,111
2151,2011,Yemen,1,7
2152,2011,Zimbabwe,0,1
2153,2012,Afghanistan,0,1333
2154,2012,Afghanistan,1,136
2155,2012,Algeria,0,39
2156,2012,Algeria,1,2
2157,2012,Argentina,0,2
2158,2012,Bahrain,0,26
2159,2012,Bangladesh,0,18
2160,2012,Belarus,0,3
2161,2012,Belgium,0,1
2162,2012,Bolivia,0,1
2163,2012,Brazil,0,1
2164,2012,Bulgaria,0,1
2165,2012,Bulgaria,1,1
2166,2012,Burundi,0,4
2167,2012,Canada,0,3
2168,2012,Central African Republic,0,4
2169,2012,Chile,0,2
2170,2012,China,0,2
2171,2012,China,1,2
2172,2012,Colombia,0,115
2173,2012,Cyprus,0,1
2174,2012,Democratic Republic of the Congo,0,25
2175,2012,Ecuador,0,1
2176,2012,Egypt,0,49
2177,2012,Ethiopia,0,3
2178,2012,France,0,66
2179,2012,Georgia,0,3
2180,2012,Germany,0,5
2181,2012,Greece,0,22
2182,2012,Guatemala,0,1
2183,2012,Guinea-Bissau,0,1
2184,2012,Iceland,0,1
2185,2012,India,0,610
2186,2012,India,1,1
2187,2012,Indonesia,0,39
2188,2012,Iran,0,4
2189,2012,Iran,1,1
2190,2012,Iraq,0,1368
2191,2012,Iraq,1,69
2192,2012,Ireland,0,29
2193,2012,Israel,0,64
2194,2012,Israel,1,1
2195,2012,Italy,0,10
2196,2012,Ivory Coast,0,16
2197,2012,Jordan,0,2
2198,2012,Kazakhstan,0,4
2199,2012,Kenya,0,80
2200,2012,Kosovo,0,4
2201,2012,Laos,0,1
2202,2012,Lebanon,0,15
2203,2012,Liberia,0,1
2204,2012,Libya,0,57
2205,2012,Macedonia,0,1
2206,2012,Madagascar,0,1
2207,2012,Malaysia,0,2
2208,2012,Maldives,0,1
2209,2012,Mali,0,19
2210,2012,Mexico,0,16
2211,2012,Moldova,0,1
2212,2012,Mozambique,0,1
2213,2012,Myanmar,0,17
2214,2012,Nepal,0,46
2215,2012,Niger,0,1
2216,2012,Nigeria,0,580
2217,2012,Nigeria,1,36
2218,2012,Pakistan,0,1602
2219,2012,Pakistan,1,52
2220,2012,Paraguay,0,4
2221,2012,Peru,0,6
2222,2012,Philippines,0,249
2223,2012,Russia,0,143
2224,2012,Russia,1,8
2225,2012,Rwanda,0,6
2226,2012,Saudi Arabia,0,6
2227,2012,Senegal,0,12
2228,2012,Serbia,0,3
2229,2012,Somalia,0,308
2230,2012,Somalia,1,17
2231,2012,South Africa,0,4
2232,2012,South Sudan,0,5
2233,2012,Spain,0,1
2234,2012,Sri Lanka,0,4
2235,2012,Sudan,0,40
2236,2012,Sweden,0,2
2237,2012,Syria,0,143
2238,2012,Syria,1,37
2239,2012,Tajikistan,0,5
2240,2012,Thailand,0,279
2241,2012,Tunisia,0,3
2242,2012,Turkey,0,185
2243,2012,Turkey,1,3
2244,2012,Uganda,0,4
2245,2012,Ukraine,0,8
2246,2012,United Kingdom,0,55
2247,2012,United States,0,20
2248,2012,Venezuela,0,1
2249,2012,West Bank and Gaza Strip,0,23
2250,2012,Yemen,0,276
2251,2012,Yemen,1,36
2252,2013,Afghanistan,0,1313
2253,2013,Afghanistan,1,130
2254,2013,Albania,0,1
2255,2013,Algeria,0,21
2256,2013,Algeria,1,1
2257,2013,Argentina,0,2
2258,2013,Armenia,0,1
2259,2013,Australia,0,1
2260,2013,Austria,0,1
2261,2013,Bahamas,0,1
2262,2013,Bahrain,0,52
2263,2013,Bangladesh,0,139
2264,2013,Belize,0,1
2265,2013,Bosnia-Herzegovina,0,1
2266,2013,Brazil,0,3
2267,2013,Bulgaria,0,3
2268,2013,Burkina Faso,0,1
2269,2013,Burundi,0,2
2270,2013,Cambodia,0,2
2271,2013,Cameroon,0,3
2272,2013,Canada,0,4
2273,2013,Central African Republic,0,20
2274,2013,Chile,0,5
2275,2013,China,0,12
2276,2013,Colombia,0,149
2277,2013,Croatia,0,2
2278,2013,Cyprus,0,9
2279,2013,Czech Republic,1,1
2280,2013,Democratic Republic of the Congo,0,22
2281,2013,Denmark,0,1
2282,2013,Dominican Republic,0,1
2283,2013,Ecuador,0,2
2284,2013,Egypt,0,312
2285,2013,Egypt,1,9
2286,2013,Ethiopia,0,4
2287,2013,Ethiopia,1,1
2288,2013,France,0,18
2289,2013,Georgia,0,2
2290,2013,Greece,0,54
2291,2013,Guatemala,0,6
2292,2013,Guinea,0,2
2293,2013,Honduras,0,2
2294,2013,India,0,691
2295,2013,India,1,3
2296,2013,Indonesia,0,31
2297,2013,Indonesia,1,1
2298,2013,Iran,0,10
2299,2013,Iran,1,1
2300,2013,Iraq,0,2579
2301,2013,Iraq,1,273
2302,2013,Ireland,0,27
2303,2013,Israel,0,37
2304,2013,Italy,0,7
2305,2013,Ivory Coast,0,4
2306,2013,Japan,0,1
2307,2013,Jordan,0,1
2308,2013,Kazakhstan,0,4
2309,2013,Kenya,0,79
2310,2013,Kenya,1,1
2311,2013,Kosovo,0,6
2312,2013,Lebanon,0,115
2313,2013,Lebanon,1,6
2314,2013,Libya,0,289
2315,2013,Libya,1,2
2316,2013,Madagascar,0,2
2317,2013,Malaysia,0,13
2318,2013,Maldives,0,3
2319,2013,Mali,0,40
2320,2013,Mali,1,18
2321,2013,Mexico,0,8
2322,2013,Montenegro,0,2
2323,2013,Mozambique,0,18
2324,2013,Myanmar,0,18
2325,2013,Nepal,0,104
2326,2013,Niger,0,2
2327,2013,Niger,1,2
2328,2013,Nigeria,0,342
2329,2013,Nigeria,1,4
2330,2013,Pakistan,0,2135
2331,2013,Pakistan,1,80
2332,2013,Paraguay,0,10
2333,2013,Peru,0,10
2334,2013,Philippines,0,650
2335,2013,Philippines,1,1
2336,2013,Republic of the Congo,0,1
2337,2013,Russia,0,135
2338,2013,Russia,1,9
2339,2013,Rwanda,0,4
2340,2013,Saudi Arabia,0,6
2341,2013,Senegal,0,3
2342,2013,Somalia,0,325
2343,2013,Somalia,1,17
2344,2013,South Africa,0,13
2345,2013,South Sudan,0,13
2346,2013,Spain,0,5
2347,2013,Sri Lanka,0,14
2348,2013,Sudan,0,46
2349,2013,Switzerland,0,2
2350,2013,Syria,0,249
2351,2013,Syria,1,36
2352,2013,Taiwan,0,2
2353,2013,Tanzania,0,7
2354,2013,Thailand,0,472
2355,2013,Trinidad and Tobago,0,3
2356,2013,Tunisia,0,25
2357,2013,Tunisia,1,4
2358,2013,Turkey,0,41
2359,2013,Turkey,1,1
2360,2013,Ukraine,0,4
2361,2013,Ukraine,1,1
2362,2013,United Arab Emirates,0,1
2363,2013,United Kingdom,0,137
2364,2013,United States,0,20
2365,2013,Venezuela,0,1
2366,2013,West Bank and Gaza Strip,0,64
2367,2013,Yemen,0,405
2368,2013,Yemen,1,20
2369,2013,Zimbabwe,0,3
2370,2014,Afghanistan,0,1637
2371,2014,Afghanistan,1,187
2372,2014,Albania,0,2
2373,2014,Algeria,0,12
2374,2014,Algeria,1,1
2375,2014,Argentina,0,1
2376,2014,Australia,0,8
2377,2014,Azerbaijan,0,3
2378,2014,Bahrain,0,42
2379,2014,Bangladesh,0,130
2380,2014,Belgium,0,2
2381,2014,Bhutan,0,1
2382,2014,Bosnia-Herzegovina,0,3
2383,2014,Brazil,0,3
2384,2014,Bulgaria,0,1
2385,2014,Burundi,0,5
2386,2014,Cameroon,0,68
2387,2014,Canada,0,3
2388,2014,Central African Republic,0,94
2389,2014,Chad,0,1
2390,2014,Chile,0,17
2391,2014,China,0,34
2392,2014,China,1,3
2393,2014,Colombia,0,231
2394,2014,Cyprus,0,5
2395,2014,Czech Republic,0,5
2396,2014,Democratic Republic of the Congo,0,110
2397,2014,Djibouti,1,1
2398,2014,Dominican Republic,0,1
2399,2014,Egypt,0,349
2400,2014,Egypt,1,5
2401,2014,Ethiopia,0,2
2402,2014,France,0,14
2403,2014,Georgia,0,2
2404,2014,Germany,0,13
2405,2014,Ghana,0,1
2406,2014,Greece,0,26
2407,2014,Honduras,0,1
2408,2014,Hungary,0,1
2409,2014,Iceland,0,1
2410,2014,India,0,859
2411,2014,India,1,1
2412,2014,Indonesia,0,35
2413,2014,Iran,0,9
2414,2014,Iraq,0,3626
2415,2014,Iraq,1,307
2416,2014,Ireland,0,33
2417,2014,Israel,0,293
2418,2014,Italy,0,7
2419,2014,Ivory Coast,0,1
2420,2014,Jamaica,0,1
2421,2014,Japan,0,5
2422,2014,Jordan,0,3
2423,2014,Kenya,0,115
2424,2014,Kosovo,0,4
2425,2014,Kyrgyzstan,0,2
2426,2014,Lebanon,0,191
2427,2014,Lebanon,1,13
2428,2014,Liberia,0,1
2429,2014,Libya,0,714
2430,2014,Libya,1,14
2431,2014,Macedonia,0,3
2432,2014,Madagascar,0,1
2433,2014,Malaysia,0,12
2434,2014,Maldives,0,9
2435,2014,Mali,0,65
2436,2014,Mali,1,4
2437,2014,Malta,0,1
2438,2014,Mexico,0,5
2439,2014,Mozambique,0,22
2440,2014,Myanmar,0,15
2441,2014,Nepal,0,7
2442,2014,Netherlands,0,1
2443,2014,New Zealand,0,1
2444,2014,Nicaragua,0,2
2445,2014,Niger,0,5
2446,2014,Nigeria,0,674
2447,2014,Nigeria,1,40
2448,2014,Pakistan,0,2108
2449,2014,Pakistan,1,43
2450,2014,Paraguay,0,15
2451,2014,Peru,0,12
2452,2014,Philippines,0,597
2453,2014,Russia,0,47
2454,2014,Russia,1,1
2455,2014,Rwanda,0,2
2456,2014,Saudi Arabia,0,13
2457,2014,Saudi Arabia,1,1
2458,2014,Senegal,0,2
2459,2014,Somalia,0,848
2460,2014,Somalia,1,24
2461,2014,South Africa,0,20
2462,2014,South Sudan,0,40
2463,2014,Spain,0,3
2464,2014,Spain,1,1
2465,2014,Sri Lanka,0,16
2466,2014,Sudan,0,157
2467,2014,Sweden,0,5
2468,2014,Syria,0,278
2469,2014,Syria,1,53
2470,2014,Taiwan,0,1
2471,2014,Tajikistan,0,1
2472,2014,Tanzania,0,11
2473,2014,Thailand,0,423
2474,2014,Tunisia,0,23
2475,2014,Turkey,0,93
2476,2014,Turkey,1,1
2477,2014,Turkmenistan,0,1
2478,2014,Uganda,0,6
2479,2014,Ukraine,0,894
2480,2014,Ukraine,1,1
2481,2014,United Arab Emirates,0,2
2482,2014,United Kingdom,0,103
2483,2014,United States,0,28
2484,2014,United States,1,1
2485,2014,Venezuela,0,4
2486,2014,West Bank and Gaza Strip,0,128
2487,2014,West Bank and Gaza Strip,1,5
2488,2014,Yemen,0,726
2489,2014,Yemen,1,37
2490,2014,Zimbabwe,0,1
2491,2015,Afghanistan,0,1777
2492,2015,Afghanistan,1,151
2493,2015,Albania,0,4
2494,2015,Algeria,0,16
2495,2015,Argentina,0,1
2496,2015,Armenia,0,2
2497,2015,Australia,0,14
2498,2015,Bahrain,0,18
2499,2015,Bangladesh,0,468
2500,2015,Bangladesh,1,1
2501,2015,Bosnia-Herzegovina,0,6
2502,2015,Brazil,0,5
2503,2015,Bulgaria,0,2
2504,2015,Burkina Faso,0,6
2505,2015,Burundi,0,102
2506,2015,Cameroon,0,60
2507,2015,Cameroon,1,23
2508,2015,Canada,0,5
2509,2015,Central African Republic,0,48
2510,2015,Chad,0,14
2511,2015,Chad,1,13
2512,2015,Chile,0,1
2513,2015,China,0,14
2514,2015,China,1,3
2515,2015,Colombia,0,136
2516,2015,Cyprus,0,3
2517,2015,Czech Republic,0,4
2518,2015,Democratic Republic of the Congo,0,143
2519,2015,Denmark,0,4
2520,2015,Djibouti,0,1
2521,2015,Ecuador,0,1
2522,2015,Egypt,0,631
2523,2015,Egypt,1,16
2524,2015,Estonia,0,2
2525,2015,Ethiopia,0,7
2526,2015,Finland,0,9
2527,2015,France,0,32
2528,2015,France,1,5
2529,2015,Georgia,0,1
2530,2015,Germany,0,65
2531,2015,Greece,0,31
2532,2015,Guinea,0,2
2533,2015,Hungary,0,1
2534,2015,India,0,878
2535,2015,India,1,6
2536,2015,Indonesia,0,29
2537,2015,Iran,0,9
2538,2015,Iraq,0,2406
2539,2015,Iraq,1,345
2540,2015,Ireland,0,28
2541,2015,Israel,0,58
2542,2015,Italy,0,5
2543,2015,Ivory Coast,0,4
2544,2015,Japan,0,10
2545,2015,Jordan,0,4
2546,2015,Kenya,0,70
2547,2015,Kenya,1,1
2548,2015,Kosovo,0,2
2549,2015,Kuwait,1,1
2550,2015,Kyrgyzstan,0,3
2551,2015,Laos,0,2
2552,2015,Lebanon,0,40
2553,2015,Lebanon,1,4
2554,2015,Lesotho,0,1
2555,2015,Libya,0,515
2556,2015,Libya,1,28
2557,2015,Macedonia,0,4
2558,2015,Malaysia,0,5
2559,2015,Maldives,0,2
2560,2015,Mali,0,115
2561,2015,Mali,1,6
2562,2015,Malta,0,1
2563,2015,Mexico,0,19
2564,2015,Montenegro,0,1
2565,2015,Morocco,0,1
2566,2015,Mozambique,0,8
2567,2015,Myanmar,0,37
2568,2015,Nepal,0,48
2569,2015,Netherlands,0,3
2570,2015,Niger,0,35
2571,2015,Niger,1,6
2572,2015,Nigeria,0,511
2573,2015,Nigeria,1,127
2574,2015,Pakistan,0,1213
2575,2015,Pakistan,1,30
2576,2015,Paraguay,0,19
2577,2015,Peru,0,10
2578,2015,Philippines,0,721
2579,2015,Qatar,0,1
2580,2015,Russia,0,21
2581,2015,Saudi Arabia,0,95
2582,2015,Saudi Arabia,1,8
2583,2015,Senegal,0,2
2584,2015,Somalia,0,393
2585,2015,Somalia,1,25
2586,2015,South Africa,0,5
2587,2015,South Korea,0,1
2588,2015,South Sudan,0,53
2589,2015,South Sudan,1,1
2590,2015,Spain,0,1
2591,2015,Sri Lanka,0,11
2592,2015,Sudan,0,158
2593,2015,Sweden,0,32
2594,2015,Syria,0,414
2595,2015,Syria,1,77
2596,2015,Tajikistan,0,3
2597,2015,Tanzania,0,14
2598,2015,Thailand,0,278
2599,2015,Trinidad and Tobago,0,1
2600,2015,Tunisia,0,16
2601,2015,Tunisia,1,1
2602,2015,Turkey,0,417
2603,2015,Turkey,1,5
2604,2015,Uganda,0,10
2605,2015,Ukraine,0,637
2606,2015,United Kingdom,0,114
2607,2015,United States,0,37
2608,2015,United States,1,1
2609,2015,Uzbekistan,0,1
2610,2015,Venezuela,0,3
2611,2015,West Bank and Gaza Strip,0,245
2612,2015,West Bank and Gaza Strip,1,1
2613,2015,Yemen,0,627
2614,2015,Yemen,1,37
2615,2016,Afghanistan,0,1506
2616,2016,Afghanistan,1,111
2617,2016,Albania,0,2
2618,2016,Algeria,0,8
2619,2016,Algeria,1,1
2620,2016,Angola,0,2
2621,2016,Argentina,0,2
2622,2016,Armenia,0,2
2623,2016,Australia,0,9
2624,2016,Austria,0,3
2625,2016,Azerbaijan,0,1
2626,2016,Azerbaijan,1,1
2627,2016,Bahrain,0,3
2628,2016,Bangladesh,0,87
2629,2016,Bangladesh,1,1
2630,2016,Belgium,0,4
2631,2016,Belgium,1,2
2632,2016,Brazil,0,2
2633,2016,Bulgaria,0,1
2634,2016,Burkina Faso,0,10
2635,2016,Burundi,0,83
2636,2016,Cameroon,0,28
2637,2016,Cameroon,1,28
2638,2016,Canada,0,6
2639,2016,Central African Republic,0,38
2640,2016,Chad,0,3
2641,2016,Chad,1,2
2642,2016,Chile,0,18
2643,2016,China,0,5
2644,2016,Colombia,0,109
2645,2016,Cyprus,0,2
2646,2016,Czech Republic,0,2
2647,2016,Democratic Republic of the Congo,0,169
2648,2016,Denmark,0,1
2649,2016,Ecuador,0,2
2650,2016,Egypt,0,367
2651,2016,Egypt,1,9
2652,2016,Ethiopia,0,13
2653,2016,Finland,0,3
2654,2016,France,0,26
2655,2016,Georgia,0,4
2656,2016,Germany,0,44
2657,2016,Ghana,0,1
2658,2016,Greece,0,31
2659,2016,Guinea,0,1
2660,2016,Guyana,0,1
2661,2016,Haiti,0,1
2662,2016,Honduras,0,1
2663,2016,Hungary,0,1
2664,2016,India,0,1017
2665,2016,India,1,8
2666,2016,Indonesia,0,15
2667,2016,Indonesia,1,4
2668,2016,Iran,0,10
2669,2016,Iraq,0,2906
2670,2016,Iraq,1,454
2671,2016,Ireland,0,15
2672,2016,Israel,0,49
2673,2016,Israel,1,1
2674,2016,Italy,0,11
2675,2016,Ivory Coast,0,1
2676,2016,Japan,0,1
2677,2016,Jordan,0,7
2678,2016,Jordan,1,2
2679,2016,Kazakhstan,0,3
2680,2016,Kenya,0,64
2681,2016,Kenya,1,1
2682,2016,Kosovo,0,8
2683,2016,Kuwait,0,1
2684,2016,Kuwait,1,1
2685,2016,Kyrgyzstan,0,3
2686,2016,Kyrgyzstan,1,1
2687,2016,Laos,0,4
2688,2016,Lebanon,0,39
2689,2016,Lebanon,1,2
2690,2016,Libya,0,366
2691,2016,Libya,1,56
2692,2016,Madagascar,0,1
2693,2016,Malaysia,0,19
2694,2016,Maldives,0,1
2695,2016,Mali,0,96
2696,2016,Mali,1,3
2697,2016,Mexico,0,5
2698,2016,Moldova,0,1
2699,2016,Mozambique,0,79
2700,2016,Myanmar,0,74
2701,2016,Nepal,0,43
2702,2016,Netherlands,0,6
2703,2016,New Zealand,0,1
2704,2016,Niger,0,22
2705,2016,Niger,1,3
2706,2016,Nigeria,0,479
2707,2016,Nigeria,1,54
2708,2016,Pakistan,0,833
2709,2016,Pakistan,1,31
2710,2016,Panama,0,1
2711,2016,Paraguay,0,15
2712,2016,Peru,0,3
2713,2016,Philippines,0,632
2714,2016,Poland,0,2
2715,2016,Republic of the Congo,0,15
2716,2016,Russia,0,51
2717,2016,Russia,1,4
2718,2016,Rwanda,0,1
2719,2016,Saudi Arabia,0,117
2720,2016,Saudi Arabia,1,7
2721,2016,Sierra Leone,0,1
2722,2016,Slovak Republic,0,1
2723,2016,Somalia,0,562
2724,2016,Somalia,1,40
2725,2016,South Africa,0,27
2726,2016,South Korea,0,1
2727,2016,South Sudan,0,59
2728,2016,Spain,0,3
2729,2016,Sri Lanka,0,1
2730,2016,Sudan,0,173
2731,2016,Sweden,0,16
2732,2016,Switzerland,0,1
2733,2016,Syria,0,394
2734,2016,Syria,1,79
2735,2016,Taiwan,0,1
2736,2016,Tajikistan,0,2
2737,2016,Tanzania,0,3
2738,2016,Thailand,0,329
2739,2016,Tunisia,0,11
2740,2016,Tunisia,1,1
2741,2016,Turkey,0,518
2742,2016,Turkey,1,24
2743,2016,Uganda,0,15
2744,2016,Ukraine,0,61
2745,2016,United Kingdom,0,105
2746,2016,United States,0,64
2747,2016,Uruguay,0,1
2748,2016,Venezuela,0,6
2749,2016,West Bank and Gaza Strip,0,156
2750,2016,West Bank and Gaza Strip,1,1
2751,2016,Yemen,0,472
2752,2016,Yemen,1,53
2753,2017,Afghanistan,0,1283
2754,2017,Afghanistan,1,131
2755,2017,Albania,0,1
2756,2017,Algeria,0,11
2757,2017,Algeria,1,3
2758,2017,Angola,0,6
2759,2017,Argentina,0,3
2760,2017,Australia,0,3
2761,2017,Australia,1,1
2762,2017,Austria,0,1
2763,2017,Azerbaijan,0,2
2764,2017,Bahrain,0,21
2765,2017,Bangladesh,0,38
2766,2017,Bangladesh,1,3
2767,2017,Belgium,0,2
2768,2017,Belgium,1,1
2769,2017,Brazil,0,2
2770,2017,Burkina Faso,0,32
2771,2017,Burundi,0,21
2772,2017,Cameroon,0,57
2773,2017,Cameroon,1,37
2774,2017,Canada,0,12
2775,2017,Central African Republic,0,43
2776,2017,Chad,0,6
2777,2017,Chile,0,12
2778,2017,China,0,5
2779,2017,China,1,1
2780,2017,Colombia,0,117
2781,2017,Czech Republic,0,3
2782,2017,Democratic Republic of the Congo,0,143
2783,2017,Djibouti,0,1
2784,2017,Dominican Republic,0,1
2785,2017,Ecuador,0,3
2786,2017,Egypt,0,208
2787,2017,Egypt,1,16
2788,2017,Ethiopia,0,27
2789,2017,Finland,0,2
2790,2017,France,0,40
2791,2017,France,1,1
2792,2017,Gabon,0,4
2793,2017,Georgia,0,1
2794,2017,Germany,0,26
2795,2017,Germany,1,1
2796,2017,Greece,0,43
2797,2017,Honduras,0,1
2798,2017,India,0,960
2799,2017,India,1,6
2800,2017,Indonesia,0,25
2801,2017,Indonesia,1,2
2802,2017,Iran,0,9
2803,2017,Iran,1,2
2804,2017,Iraq,0,2136
2805,2017,Iraq,1,330
2806,2017,Ireland,0,17
2807,2017,Israel,0,32
2808,2017,Italy,0,8
2809,2017,Ivory Coast,0,13
2810,2017,Jamaica,0,2
2811,2017,Jordan,0,8
2812,2017,Kenya,0,97
2813,2017,Kosovo,0,8
2814,2017,Kyrgyzstan,0,2
2815,2017,Laos,0,1
2816,2017,Latvia,0,1
2817,2017,Lebanon,0,21
2818,2017,Lebanon,1,2
2819,2017,Liberia,0,1
2820,2017,Libya,0,181
2821,2017,Libya,1,9
2822,2017,Macedonia,0,1
2823,2017,Malawi,0,1
2824,2017,Malaysia,0,4
2825,2017,Maldives,0,2
2826,2017,Mali,0,140
2827,2017,Mali,1,1
2828,2017,Malta,0,3
2829,2017,Mexico,0,20
2830,2017,Mozambique,0,11
2831,2017,Myanmar,0,115
2832,2017,Nepal,0,247
2833,2017,Netherlands,0,1
2834,2017,Niger,0,12
2835,2017,Niger,1,1
2836,2017,Nigeria,0,360
2837,2017,Nigeria,1,124
2838,2017,Norway,0,1
2839,2017,Pakistan,0,688
2840,2017,Pakistan,1,31
2841,2017,Papua New Guinea,0,8
2842,2017,Paraguay,0,10
2843,2017,Peru,0,8
2844,2017,Philippines,0,691
2845,2017,Philippines,1,1
2846,2017,Poland,0,1
2847,2017,Russia,0,29
2848,2017,Russia,1,4
2849,2017,Rwanda,0,2
2850,2017,Saudi Arabia,0,53
2851,2017,Saudi Arabia,1,1
2852,2017,Serbia,0,1
2853,2017,Sierra Leone,0,3
2854,2017,Somalia,0,571
2855,2017,Somalia,1,43
2856,2017,South Africa,0,29
2857,2017,South Sudan,0,54
2858,2017,Spain,0,3
2859,2017,Spain,1,1
2860,2017,Sri Lanka,0,41
2861,2017,Sudan,0,106
2862,2017,Sweden,0,18
2863,2017,Syria,0,184
2864,2017,Syria,1,59
2865,2017,Taiwan,0,1
2866,2017,Tajikistan,0,2
2867,2017,Tanzania,0,6
2868,2017,Thailand,0,179
2869,2017,Tunisia,0,4
2870,2017,Turkey,0,172
2871,2017,Turkey,1,9
2872,2017,Uganda,0,13
2873,2017,Ukraine,0,60
2874,2017,Ukraine,1,1
2875,2017,United Kingdom,0,120
2876,2017,United Kingdom,1,2
2877,2017,United States,0,63
2878,2017,United States,1,2
2879,2017,Venezuela,0,17
2880,2017,Vietnam,0,2
2881,2017,West Bank and Gaza Strip,0,80
2882,2017,West Bank and Gaza Strip,1,3
2883,2017,Yemen,0,211
2884,2017,Yemen,1,15
2885,2017,Zambia,0,2
2886,2017,Zimbabwe,0,3
